tree
version=v4
num_class=1
num_tree_per_iteration=1
label_index=0
max_feature_idx=20
objective=binary sigmoid:1
feature_names=token_jaccard_full token_jaccard_core char_3gram_cosine levenshtein_ratio token_sort_ratio token_set_ratio initials_match name_length_diff legal_suffix_agreement token_jaccard_addr is_s1_address_blank is_cand_address_blank idf_weighted_token_overlap_addr house_number_soft_match city_fuzzy_match rank_in_candidates score_gap_to_next_best num_candidates_for_this_s1 name_token_rarity distinctive_token_jaccard shared_distinctive_token_count
feature_infos=[0:1] [0:1] [0:1] [0:1] [0:1] [0:1] [0:1] [0:11] [0:1] [0:1] none [0:1] [0:200.01885986328125] [0:1] [0:1] [1:25] [-1:0.73975789546966553] [6:15135] [0:12.449447631835938] [0:1] [0:3]
tree_sizes=6790 6821 6810 6874 6891 6916 6952 6943 7010 6951 6974 7040 6950 6992 7035 7071 6971 7090 6942 6963 6988 6946 6992 6978 6969 6973 6979 6979 7027 7028 7040 7006 7027 7024 7001 7021 7032 7045 7011 7005 6995 7021 7035 7099 7051 6987 7038 7004 7035 7037 7082 7083 7000 7012 7009 7013 7019 7025 7054 7017 7047 7050 7062 7032 7032 6977 7054 7021 7116 7097 7040 7016 7026 7105 7026 7052 6945 7081 7078 7087 7019 7035

Tree=0
num_leaves=63
num_cat=0
split_feature=9 15 9 15 11 9 9 15 5 15 0 9 9 5 5 15 5 6 18 15 14 6 1 13 0 0 6 12 5 9 5 1 0 0 0 6 1 18 5 6 9 6 1 15 15 12 5 7 15 19 9 14 5 9 15 9 6 1 1 0 9 13
split_gain=4.43494e+06 527214 838139 398187 202643 29508.4 8778.84 67367.2 18435.5 7258.66 6681.05 6299.09 6051.18 5958.19 5080.64 4857.78 4471.27 4133.69 3970.1 3724.46 3397.12 3236.83 2837.95 2151.76 2041.08 2182.52 1988.34 1721.72 1710.03 2292.14 1620.2 1537.7 1446.34 1353.23 2858.94 1585.48 1522.17 1259.12 1239.19 1206.1 1175.34 19855.6 13486 3961.62 2755.86 1900.8 1439.19 1298.61 1117.8 1105.21 1063.2 1264.81 1028.16 1008.81 1001.03 993.833 983.166 1912.39 960.908 950.209 942.869 923.847
threshold=0.5419580638408662 1.5000000000000002 0.16441441327333453 17.500000000000004 1.0000000180025095e-35 0.80476191639900219 0.41421568393707281 16.500000000000004 0.55898165702819835 16.500000000000004 0.42261904478073126 0.22792208194732669 0.12060606107115747 0.92637759447097789 0.47673159837722784 22.500000000000004 0.21846590936183932 1.0000000180025095e-35 4.1988844871521005 22.500000000000004 0.97366598248481762 1.0000000180025095e-35 0.30952382087707525 1.0000000180025095e-35 0.095454547554254546 0.48076923191547399 1.0000000180025095e-35 17.548258781433109 0.39052423834800726 0.63961037993431102 0.3948992937803269 0.90000000596046459 0.080128207802772536 0.48076923191547399 0.095454547554254546 1.0000000180025095e-35 0.46428571641445165 7.1830818653106698 0.27139568328857427 1.0000000180025095e-35 0.30602006614208227 1.0000000180025095e-35 0.63333335518836986 16.500000000000004 16.500000000000004 22.918395996093754 0.51389962434768688 1.0000000180025095e-35 20.500000000000004 1.0000000180025095e-35 0.2806250005960465 0.98837208747863781 0.77849927544593822 0.80476191639900219 6.5000000000000009 0.64495798945426952 1.0000000180025095e-35 0.58571431040763866 0.46428571641445165 0.48076923191547399 0.71825397014617931 1.0000000180025095e-35
decision_type=2 2 2 2 2 2 2 2 2 2 2 2 2 2 2 2 2 2 2 2 2 2 2 2 2 2 2 2 2 2 2 2 2 2 2 2 2 2 2 2 2 2 2 2 2 2 2 2 2 2 2 2 2 2 2 2 2 2 2 2 2 2
left_child=1 2 4 9 12 16 40 8 30 28 37 13 -1 27 53 38 19 31 -12 23 33 22 60 -5 -22 -26 50 -4 29 -2 -8 -14 54 34 -10 36 -36 -6 -7 58 -3 42 43 45 -43 46 -42 61 -25 56 51 -13 -39 -11 -32 -16 57 -20 -9 -44 -18 -47
right_child=3 6 11 5 10 15 7 39 20 14 18 26 17 -15 55 -17 21 -19 49 -21 24 -23 -24 48 25 -27 -28 -29 -30 -31 32 -33 -34 -35 35 -37 -38 52 -40 -41 41 44 59 -45 -46 47 -48 -49 -50 -51 -52 -53 -54 -55 -56 -57 -58 -59 -60 -61 -62 -63
leaf_value=-3.5707733242549713 -2.2089783392569879 -3.5842189980922496 -1.0933410512724295 -2.8351572725737499 -2.9107826186747809 -0.2806593811225091 -3.4056503659644295 -3.559825517730058 -0.26434433956513592 -3.1338676653055599 -2.3004441255778763 -0.71930737059616501 -3.3197749544542519 -0.51251576092393769 -1.7565578689009769 -2.695305357953965 -3.445560437618739 -1.0651215327633792 -2.1905068368336744 -3.4012756625999656 -0.41986057904363605 -0.48544883236411884 -0.8232462652173318 -3.0310838652134704 -3.1512058532023479 -1.0793312977166298 -0.14205675100602955 -2.560506919368152 -0.16918622026700847 -0.41200181038264905 -0.46147500168021915 -1.8565039423383496 -3.3695684144165803 -0.3726498341440907 -2.819163145653059 -0.24135330806034716 -1.04481171871234 -2.6303778915244931 -1.1817896735190438 -1.6992461344823417 -3.0921010040641255 -0.42976821123922537 -2.5360823262875272 -3.5801906252103985 -2.9273547291673552 -3.2742287666793621 -1.4240449707343279 -3.4125913095250247 -0.69621121992615898 -0.13992350332775105 -0.35790693275379093 -2.8103386834462851 -0.61370922782582227 -0.91864111235372459 -2.2811941899015804 -0.36652779105398858 -0.43313691722954273 -0.71203868077699006 -1.3477286816277365 -0.66576074655193418 -2.9121616083869792 -2.5798430555569807
leaf_weight=3096.3919134810567 9.2205276116728765 189124.00501601398 11.793025910854338 9.4517634138464945 14.654568962752821 29.222424499690533 37.63362680375576 2130.9246304556727 22.516586236655712 14.365524210035803 13.064822822809218 44.715223245322704 35.263459831476212 69.457454077899456 6.5035069361329105 16.273219577968121 411.28177864104509 14.278810784220694 10.029852919280527 19.45271185785532 6.8214561641216305 3.9021041616797438 4.3067668154835692 2.3412624970078495 14.018670506775381 7.9776351749896994 682.31904326379299 24.857848733663559 4254.6520465686917 30.841075114905834 3.5841549336910274 9.0181962847709638 11.532885633409022 56.508249156177044 13.556198902428156 5.2317100241780272 7.5151635706424704 4.3934802412986738 31.939445175230503 3.4974415078759185 10.521228998899462 23.094675742089752 3.2373012304306057 5236.4503581225872 5.4629458263516417 37.807053655385971 10.174375295639036 183.02313742041588 16.504455380141735 60.352544367313385 437.64266008883715 3.0927788540720931 5.9543219059705734 2.3990714475512496 19.308189481496811 24.597708456218243 105.06776761263609 68.503606393933296 1.9655043184757222 16.880213558673859 36.04388066381216 38.847614765167236
leaf_count=107125 319 6543070 408 327 507 1011 1302 73723 779 497 452 1547 1220 2403 225 563 14229 494 347 673 236 135 149 81 485 276 23606 860 147197 1067 124 312 399 1955 469 181 260 152 1105 121 364 799 112 181164 189 1308 352 6332 571 2088 15141 107 206 83 668 851 3635 2370 68 584 1247 1344
internal_value=-3.48321 -3.55557 -2.5101 -0.517829 -3.32215 -2.9771 -3.58057 -3.38814 -1.66204 -0.188958 -0.753926 -0.319151 -3.55173 -1.05685 -1.4136 -1.15979 -3.25671 -2.54468 -0.60212 -2.33608 -0.969036 -3.35321 -3.37798 -1.60383 -1.93111 -2.39978 -0.252121 -2.08842 -0.175309 -0.825592 -2.95214 -3.02177 -2.45635 -0.705812 -1.09144 -1.79948 -2.18634 -2.31446 -0.75124 -3.55474 -3.58289 -3.53759 -3.55116 -3.56058 -0.907545 -3.19436 -2.27205 -3.26787 -0.98628 -0.511167 -0.40682 -0.85458 -1.46995 -2.81686 -1.99629 -0.657194 -0.633201 -0.90086 -3.55779 -0.966732 -3.40258 -2.92232
internal_weight=206666 201743 4710.85 4923.3 3436.97 580.72 197032 2342.59 206.205 4342.58 282.021 1273.88 3154.95 106.108 47.8658 77.4351 503.285 58.5605 257.019 47.7502 134.146 455.535 451.632 28.2975 28.8178 21.9963 1167.77 36.6509 4294.71 40.0616 72.0589 44.2817 34.4252 105.328 48.8197 26.3031 21.0714 25.0024 61.1619 2136.39 194690 5565.5 5536.94 5516.82 28.5576 280.373 20.6956 259.678 18.8457 243.954 485.451 47.808 10.3478 16.7646 22.8923 31.1012 183.601 78.5335 2132.89 20.1175 447.326 76.6547
internal_count=7149974 6979644 162980 170330 118908 20091 6816664 81046 7134 150239 9757 44072 109151 3671 1656 2679 17412 2026 8892 1652 4641 15760 15625 979 997 761 40401 1268 148583 1386 2493 1532 1191 3644 1689 910 729 865 2116 73912 6735618 192548 191560 190864 988 9700 716 8984 652 8440 16795 1654 358 580 792 1076 6352 2717 73791 696 15476 2652
is_linear=0
shrinkage=1


Tree=1
num_leaves=63
num_cat=0
split_feature=9 16 16 6 9 16 11 9 11 0 9 16 3 9 1 16 1 9 11 16 16 16 9 9 16 16 9 16 9 18 16 2 16 16 9 9 0 18 9 16 2 9 2 3 5 9 9 6 14 9 14 9 16 3 16 0 9 1 3 7 14 16
split_gain=316874 46471.8 30974.5 2445.64 7603.34 1743.47 1681.47 786.485 1200.77 723.842 1585.99 1669.86 3464.5 768.454 601.367 591.78 528.992 3181.74 1586.41 575.819 439.477 520.179 1260.61 1046.4 415.433 395.876 626.253 307.784 287.688 260.73 265.537 228.169 225.643 296.854 703.002 788.386 257.691 243.569 254.944 216.993 208.493 1124.53 681.524 1007.14 446.257 641.528 1191.43 834.212 582.82 330.442 290.196 206.222 3393.1 1276.52 1685.84 948.415 495.104 292.069 276.485 207.918 203.221 192.798
threshold=0.36939570307731634 0.059652052819728858 -0.45710179209709162 1.0000000180025095e-35 0.15268065780401233 0.12352748587727548 1.0000000180025095e-35 0.13840996474027636 1.0000000180025095e-35 0.10555555671453477 0.30602006614208227 -1.0000000180025095e-35 0.60922586917877208 0.19722222536802295 0.46428571641445165 -0.070973224937915788 0.63333335518836986 0.19722222536802295 1.0000000180025095e-35 -0.099231444299221025 -0.17361970990896222 -1.0000000180025095e-35 0.30217391252517706 0.24283374845981601 -0.039104729890823357 -0.39682339131832117 0.58578431606292736 -0.20258076488971707 0.91833335161209118 4.1988844871521005 -1.0000000180025095e-35 0.20314723253250125 -0.20594234019517896 -1.0000000180025095e-35 0.30217391252517706 0.2709790319204331 0.48076923191547399 6.0190577507019052 0.20942982286214831 -0.065603051334619508 1.0000000180025095e-35 0.49137930572032934 0.02547429129481316 0.59675306081771862 0.21846590936183932 0.80476191639900219 0.61721614003181469 1.0000000180025095e-35 0.98837208747863781 0.61721614003181469 0.96871945261955272 0.2639319002628327 -0.16599233448505399 0.60421237349510204 -1.0000000180025095e-35 0.12916667014360431 0.30217391252517706 0.46428571641445165 0.64899963140487682 1.0000000180025095e-35 0.98837208747863781 -0.62276473641395558
decision_type=2 2 2 2 2 2 2 2 2 2 2 2 2 2 2 2 2 2 2 2 2 2 2 2 2 2 2 2 2 2 2 2 2 2 2 2 2 2 2 2 2 2 2 2 2 2 2 2 2 2 2 2 2 2 2 2 2 2 2 2 2 2
left_child=1 3 14 16 6 7 -5 8 -3 10 11 12 27 31 28 -8 51 18 -18 -20 -11 22 23 24 -22 26 -4 -6 -2 -17 -31 -14 -19 34 35 36 -34 -38 -39 -25 41 -27 43 49 -43 46 50 48 -48 -42 -46 -1 57 -54 55 56 58 -53 -55 -59 -57 -30
right_child=2 5 25 4 9 -7 15 -9 -10 20 -12 -13 13 -15 -16 29 17 32 19 -21 21 -23 -24 39 -26 40 -28 -29 61 30 -32 -33 33 -35 -36 -37 37 38 -40 -41 42 44 -44 -45 45 -47 47 -49 -50 -51 -52 52 53 54 -56 60 -58 59 -60 -61 -62 -63
leaf_value=-0.10190338925262402 -0.094416992178819825 -0.089907885746374927 -0.015403361411533143 -0.097859563903848978 0.095934177527252223 0.23907007805697578 -0.072324437693940966 0.21452727244622816 0.25061710254006181 -0.04248728392141643 0.24232577588436699 0.28145246260726703 2.1002906896799067 3.1558444581861753 0.19344817060462968 0.49695005743546938 -0.09994502178155959 0.021714780803581423 -0.052733200214334613 0.19645863174757053 0.40822115439254658 0.23571971063475858 0.22600836982141317 1.697026669968384 1.5859653151095856 0.041503748401584106 0.25780595843962972 1.5200712977183395 -0.064014059899985307 0.7239701800916013 0.16219473355157848 0.45072187103809541 0.094311247153295905 0.21075179732391433 0.23892159484757602 2.0847001263650942 0.47921072350912014 0.2233924564223683 1.5750140846267471 3.0683047683162901 -0.07905496725968543 0.26854199570060872 0.21680394473112893 0.40382419465525549 0.59773836672688085 0.32993930330636867 1.901610466396598 0.25331269632096043 0.85114948808684499 0.19798630059725711 0.066917924192469641 -0.097234993041556139 0.050920118687233798 0.99490591288159436 0.17956643319559895 0.67657292551184434 1.1662234156102389 0.44243244827686889 2.6360683040360859 -0.046955749949859266 -0.01671537945798416 0.23578950236554519
leaf_weight=160591.67242670804 3554.9941202327609 373.73054518923163 185.67519665881991 3510.0939850192517 10.064917854964731 4138.8338519092649 88.665882095694542 271.93729967996478 143.24205021560192 48.251832008361816 75.183155488222837 18.33394243568182 1.9972160756587976 9.3291014060378057 76.394888259470463 32.133409813046455 5968.6466906741261 36.312903143465519 145.87561099976301 254.5251144990325 9.1977056115865707 410.93419362604618 37.088898528367281 1.9446577578783033 4.4411778524518022 156.66065575927496 153.06213727407157 1.7869828045368219 41.540586862713099 8.8297973871231061 178.64897571504116 1.4453537389636038 6.5960688814520898 164.92969933152199 56.109476462006569 4.3886195346713057 8.9349140226840991 1.839541122317313 5.7814149558544159 2.8381491601467124 202.38122876174748 275.86246203072369 45188.87915568985 71.656877849251032 23.192325072363019 125.87002670392394 13.642482776194814 7.1492604911327353 8.6182983964681625 54.686971630901098 18.525801304727793 7369.132863715291 89.828765254467726 1.3665162622928644 54.424745135009289 17.038640148937706 21.967997279018164 17.06133272126317 4.1258279457688332 17.674772761762142 5.6235175170004359 44.351942878216505
leaf_count=6105527 123068 13806 5681 132725 383 24181 3374 1297 738 1419 381 99 76 355 394 760 225739 933 5551 4745 350 2237 157 74 169 5737 1063 68 319 336 1673 55 251 869 275 167 340 70 220 108 7172 1708 187201 606 689 638 359 30 220 527 624 277486 2536 52 253 410 367 413 157 621 175 228
internal_value=-0.0291653 -0.0898577 0.193548 -0.0981842 -0.0249863 0.213101 -0.0781935 0.0768599 0.00444431 0.296052 0.519281 1.004 1.54199 2.68464 -0.0842215 0.145727 -0.100048 -0.0723935 -0.0870186 0.105672 0.244813 0.274533 0.561858 1.23803 0.791726 0.21576 0.108049 0.31066 -0.0900477 0.233763 0.188653 1.40772 0.254563 0.288577 0.442023 0.85581 0.622865 0.833448 1.24876 2.51075 0.216551 0.273706 0.21576 0.0722939 0.350636 0.465594 0.705653 1.1931 1.49492 -0.0201191 0.362017 -0.101142 -0.0850437 0.327386 0.56493 0.983371 1.37854 -0.0958714 2.22774 0.193417 0.504536 0.0907942
internal_weight=234426 184223 50203.1 179295 4451.21 4927.74 3818.37 788.91 516.973 632.837 118.141 42.9575 24.6236 12.7717 3717.28 308.278 174844 6653.94 6369.05 400.401 514.697 466.445 55.5106 18.4217 13.6389 46485.9 338.737 11.8519 3640.89 219.612 187.479 3.44257 284.893 248.58 83.65 27.5406 23.1519 16.5559 7.62096 4.78281 46147.1 629.521 45517.6 328.725 472.861 196.998 71.1282 29.41 22.2608 257.068 41.7181 168190 7598.24 194.376 104.547 50.1225 27.4603 7403.87 5.49234 34.7361 22.6622 85.8925
internal_count=7148242 6811978 336264 6771956 144799 40022 138868 15841 14544 5931 1417 1036 937 486 124009 6143 6627157 239160 236035 10296 4514 3095 858 701 519 212255 6744 451 123615 2769 2009 131 3125 2192 1323 1048 881 630 290 182 205511 10005 195506 8305 4268 2560 1922 609 579 7699 1313 6387997 282470 3950 1414 1161 576 278520 209 1034 585 547
is_linear=0
shrinkage=0.1


Tree=2
num_leaves=63
num_cat=0
split_feature=9 16 16 16 9 11 15 16 15 9 15 9 11 3 16 12 9 16 9 16 9 9 3 13 3 15 0 15 13 9 9 9 9 5 15 9 9 4 5 3 16 16 11 9 9 12 3 9 9 9 4 11 13 13 5 9 9 14 12 3 15 9
split_gain=266927 38271.9 26173.3 1847.85 3654.04 2578 1949.46 1273.3 1179.75 1050.52 565.056 548.194 941.718 510.592 508.366 436.531 418.576 442.027 398.407 3753.77 355.911 332.661 904.548 431.071 302.095 286.316 286.26 232.485 316.932 368.57 656.42 226.493 228.848 303.978 217.406 319.811 216.034 511.473 248.781 192.88 169.717 158.36 219.737 933.639 139.181 133.861 126.882 122.92 296.83 1476.17 1153.67 510.958 364.603 291.587 175.123 173.012 145.524 122.482 113.054 110.752 387.775 293.456
threshold=0.35857143998146063 0.059652052819728858 -0.45710179209709162 -1.0000000180025095e-35 0.13100686669349673 1.0000000180025095e-35 1.5000000000000002 0.12352748587727548 22.500000000000004 0.85357144474983226 21.500000000000004 0.13100686669349673 1.0000000180025095e-35 0.61938297748565685 -0.35721349716186518 31.276115417480472 0.69397994875907909 -0.64381474256515492 0.2639319002628327 -0.17747497558593747 0.55902779102325451 0.55902779102325451 0.26766170561313635 1.0000000180025095e-35 0.56804153323173534 2.5000000000000004 0.48076923191547399 1.5000000000000002 1.0000000180025095e-35 0.30602006614208227 0.21132376790046695 0.41421568393707281 0.80476191639900219 0.33520600199699407 19.500000000000004 0.54772728681564342 0.5419580638408662 0.24440020322799685 0.21846590936183932 0.72046512365341198 0.011577461380511524 0.20255462080240252 1.0000000180025095e-35 0.070197045803070082 0.43874999880790716 24.783481597900394 0.22347066551446917 0.22792208194732669 0.050641026347875602 0.12060606107115747 0.91545844078063976 1.0000000180025095e-35 1.0000000180025095e-35 1.0000000180025095e-35 0.92637759447097789 0.087595909833908095 0.16441441327333453 0.98837208747863781 17.548258781433109 0.51087471842765819 16.500000000000004 0.49137930572032934
decision_type=2 2 2 2 2 2 2 2 2 2 2 2 2 2 2 2 2 2 2 2 2 2 2 2 2 2 2 2 2 2 2 2 2 2 2 2 2 2 2 2 2 2 2 2 2 2 2 2 2 2 2 2 2 2 2 2 2 2 2 2 2 2
left_child=1 3 16 18 5 -5 40 11 10 -10 14 12 -3 -6 20 21 -2 -18 -1 26 -4 22 23 -12 45 -8 -20 -15 -29 30 -30 46 33 36 59 -36 37 57 -38 -28 -7 42 43 -9 -24 -21 -17 48 51 50 53 -43 -52 -50 58 -55 -56 -33 -51 61 -61 -16
right_child=2 7 8 4 13 6 25 41 9 -11 15 -13 -14 27 34 31 17 -19 19 24 -22 -23 44 -25 -26 -27 39 28 29 -31 -32 32 -34 -35 35 -37 38 -39 -40 -41 -42 47 -44 -45 -46 -47 -48 -49 49 54 52 -53 -54 55 56 -57 -58 -59 -60 60 -62 -63
leaf_value=-0.10099758439452056 -0.093803352693396014 -0.09011937845968522 -0.021614060267334891 -0.099303752786367439 -0.026178737351895992 0.0015016309088538115 0.76321001644191455 -0.10127681021062392 -0.052038930521797692 0.92953733973004182 0.83753727401797284 0.17863663718625097 0.21255322107645044 0.16340072580610829 0.043220845683889141 0.72214009661418721 -0.090112102846301112 0.15784525819328149 -0.096392399398119222 0.40651107992133817 0.17235277221229528 0.38621584407378284 0.18376879580083519 2.3742062653799674 0.26758462732237448 0.40597346906046328 0.34474490504587746 0.1062616401708808 0.47535918241642405 0.16215822679191252 1.7527430919570997 2.002677498677556 0.22311591426908481 0.14680460764542388 -0.042951500240400398 0.24132894368967539 0.29756003769498851 0.36825272032963619 0.63106424480201839 -0.042434295581999792 0.14220860229337615 -0.072471129964680178 0.24866747182840468 0.2037825755920579 0.97829085716737496 -0.011000135898537045 -0.07186915845454929 0.19471884157454919 0.18289337908012462 0.35057155247310612 1.1690857758413677 0.22315596225261203 2.5476937364408436 0.55690416771190043 0.38860931233682294 1.5813180714683415 0.2170687779398266 0.95636176603445466 0.71331951726744536 0.19288046719208007 0.29932755838547837 0.1848707949647721
leaf_weight=150165.4433842767 3428.8709425795823 337.09933667629957 187.64648922532797 4520.9631620701402 144.27989660948515 268.20792740210891 39.116488898172975 130.63883886486292 270.50641277432442 11.361162714660166 3.0828032884746817 276.3838833719492 147.89496559649706 674.39410286024213 176.7121264282614 2.1820135731250074 146.24663254059851 141.41183753497899 6394.4245517589152 8.7492657974362356 190.77500562742352 40.827593643218279 9.7401408702135068 4.476133082062006 316.72717229649425 52.610091872513294 24.331797761842608 24.619566887617111 13.314531538635494 12.466983012855055 5.764650395140051 3.2761008646339169 242.31032256782055 41.166980054229498 93.79031508974731 68.45736151561141 64.466340702027082 8.4829838555306178 34.251297123730183 27.30584024079144 125.99061551690102 61.089145965874195 231.86694212257862 432.35931261628866 2.8499139994382849 62.788977358490229 25.915861826390028 1474.6796051859856 8.7270208522677439 29.116127699613571 3.0644500702619535 1361.0834829024971 5.1296229436993599 3.3309239894151679 57.653810426592827 3.2643055096268654 347.70962454378605 1.6989929061383007 12.188072867691515 44717.493234319612 344.86471871286631 848.56937260366976
leaf_count=6286620 132288 13636 5144 187531 3094 1556 1253 3922 8919 149 107 1308 713 3386 4019 83 2275 1113 263230 201 1088 242 351 143 2385 1689 439 814 490 57 183 105 1016 987 3442 613 309 290 334 604 800 1834 1021 2504 72 2028 1011 5969 262 158 92 5604 154 100 317 98 1417 59 136 180471 3309 4241
internal_value=-0.0286168 -0.0895584 0.171462 -0.0978613 -0.042832 -0.0757789 0.143092 0.185134 0.191501 -0.0124748 0.192721 0.0662334 0.00217811 0.14573 0.191604 0.300133 -0.084083 0.0317828 -0.0999229 -0.0763099 0.0761711 0.550301 0.882784 1.7475 0.225663 0.558316 -0.0944987 0.179681 0.375155 0.585008 0.861312 0.264134 0.283617 0.37922 0.192549 0.0769953 0.464513 0.840366 0.413273 0.140006 0.0464733 0.206885 0.166738 0.132996 0.363619 0.0400623 -0.0102083 0.216363 0.23323 0.30211 1.07433 0.210457 2.03212 0.562125 0.261454 1.06394 0.241467 1.64536 0.457611 0.192956 0.193695 0.160457
internal_weight=218916 167805 51111.4 162881 5881.73 5006.89 485.925 4923.28 47394.9 281.868 47113 761.378 484.994 874.84 46628.3 484.727 3716.53 287.658 157000 6834.33 378.421 60.9766 20.149 7.55894 388.265 91.7266 6446.06 730.56 56.1657 31.5462 19.0792 423.751 395.653 153.343 46249.9 162.248 112.176 13.4581 98.7176 51.6376 394.199 4161.9 794.865 562.998 12.5901 71.5382 28.0979 3367.04 1892.36 470.184 23.5163 1422.17 8.19407 15.3223 446.668 6.59523 405.363 4.97509 41.3042 46087.6 45062.4 1025.28
internal_count=7147785 6795605 352180 6756360 200853 192829 5298 39245 216504 9068 207436 15657 14349 8024 202327 5109 135676 3388 6555507 268887 6232 915 673 250 4614 2942 264273 4930 1544 730 673 4194 3100 2084 196095 4055 1097 454 643 1043 2356 23588 7447 6426 423 2229 1094 16141 10172 2734 706 7438 246 460 2028 198 1734 164 294 192040 183780 8260
is_linear=0
shrinkage=0.1


Tree=3
num_leaves=63
num_cat=0
split_feature=9 16 16 6 9 11 15 16 1 1 9 11 9 11 9 9 16 16 15 15 16 15 16 12 15 9 9 16 3 18 9 16 3 13 3 9 12 2 15 15 3 9 18 7 9 2 1 12 9 12 18 5 14 14 11 9 18 12 13 13 2 9
split_gain=227616 32653.2 21377.6 1910.22 3632.93 1399.97 980.541 943.847 584.812 533.321 2065.5 1325.78 434.269 783.89 423.165 353.08 395.004 337.047 415.048 422.629 314.967 394.436 297.736 179.525 176.966 168.555 163.712 2062.83 534.622 231.546 268.295 330.718 790.304 349.851 157.315 942.966 461.065 271.511 220.865 190.119 145.629 227.779 499.452 144.221 141.492 177.564 141.035 146.837 136.281 134.122 119.641 115.532 114.226 113.4 109.534 1251.8 118.263 111.556 105.908 105.897 111.423 106.453
threshold=0.35388994216918951 0.059652052819728858 -0.44145378470420832 1.0000000180025095e-35 0.13100686669349673 1.0000000180025095e-35 22.500000000000004 0.12352748587727548 0.46428571641445165 0.63333335518836986 0.1863425895571709 1.0000000180025095e-35 0.13100686669349673 1.0000000180025095e-35 0.78019323945045482 0.69397994875907909 -0.56409299373626698 -0.17361970990896222 1.5000000000000002 3.5000000000000004 -0.15862901508808133 1.5000000000000002 -0.24133914709091184 14.068008899688722 1.5000000000000002 0.2709790319204331 0.22792208194732669 -0.17747497558593747 0.55848154425621044 1.0000000180025095e-35 0.25357143580913549 -1.0000000180025095e-35 0.64747309684753429 1.0000000180025095e-35 0.55403152108192455 0.49137930572032934 25.361693382263187 0.26982475817203527 21.500000000000004 16.500000000000004 0.60421237349510204 0.63961037993431102 1.0000000180025095e-35 1.0000000180025095e-35 0.80476191639900219 1.0000000180025095e-35 0.46428571641445165 15.22371292114258 0.43874999880790716 11.53653144836426 2.6105628013610844 0.21846590936183932 0.98837208747863781 0.97498437762260448 1.0000000180025095e-35 0.050641026347875602 4.3029561042785653 1.3395107388496401 1.0000000180025095e-35 1.0000000180025095e-35 0.17399691045284274 0.71825397014617931
decision_type=2 2 2 2 2 2 2 2 2 2 2 2 2 2 2 2 2 2 2 2 2 2 2 2 2 2 2 2 2 2 2 2 2 2 2 2 2 2 2 2 2 2 2 2 2 2 2 2 2 2 2 2 2 2 2 2 2 2 2 2 2 2
left_child=1 3 8 9 5 -5 34 12 15 26 11 -11 13 -3 -8 -2 -17 -13 -19 -20 -7 -22 -6 24 -12 49 -1 46 -29 30 31 32 -30 -34 35 36 -4 -38 59 -36 48 42 43 -42 45 51 -28 -48 -41 -26 -44 -40 -25 -24 55 -9 -56 -57 -31 60 61 -37
right_child=2 7 6 4 22 20 14 54 -10 10 23 17 -14 -15 -16 16 -18 18 19 -21 21 -23 53 52 25 -27 27 28 29 58 -32 -33 33 -35 39 38 37 -39 44 40 41 -43 50 -45 -46 -47 47 -49 -50 -51 -52 -53 -54 -55 56 57 -58 -59 -60 -61 -62 -63
leaf_value=-0.10147007103956669 -0.094043926036228201 -0.089857897857102131 0.24878578679466831 -0.098202402823584209 -0.033165512402800142 -0.091387297709399865 -0.056174585893783595 -0.091590804291836678 0.17229416231974404 -0.099005085885274721 0.19563582494461976 -0.082072621938637638 0.16004274548613806 0.18168895932206297 0.37172215730785613 -0.066348542519162765 0.18671635851596602 0.016131686537123113 0.4180301337403578 0.10173739945219143 0.064506391287439221 0.30177796776006932 0.20311586108774798 0.15744040526726596 1.19108220062097 0.27924986358904269 -0.09815838763134116 -0.023027154269183125 0.30599970984371466 0.0085170781245721815 0.25479811339158259 0.21978406360089622 1.0365441852621762 2.931786403639431 0.17555076502079203 -0.050608579070836782 -0.045982428477531805 0.15710977164877221 0.26030233242727679 -0.038068724823294216 0.56537147068979599 0.23216986539065254 -0.096213562141945139 1.0156912006633829 0.19505546186016748 -0.086712130716957325 0.9588780070858306 0.031397084055198657 0.21427943165465693 0.49161403306859175 0.30871236671701691 0.42281450079287097 -0.05737832066739125 0.068075105780460929 0.50713872858844178 0.47216323381918213 0.20028570300547358 0.18652713397376974 0.19739273940985869 0.1758839950115996 0.1586845607426669 0.17310805817580818
leaf_weight=127961.97663755156 3260.8960195649415 312.71383034437895 82.20211585611105 2882.6793639529496 65.934696963056922 63.945560492575169 245.63576404191554 171.37916600890458 90.61016096919775 4925.059050085023 38.159793861210346 93.560722842812538 277.17445040494204 161.06093422323465 25.512138411402702 169.64999974519014 96.913615569472313 158.1410258077085 75.365972185507417 96.130290614441037 187.64313269406557 111.81025193631649 611.62111163325608 251.00355170480907 5.3015742078423518 11.302698865532873 10037.141302103177 139.01798824593425 5.6335851177573222 49.747489718720317 116.40229927375913 8.7185683455318195 1.6684079002588985 2.3401045873761177 43834.36063395068 66.173814391717315 362.39373521879315 80.437624355778098 95.301343992352486 29.632659392431378 30.531835220754147 228.40545450896025 13.215071529150011 9.2716001756489259 241.26077342033386 10.589685332030056 1.7619588244706381 54.691171953454614 77.041741799563169 5.6766444183886051 16.292842518538237 80.862360186874866 27.460649378597736 69.222616659477353 12.658549927175043 13.751976791769264 1612.1578206941485 2383.8049949873239 73.623606082051992 1299.2382246572524 149.58041503466666 31.344615247100592
leaf_count=5899561 137950 13771 1095 131975 2067 2869 8587 5605 467 225149 159 4120 1294 755 187 2676 692 742 2056 3373 921 2355 4015 2488 79 56 458227 4783 260 1032 940 52 77 108 178972 1287 11662 757 454 945 358 1023 428 137 998 294 44 1866 789 142 135 636 430 615 86 104 6612 11052 1021 6502 694 151
internal_value=-0.0281337 -0.0889244 0.155674 -0.0973627 -0.0291341 -0.0748854 0.173701 0.163867 -0.0785547 -0.0992527 -0.0692399 -0.0844104 0.0606205 0.00245515 -0.015914 -0.0849983 0.0256574 0.085439 0.132984 0.240736 0.110078 0.153099 0.169736 0.170164 0.326386 0.550319 -0.100485 -0.0884759 0.135073 0.220218 0.310836 0.666106 1.06968 2.14296 0.174801 0.150393 0.0312828 -0.00909196 0.182068 0.17618 0.244433 0.280354 0.439138 0.670267 0.245641 0.310991 -0.0972719 0.0603447 0.144181 0.829399 0.127367 0.334898 0.136256 0.189386 0.182355 0.169502 0.202676 0.188165 0.121232 0.164471 0.104465 0.021299
internal_weight=203705 153077 50627.4 148133 3992.86 3246.08 47009.3 4944.7 3618.07 144140 5687.16 5348.26 750.949 473.775 271.148 3527.46 266.564 423.198 329.637 171.496 363.399 299.453 746.778 338.905 60.4407 22.2809 138453 10490.7 397.152 258.134 134.763 18.3607 9.6421 4.00851 46738.1 2499.38 525.033 442.831 1974.35 44238.8 404.391 297.717 69.3113 39.8034 428.014 186.753 10093.6 56.4531 106.674 10.9782 29.5079 176.164 278.464 680.844 4193.75 2568.94 1624.82 2397.56 123.371 1546.34 247.099 97.5184
internal_count=7148737 6790861 357876 6751582 144817 138120 216091 39279 141785 6606765 238794 235440 15820 14526 8774 141318 3368 10291 6171 5429 6145 3276 6697 3354 436 277 6367971 468410 8273 3490 1437 497 445 185 207317 24530 13514 12419 11016 182787 3815 2081 1058 495 2382 1384 460137 1910 1734 221 563 1090 2918 4630 23459 16761 6698 11156 2053 8634 2132 1438
is_linear=0
shrinkage=0.1


Tree=4
num_leaves=63
num_cat=0
split_feature=9 16 16 6 9 11 16 2 9 16 9 11 9 16 9 11 3 12 16 3 16 9 16 9 16 12 0 14 3 17 14 3 9 2 16 9 16 0 3 12 9 3 16 11 9 0 9 16 6 3 2 12 9 7 4 17 6 2 16 3 0 12
split_gain=196597 28477.8 17550.6 1854.2 3126.81 1138.66 725.69 620.445 1550.7 471.226 1179.2 1083.48 356.127 361.971 339.871 696.823 287.481 281.666 233.5 227.671 220.254 213.212 192.36 190.591 2116.52 295.346 252.142 193.057 131.927 119.291 108.147 107.01 103.921 102.977 166.997 106.055 101.145 111.928 99.5186 97.5831 100.251 95.9398 93.5351 134.602 606.183 91.8523 237.819 178.486 239.198 462.862 185.641 173.943 181.315 171.033 86.2065 83.8608 80.3426 78.259 77.2754 330.554 974.824 269.652
threshold=0.35388994216918951 0.059652052819728858 -0.46343582868576044 1.0000000180025095e-35 0.15268065780401233 1.0000000180025095e-35 0.12352748587727548 0.037828445434570319 0.55902779102325451 -0.009570952504873274 0.15268065780401233 1.0000000180025095e-35 0.64495798945426952 -0.64381474256515492 0.11651583760976793 1.0000000180025095e-35 0.62575301527977001 26.82651519775391 -0.3234854787588119 0.47559523582458502 -0.057495892047882073 0.49137930572032934 -0.31306043267250055 0.22792208194732669 -0.17747497558593747 37.085800170898445 0.48076923191547399 0.97366598248481762 0.72255688905715953 164.50000000000003 0.96871945261955272 0.24068965017795566 0.11651583760976793 0.44104062020778662 -0.46020846068859095 0.30217391252517706 1.0000000180025095e-35 0.12916667014360431 0.62102442979812633 14.068008899688722 0.43874999880790716 0.28743545711040502 0.20255462080240252 1.0000000180025095e-35 0.10435571894049646 0.11805555596947671 0.40370370447635656 -1.0000000180025095e-35 1.0000000180025095e-35 0.61143791675567638 0.26982475817203527 22.918395996093754 0.36939570307731634 1.0000000180025095e-35 0.88047617673873912 97.500000000000014 1.0000000180025095e-35 0.60059207677841198 -0.35071550309658045 0.628892481327057 0.11805555596947671 36.011583328247077
decision_type=2 2 2 2 2 2 2 2 2 2 2 2 2 2 2 2 2 2 2 2 2 2 2 2 2 2 2 2 2 2 2 2 2 2 2 2 2 2 2 2 2 2 2 2 2 2 2 2 2 2 2 2 2 2 2 2 2 2 2 2 2 2
left_child=1 3 12 9 5 32 14 8 16 23 11 -11 -2 -14 15 -3 17 39 21 -12 -7 -9 -6 -1 26 27 58 29 30 -26 33 -19 -5 34 -28 -36 37 -21 -27 -4 -41 -15 43 44 -8 46 47 48 49 50 -20 -51 -53 -54 -47 -13 -33 -22 -25 -60 61 -61
right_child=2 6 7 4 22 20 42 18 -10 10 19 55 13 41 -16 -17 -18 31 45 36 57 -23 -24 24 25 38 28 -29 -30 -31 -32 56 -34 -35 35 -37 -38 -39 -40 40 -42 -43 -44 -45 -46 54 -48 -49 -50 51 -52 52 53 -55 -56 -57 -58 -59 59 60 -62 -63
leaf_value=-0.10103900664366564 -0.094090982559176098 -0.093554575470328832 0.62804806417520442 -0.098930310202352559 -0.058297499553602111 -0.063336928558415759 -0.077400475921355211 -0.02521948892655761 0.18698508680837933 -0.099271197259223787 -0.09118394032450354 0.14724059308026624 -0.084104503172915762 0.21263424529705374 0.14258485356261139 0.16825089180138367 0.33823630502453034 0.037793290787261125 0.089888859915110877 0.32996956937254224 0.26139345457269875 0.13361348246730678 0.17174244869536551 -0.10079939862828545 0.28428352229094933 -0.070055873218281647 -0.034162244700056139 0.017988165744262655 -0.041060957791403493 0.11179430022218928 -0.094717906602243884 -0.067478210502962099 0.017366299456750677 0.12774656562558442 1.1766841496336025 0.4904424144060977 0.058317347617537776 0.12981634243280624 0.11025648660509764 0.076522761648304682 0.38513974815860408 0.059052019431064022 0.17272168773414101 0.19675656275723286 0.16706939897320736 0.15515965047807709 0.17108843645586455 0.17765258134171566 0.19074318566377615 0.36627230124827115 0.72985711189561575 0.54855575652781519 0.8280478704108607 1.5197621843574092 0.1649555254633969 0.043919059325234766 0.30739267926429537 0.10544513118359836 -0.083377717525893513 1.5767676058070099 -0.065303606254200328 0.52992975675826859
leaf_weight=116952.96285077929 2825.0571735166013 279.28509179502726 4.3828119318932286 2583.8330114483833 38.393505802378058 78.963352274149656 134.43359646946192 119.60307854413986 900.97054061107337 3700.2401977647096 62.39303925819695 152.64266931638122 200.0272695440799 61.314126528799534 280.97709191218019 159.85172685235739 23.00721719302237 133.06655755639076 26.865472411736846 33.03116743825376 36.334088265895844 288.07212137058377 683.07304052077234 8095.9692690223455 164.05368635803461 65.079067096114159 3.9442135300487271 46.69230841845274 37.973434483632445 53.062684012576938 8.0700174346566182 493.25216870754957 79.19214496947825 13.700432972982524 3.5110836904495972 6.280289351940155 175.72381605952978 181.24001724086702 57.790440529584885 50.899319611489773 13.269688878208397 120.82726487703621 3360.4832525476813 240.80406165122986 413.10186883062124 14131.279205145314 4887.6925394106656 98.294962123036385 49.58558951318264 10.618627715855835 5.4526779912412158 12.029400365427138 10.532674767076967 5.4109512493014327 24662.033765297383 161.84920716658235 5.7842341624200335 281.39059353619814 1016.536807751283 5.1127180252224189 31.795866360887885 4.743576293811202
leaf_count=5943532 131810 13567 63 130336 1254 3485 4406 2871 5351 185829 2135 1579 4769 623 1394 739 206 3723 622 348 415 1737 4314 406416 2160 2249 124 1072 1220 1056 205 17810 2569 271 105 54 1174 1585 667 1399 199 1345 16015 1034 1944 59725 21128 401 203 57 93 95 118 98 102953 2139 38 2309 50561 199 1408 219
internal_value=-0.0277066 -0.0882268 0.14433 -0.0968076 -0.0277697 -0.0719272 0.149365 0.160122 0.0994265 -0.0987998 -0.0668794 -0.0841261 -0.0818349 0.00876415 0.0566992 0.00174615 -0.00958539 -0.0210067 0.162347 0.0861776 0.0861318 0.0870153 0.159501 -0.0999264 -0.0863921 0.142812 -0.0959967 0.202456 0.0885063 0.242128 0.227077 -0.0418867 -0.0954719 0.32173 0.515217 0.736522 0.114553 0.160671 0.0147522 0.171524 0.140343 0.110752 0.165449 0.134449 0.107046 0.163047 0.175654 0.277654 0.359231 0.477051 0.197864 0.710854 0.841658 1.0628 0.161387 0.0940675 -0.0631332 0.123279 -0.0974777 -0.0720642 0.204046 1.07295
internal_weight=188824 139685 49139.3 134816 3781.18 3059.71 4868.94 45932.1 1624.63 131034 4467.12 4014.73 3207.23 382.169 720.114 439.137 723.662 700.655 44307.5 452.388 396.688 407.675 721.467 126567 9614.32 386.678 9227.64 263.809 73.4795 217.116 35.506 632.103 2663.03 27.436 13.7356 9.79137 389.995 214.271 122.87 68.5518 64.169 182.141 4148.82 788.34 547.535 43899.8 5106.48 218.79 120.495 70.9098 32.3182 38.5917 27.973 15.9436 38793.3 314.492 499.036 317.725 9154.16 1058.19 41.6522 9.85629
internal_count=7147525 6790088 357437 6750989 144682 139114 39099 218890 28789 6606307 194789 189547 138547 6737 15700 14306 23438 23232 190101 5242 6209 4608 5568 6411518 467986 7204 460782 4288 1979 3216 759 21571 132905 554 283 159 3107 1933 2916 1661 1598 1968 23399 7384 6350 185493 22815 1687 1286 1083 715 368 311 216 162678 3718 17848 2724 458803 52387 1826 418
is_linear=0
shrinkage=0.1


Tree=5
num_leaves=63
num_cat=0
split_feature=9 16 16 6 9 11 15 16 1 9 11 1 16 9 9 11 9 16 15 9 16 3 16 15 16 0 13 17 15 3 9 12 0 9 15 9 16 0 0 5 3 15 3 16 16 11 9 6 5 15 16 3 0 3 9 15 9 6 3 3 15 5
split_gain=171257 25096.6 14823.7 1738.21 2657.9 965.129 962.399 592.837 499.42 1413.87 1080.59 303.594 274.689 382.665 269.791 561.7 264.183 182.921 244.905 176.371 1468.06 273.755 173.583 161.378 151.887 147.879 147.828 139.716 133.723 130.164 470.522 274.392 122.168 121.537 111.258 103.303 103.302 89.7803 89.7712 113.217 118.285 86.6531 135.306 83.6441 83.3171 99.0944 504.95 82.9965 92.788 82.1836 80.5738 240.717 198.564 102.8 78.7176 177.052 118.731 175.271 153.074 87.2775 89.7944 99.7652
threshold=0.35388994216918951 0.059652052819728858 -0.48570990562438959 1.0000000180025095e-35 0.15268065780401233 1.0000000180025095e-35 22.500000000000004 0.12352748587727548 0.63333335518836986 0.17519181966781619 1.0000000180025095e-35 0.46428571641445165 -0.38704490661621088 0.49137930572032934 0.13840996474027636 1.0000000180025095e-35 0.69397994875907909 -0.15862901508808133 1.5000000000000002 0.22792208194732669 -0.17747497558593747 0.5604878067970277 -0.14329794794321057 1.5000000000000002 -0.2252639755606651 0.48076923191547399 1.0000000180025095e-35 129.50000000000003 5.5000000000000009 0.54923510551452648 0.49137930572032934 24.783481597900394 0.30384616553783422 0.91485509276390087 21.500000000000004 0.11651583760976793 1.0000000180025095e-35 0.16025641560554507 0.42261904478073126 0.87007671594619762 0.73375529050827037 21.500000000000004 0.30848532915115362 1.0000000180025095e-35 0.20255462080240252 1.0000000180025095e-35 0.10435571894049646 1.0000000180025095e-35 0.94392031431198131 21.500000000000004 -0.35071550309658045 0.60421237349510204 0.16025641560554507 0.65142410993576061 0.5419580638408662 17.500000000000004 0.80476191639900219 1.0000000180025095e-35 0.61610352993011486 0.58160674571990978 1.5000000000000002 0.55625879764556896
decision_type=2 2 2 2 2 2 2 2 2 2 2 2 2 2 2 2 2 2 2 2 2 2 2 2 2 2 2 2 2 2 2 2 2 2 2 2 2 2 2 2 2 2 2 2 2 2 2 2 2 2 2 2 2 2 2 2 2 2 2 2 2 2
left_child=1 3 11 8 5 35 12 14 19 10 -10 33 13 -4 15 -3 -8 -12 -19 -1 25 -22 -7 36 -6 50 -11 43 38 30 31 -14 41 -2 -15 -5 -24 54 -20 40 -40 -33 -43 -23 45 46 -9 48 -39 -32 -21 -52 53 -53 59 -56 57 58 -57 -31 -61 -62
right_child=2 7 6 4 24 22 16 44 9 26 17 -13 29 34 -16 -17 -18 18 28 20 21 27 23 -25 -26 -27 -28 -29 -30 37 49 32 -34 -35 -36 -37 -38 47 39 -41 -42 42 -44 -45 -46 -47 -48 -49 -50 -51 51 52 -54 -55 55 56 -58 -59 -60 60 61 -63
leaf_value=-0.1008763481871571 -0.093903914177892484 -0.085502820810209032 -0.042211818795851772 -0.098554757297071485 -0.010498904809971536 -0.088104487652938476 -0.065309306058441915 -0.075450996611257468 -0.099007145691656848 0.029618850162482946 -0.066816557072377256 0.14172007978227252 0.21156206058511501 0.096931124252606637 0.13134503010689735 0.14975361782719887 0.18174881376641855 0.0036383396489760239 -0.0043635589893572645 -0.10045294272299787 -0.028977518766728067 0.2150078293440314 -0.013808344384400602 0.17431451210526672 0.15763434794362174 0.063871272791206898 0.1621401362877285 0.046466856773910555 0.038079940879354214 0.079308645931233268 0.13966945029506983 -0.047206128611093891 0.15122499601306369 0.036800109036666598 0.21957383627506377 0.016016048381231825 0.14681875833915514 0.1329016350371818 0.93250785615738208 0.21898715427390672 0.27152902794538097 0.27053395641344652 -0.055634904427829479 0.052451497474350385 0.15974866525700104 0.17722528617089781 0.15317623205117017 0.1550534109746031 0.15008101808291391 0.19372313165873431 -0.083637259396062619 0.14020227765744389 -0.071703919577211089 0.48488376335549144 0.15563331692684959 0.33038222933707939 0.19792274924390965 0.15521578352026011 0.7950397514965355 0.16554367697599126 0.32400562711410624 0.20689850529676512
leaf_weight=105408.04154940695 2724.1941197030246 266.80120586417615 175.50114274397492 2352.2984783966094 58.471882918849587 57.425379754975438 263.76446840539575 126.19612887501717 4043.221563052386 125.91032044962049 85.186133954674006 57.459152525290847 72.441654888913035 203.14210614003241 271.02466992288828 163.79679991304874 51.778355356305838 159.71079308539629 15.876176385208963 7353.0193157754838 141.31755093671381 173.5308274012059 127.43805350363255 157.21350098587573 662.45723061263561 57.640920950099826 253.94719257578254 109.94858569093049 55.919832739979029 64.774940628558397 1375.6194461323321 262.54392484761775 45.566542999818921 73.050556913018227 116.32490517944098 81.421899704262614 58.379269868135452 4307.2109203357249 4.7207364067435247 118.3509711548686 6.3482097070664167 23.638593275099993 27.531106857582927 38.716197315603495 3268.8386682607234 236.50407972186804 411.95782596245408 20568.628372326493 11641.19939282909 353.57365098036826 916.16795107908547 23.580741140991449 32.44656091555953 13.668282441794871 3973.7804276160896 14.336426474153997 66.458814710378647 17.151047885417938 14.026300460100172 409.32831688225269 90.530453702434897 370.32342889346182
leaf_count=5900630 134238 13785 6129 130497 1665 2953 10578 4443 224206 1788 4392 300 688 1994 1237 756 367 737 419 406721 4859 1745 620 2295 3896 1724 2177 1538 1976 1166 7571 8196 274 499 811 2586 265 19235 118 2457 145 431 1133 172 15937 1034 1951 89519 50112 1877 49469 815 1591 218 17340 189 269 74 133 1713 824 1903
internal_value=-0.0272745 -0.0876175 0.135085 -0.0963447 -0.0274415 -0.0710505 0.149253 0.138037 -0.0984008 -0.0670359 -0.0827105 -0.0858166 0.150495 0.076418 0.0531834 0.00398726 -0.0247688 0.0649893 0.0960982 -0.0997373 -0.0861864 0.0870636 0.0728085 0.0997463 0.143998 -0.0957503 0.118214 0.13796 0.169486 0.151334 0.127406 0.0340181 -0.00178003 -0.0904906 0.141588 -0.0947217 0.0366568 0.152579 0.22006 0.247591 0.553426 -0.0240038 0.0950436 0.185356 0.152761 0.123274 0.0995636 0.150855 0.145441 0.150722 -0.0968536 -0.0700084 0.109147 0.266681 0.165117 0.159128 0.283139 0.407571 0.560171 0.191293 0.199629 0.229903
internal_weight=174801 127437 47363.9 122692 3555.11 2834.18 44509.2 4745.12 119137 4869.19 4489.33 2854.7 44193.6 494.968 701.623 430.598 315.543 446.113 360.927 114268 8860.04 463.513 400.456 343.031 720.929 8396.52 379.858 322.196 201.216 43698.7 2160.91 431.722 359.28 2797.24 319.467 2433.72 185.817 41537.7 145.296 129.42 11.0689 313.714 51.1697 212.247 4043.5 774.658 538.154 36517 15948.4 1729.19 8338.88 985.864 69.6956 37.249 5020.71 4085.75 111.973 45.5138 28.3627 934.957 870.182 460.854
internal_count=7149380 6791817 357563 6752674 144777 139216 222526 39143 6607897 238415 234450 135037 211581 8934 15778 14541 10945 10244 5852 6369482 468852 8314 6133 3180 5561 460538 3965 3455 5115 202647 20170 10722 10034 134737 2805 133083 885 182477 3139 2720 263 9760 1564 1917 23365 7428 6394 158866 69347 9448 458814 52093 2624 1033 23611 18005 665 396 322 5606 4440 2727
is_linear=0
shrinkage=0.1


Tree=6
num_leaves=63
num_cat=0
split_feature=9 16 16 6 9 11 15 16 16 9 11 16 9 9 11 9 13 12 9 16 9 16 12 13 15 0 3 16 13 16 15 13 3 13 14 15 13 14 11 9 15 16 9 16 16 3 12 0 15 3 11 16 15 0 18 5 3 0 3 5 15 3
split_gain=149774 22319.7 12399.3 1708.82 2199.98 956.326 820.007 493.736 474.972 1037.33 1001.48 336.664 812.159 237.696 484.148 226.329 215.999 341.765 206.984 210.264 194.857 1576.51 213.689 187.713 183.618 175.32 174.56 173.017 144.094 140.948 130.322 129.317 111.604 102.423 99.3035 91.1221 89.9114 88.8944 87.9023 852.369 85.229 84.0814 77.9993 77.578 73.9133 179.89 94.8017 83.4808 95.4038 84.5046 72.9292 506.834 231.072 110.805 106.312 78.6203 70.9978 69.7477 91.4037 68.4086 65.0297 63.3747
threshold=0.35388994216918951 0.059652052819728858 -0.49193744361400599 1.0000000180025095e-35 0.13100686669349673 1.0000000180025095e-35 22.500000000000004 0.12352748587727548 -0.013974681496620176 0.13100686669349673 1.0000000180025095e-35 -0.20594234019517896 0.49137930572032934 0.10762548446655275 1.0000000180025095e-35 0.78019323945045482 1.0000000180025095e-35 43.541666030883796 0.61721614003181469 -0.6802665889263152 0.22792208194732669 -0.18100966513156888 37.749034881591804 1.0000000180025095e-35 1.5000000000000002 0.48076923191547399 0.4327110648155213 -0.30313099920749659 1.0000000180025095e-35 -0.17747497558593747 21.500000000000004 1.0000000180025095e-35 0.49742268025875097 1.0000000180025095e-35 0.98837208747863781 1.5000000000000002 1.0000000180025095e-35 0.97220078110694896 1.0000000180025095e-35 0.050641026347875602 16.500000000000004 -1.0000000180025095e-35 0.21132376790046695 1.0000000180025095e-35 -0.35721349716186518 0.57659712433815014 11.362485885620119 0.11805555596947671 16.500000000000004 0.65142410993576061 1.0000000180025095e-35 -0.099231444299221025 2.5000000000000004 0.48076923191547399 6.4003729820251474 0.82426470518112194 0.72255688905715953 0.42261904478073126 0.76506900787353527 0.25677657127380377 12.500000000000002 0.62575301527977001
decision_type=2 2 2 2 2 2 2 2 2 2 2 2 2 2 2 2 2 2 2 2 2 2 2 2 2 2 2 2 2 2 2 2 2 2 2 2 2 2 2 2 2 2 2 2 2 2 2 2 2 2 2 2 2 2 2 2 2 2 2 2 2 2
left_child=1 3 18 8 5 -5 11 13 20 10 -10 12 16 14 -3 -8 -4 34 -2 -20 50 25 23 -23 -12 44 -11 -6 -28 -7 31 32 -14 -21 59 43 42 41 39 -9 -25 -30 -29 -31 -22 -46 -47 48 60 -50 -1 -52 57 -54 -55 -56 -27 -53 -59 -18 -48 -24
right_child=2 7 6 4 27 29 15 38 9 26 24 -13 30 -15 -16 -17 17 -19 19 33 21 22 61 40 -26 56 28 36 37 35 -32 -33 -34 -35 -36 -37 -38 -39 -40 -41 -42 -43 -44 -45 45 46 47 -49 49 -51 51 52 53 54 55 -57 -58 58 -60 -61 -62 -63
leaf_value=-0.10103946677811484 -0.095599791537616885 -0.0943962825996396 -0.059342662555801479 -0.096319891201353758 -0.058938316504375469 -0.091655423334103037 -0.05449968867299964 -0.090428034449855754 -0.099646729279770779 -0.099570327559195454 0.019020062712681824 0.1437633533231156 -0.033945620792640976 0.11801371291219015 0.13383730147608938 0.19907580807977121 0.33735094615980532 -0.05043968226079746 -0.089309225574564943 -0.060628839183106201 -0.10019821608125501 0.042662433801217273 -0.075248216924786698 0.22665426377957318 0.16667767606886441 0.14063458015634736 0.01351462402474579 -0.0032774256245844124 0.3121978147284743 -0.0037230018283484628 0.18336109978681803 0.13849909491027479 0.10577587036295139 0.11382961800837384 0.016860984806637253 0.13877726944178786 0.15801751452470922 -0.042579376585843966 0.16095972197267555 0.14593982278392859 0.0082898840810472774 0.13097364200446865 0.12601759802646459 0.13178660974091813 -0.086625736272169879 0.86199918776904139 -0.050801917859221404 -0.071146470664369979 -0.029560664570372902 0.36376460900715685 -0.0961055833717335 0.078565849665552079 -0.060851441088976103 0.031394430217952213 0.80386566805679649 0.21476515138868224 -0.04805012736673242 0.62807556121695574 0.22825351122845025 0.15696312066082818 0.35989669288767545 0.063855316044605689
leaf_weight=92584.365543829277 2253.8801680635661 229.74445436708629 274.63220399618149 2171.1423399783671 48.712236726656556 49.137794528156519 270.26126602850854 163.43267683312297 3414.5612051840872 53.601843064650893 212.72372703999281 39988.72409844771 85.44462956674397 287.83512829057872 156.09002042561769 40.469276279211044 25.376243650913239 156.49528682231903 175.6892460975796 46.147531071677804 6646.2947541419417 113.23850781656802 67.009525448083878 175.71940109878778 139.41078028082848 42.571286242455244 154.14785900712013 73.033693393692374 28.766468498855829 129.91801048070192 490.93399017862976 1054.4312760569155 172.74943059682846 124.28394630923867 44.048700070008636 183.84887102432549 514.74563098326325 26.11548613011837 1496.9082390964031 2294.0024779252708 19.89812245965004 232.70309707149863 129.19576471112669 62.605543218553066 823.04561669193208 1.4084885735064734 4.9068289082497385 44.148902053013444 40.818079592660069 6.3062219861894837 3131.0219300929457 9.4009577184915525 87.670850722119212 66.182931397110224 2.5302924402058151 21.644642408937216 37.516305075958371 10.079455114901068 13.213505156338213 122.55104018189013 17.99165410362184 64.065148759633303
leaf_count=5717654 126868 13257 8634 131660 1720 2783 11119 5651 208839 2324 1467 184278 1483 1733 729 208 355 4695 5065 1025 404895 2376 2521 1736 2615 741 2087 1021 520 642 2801 5979 1084 1268 1209 2466 3197 390 6640 11274 527 1577 772 277 48223 33 86 2211 1984 82 192060 501 5037 2814 84 635 1208 260 354 2083 333 644
internal_value=-0.0267141 -0.0868177 0.127481 -0.0957373 -0.0255291 -0.0694537 0.140383 0.128375 -0.0979171 -0.0651976 -0.083088 0.141569 0.105403 0.049241 -0.00206398 -0.0214742 0.00697865 0.0592469 -0.084543 -0.0125429 -0.0992576 -0.0843684 0.099725 0.145128 0.077478 -0.0949344 0.0708469 0.123431 0.0915261 0.0676298 0.139407 0.122967 0.0595376 0.0665917 0.148661 0.0884255 0.135821 0.133341 0.141857 0.13022 0.204442 0.150912 0.0793236 0.0403425 -0.0964885 -0.0702203 0.0466024 0.0365431 0.104441 0.0230745 -0.100516 -0.0860024 0.064116 0.0192408 0.0969512 0.276424 0.0522469 0.308476 0.401267 0.187908 0.27189 -0.00725882
internal_weight=161610 116283 45326.1 111655 3362.34 2596.65 42726.1 4628.01 108293 4262.03 3766.7 42415.4 2426.66 673.67 385.834 310.731 623.103 348.471 2600 346.121 104031 8104.94 439.931 308.856 352.135 7665.01 495.335 765.687 441.733 425.51 1803.56 1312.63 258.194 170.431 191.976 376.372 716.975 287.585 3954.34 2457.44 195.618 261.47 202.229 192.524 7584.92 938.626 115.58 114.172 70.0228 47.1243 95926.1 3341.74 210.723 178.029 90.3579 24.1749 80.0876 32.6939 23.293 147.927 22.8985 131.075
internal_count=7148794 6790640 358154 6751356 144538 137828 223928 39284 6606818 219819 212921 212601 28323 15719 13986 11327 16976 8342 134226 7358 6386999 467600 7804 4639 4082 459796 6898 6710 4574 6168 11347 8546 2567 2293 3647 3385 4990 2487 23565 16925 2263 2097 1793 919 457847 52952 4729 4696 2485 2066 5919399 201745 9685 8570 3533 719 1949 1115 614 2438 419 3165
is_linear=0
shrinkage=0.1


Tree=7
num_leaves=63
num_cat=0
split_feature=9 16 16 6 9 14 2 9 1 9 14 16 1 3 0 9 16 3 16 1 16 3 14 1 3 16 16 1 9 3 15 15 15 14 6 14 4 14 9 0 16 1 16 3 0 15 2 2 9 0 0 9 14 2 13 16 18 8 9 15 16 6
split_gain=131456 19687.4 10627.1 1649.48 1882.05 875.485 771.153 996.088 542.42 1156.5 944.462 409.087 250.852 229.263 198.619 188.486 1207.12 220.994 187.563 182.507 163.335 155.056 133.076 126.971 124.472 124.095 120.382 119.471 116.616 166.414 105.248 99.3768 147.097 97.3699 94.6382 93.9447 88.3277 125.319 501.298 86.0416 81.0722 77.6819 77.0397 124.894 87.9482 76.9494 75.1672 72.6015 70.417 69.8882 69.1611 65.7756 197.462 62.8485 62.801 60.5386 60.5297 60.2112 59.7258 58.1139 61.9648 56.6291
threshold=0.35388994216918951 0.059652052819728858 -0.48570990562438959 1.0000000180025095e-35 0.12060606107115747 1.0000000180025095e-35 0.050563033670187003 0.55902779102325451 0.63333335518836986 0.1490740776062012 1.0000000180025095e-35 0.12352748587727548 0.46428571641445165 0.63438084721565258 0.48076923191547399 0.22792208194732669 -0.18845506757497785 0.55848154425621044 -0.33024491369724268 0.46428571641445165 -0.19915034621953961 0.26158231496810919 0.96871945261955272 0.46428571641445165 0.80982521176338207 -0.15862901508808133 -0.15498661994934079 0.73214286565780651 0.61721614003181469 0.23294574022293094 1.5000000000000002 19.500000000000004 23.500000000000004 0.98837208747863781 1.0000000180025095e-35 0.98837208747863781 0.88047617673873912 1.0000000180025095e-35 0.10435571894049646 0.16025641560554507 -0.5274708867073058 0.46428571641445165 -0.42241412401199335 0.57659712433815014 0.095454547554254546 16.500000000000004 0.47302520275115972 0.30013357102870947 0.78759399056434642 0.48076923191547399 0.12916667014360431 0.084523811936378493 1.0000000180025095e-35 0.95631209015846264 1.0000000180025095e-35 -0.7690114676952361 3.1395274400711064 0.75000000000000011 0.1863425895571709 1.5000000000000002 1.0000000180025095e-35 1.0000000180025095e-35
decision_type=2 2 2 2 2 2 2 2 2 2 2 2 2 2 2 2 2 2 2 2 2 2 2 2 2 2 2 2 2 2 2 2 2 2 2 2 2 2 2 2 2 2 2 2 2 2 2 2 2 2 2 2 2 2 2 2 2 2 2 2 2 2
left_child=1 3 12 8 5 26 7 13 15 10 25 14 28 21 24 -1 23 41 19 48 -6 22 31 42 58 -10 -5 -11 -2 55 -27 -4 -33 -22 -23 54 37 -13 53 -19 -31 -18 -17 -44 45 -45 -43 -25 -8 -41 -35 52 -16 -39 -29 -30 -40 -51 -3 60 -28 -20
right_child=2 11 6 4 20 -7 18 -9 9 27 -12 36 -14 -15 51 16 17 39 61 -21 33 34 -24 47 -26 30 59 35 29 40 -32 32 -34 50 -36 -37 -38 38 56 49 -42 46 43 44 -46 -47 -48 -49 -50 57 -52 -53 -54 -55 -56 -57 -58 -59 -60 -61 -62 -63
leaf_value=-0.10031912489701672 -0.095888391392029274 -0.084336821576350626 -0.050667708559279337 -0.093262636953922118 -0.016561861122303866 -0.097148835373940048 -0.027773805001619092 0.13683254915911605 -0.072726002015725877 0.0065155843726557965 -0.099317069692502535 0.15813099231121697 0.12272625105004001 0.22006260337198108 0.11558151574730398 -0.10068484814827863 -0.051544627685468261 0.14569278727437729 0.13300914968150881 0.13979011286881191 0.13915474339728698 -0.054223118291824926 -0.050185461120174538 0.35951437255893176 0.14568751854593429 0.0052949236964707005 -0.0035425624324277333 0.071300492075615424 -0.061532447492069424 -0.084781961324814692 0.10769363865222224 0.2110566038442305 -0.075754680496924576 0.13124562577076898 0.23326850123069193 -0.063517063160555332 0.14345752641024151 -0.0699536225228473 0.19931992867410198 -0.018091155280253374 0.087641687164476664 0.57236492358389301 -0.085003811421270864 0.22684823353386052 -0.064444638917635924 0.014465781626605606 0.00022840858972738762 0.013048045639841297 0.12871913171339536 0.18780208535606913 -0.068072025318766979 0.12773775805578688 -0.094090589584250942 0.34973712319130912 0.17243422689524474 0.1881628889699859 0.11579166757642004 -0.0022811317501417847 0.057779350062680639 0.11195517169621053 0.11672680923861677 0.14069947216304265
leaf_weight=86762.679197523743 2057.9780679568648 161.25338140316308 30.669123621657491 47.369607891887426 90.179524198174477 1957.9644408635795 162.82106010243297 1029.474138122052 72.413684895262122 115.65756677184254 3304.3826838247478 392.47541159391403 58.274834984913468 41.400580853223801 139.3377341479063 5780.8697934532538 154.75289185717702 214.88051823154092 18560.831790393218 176.33080924674869 623.46797077916563 571.03317462280393 84.331216789782047 6.9262156113982192 35.263986870646477 161.68950216472149 130.53118216991425 88.630907475017011 12.693592196330426 223.86461875401437 264.69379814341664 88.033794486895204 22.439875509589911 30.076845267787576 11.684576626867054 24.262992458418012 2517.1469146423042 171.52276321686804 101.30571617931128 78.583988255821168 31.052113486453891 4.0106273796409351 947.64875324256718 26.636312504298985 71.867861367762089 47.448592741973698 5.3721428364515305 47.709100726991892 34.920036897063255 45.612393837422132 41.332805708050728 208.1264069750905 66.282578092068434 3.6438930537551633 199.85327279940248 41.30778263695538 604.07830613851547 26.257577219977975 36.212506093084812 208.36034990102053 63.76558318734169 19778.869791932404
leaf_count=5900215 127452 8706 845 2890 2767 131022 3286 6222 4371 2395 222754 1800 309 353 625 388146 6336 1878 89289 887 4289 20963 2750 169 602 741 640 1264 355 6119 5131 1442 995 159 63 456 12926 5363 490 1239 383 76 61032 418 3920 2035 118 1656 156 457 429 1362 4190 63 1565 432 2846 342 168 2401 285 95529
internal_value=-0.026347 -0.0861403 0.121104 -0.0951406 -0.0244046 -0.0682411 0.133252 0.0706908 -0.0974347 -0.0624099 -0.0799557 0.12006 -0.0822421 -0.00945487 0.0465356 -0.0990078 -0.0837531 0.0617809 0.136289 0.0658216 0.110054 -0.0212122 0.0492032 -0.0948737 -0.0273697 0.0483075 0.0575298 0.0933543 -0.0872885 -0.0299973 0.0688629 0.108587 0.152798 0.126486 -0.0484584 0.125468 0.132601 0.111135 0.0901882 0.105085 -0.0637786 -0.034605 -0.0960805 -0.0717414 0.0143696 0.0908253 0.244786 0.0569702 -0.000137976 0.0470877 0.0158781 0.0881068 0.0479928 -0.061223 0.141363 0.129469 0.127788 0.118355 -0.0582747 0.0752694 0.0359282 0.136976
internal_weight=149101 106083 43018 101646 3193.05 2407.99 40592.8 1879.07 98452.8 4231.58 3803.18 4436.65 2425.17 849.592 646.477 94221.3 7458.58 529.47 38713.8 374.072 785.057 808.192 225.474 6929.11 232.73 498.797 450.027 428.405 2366.9 308.918 426.383 141.143 110.474 694.878 582.718 312.747 3790.17 1273.03 880.551 365.334 254.917 164.136 6874.47 1093.6 145.953 74.0849 9.38277 54.6353 197.741 150.454 71.4097 413.747 205.62 175.167 288.484 54.0014 705.384 71.87 197.466 402.657 194.297 38339.7
internal_count=7148567 6790737 357830 6751596 144882 137238 222780 33633 6606714 238677 232997 39141 135050 27411 15653 6368037 467822 10446 189147 4329 7644 27058 6032 457376 9476 10243 6216 5680 134741 7289 5872 3282 2437 4877 21026 3285 23488 10562 8762 3916 6502 6530 455551 67405 6373 2453 194 1825 3442 2038 588 6177 4815 5426 2829 787 3336 799 8874 3326 925 184818
is_linear=0
shrinkage=0.1


Tree=8
num_leaves=63
num_cat=0
split_feature=15 12 16 12 2 16 1 12 11 11 6 12 16 3 4 14 12 16 3 0 1 11 12 15 15 16 16 8 4 13 15 0 1 13 11 16 4 15 13 4 14 15 12 14 13 12 4 3 0 2 7 1 6 1 16 7 0 2 0 2 0 12
split_gain=107221 11741 9519.52 2670.94 2523.61 2522.91 991.638 1494.42 1184.97 616.34 610.413 840.725 465.394 438.827 445.62 359.037 301.809 832.476 304 459.145 301.535 242.087 453.364 212.286 269.535 204.819 190.903 184.962 175.174 165.541 159.807 156.457 149.461 143.295 136.764 132.66 165.249 131.049 111.312 143.601 108.337 104.736 104.186 103.732 103.407 92.7849 109.749 88.8629 114.92 111.148 149.579 85.022 81.1596 75.8059 73.2887 70.1216 69.2774 105.746 88.0458 111.981 81.008 120.761
threshold=1.5000000000000002 30.034341812133793 -0.41593790054321284 9.3750600814819354 0.04271234758198262 0.12352748587727548 0.63333335518836986 12.231742858886721 1.0000000180025095e-35 1.0000000180025095e-35 1.0000000180025095e-35 11.640582084655763 -0.27397029101848597 0.62575301527977001 0.26138716936111456 0.60232558846473705 13.142824172973635 -0.20594234019517896 0.60640108585357677 0.11805555596947671 0.46428571641445165 1.0000000180025095e-35 1.0000000180025095e-35 23.500000000000004 20.500000000000004 0.011577461380511524 -0.41914188861846918 1.0000000180025095e-35 0.88047617673873912 1.0000000180025095e-35 5.5000000000000009 0.48076923191547399 0.46428571641445165 1.0000000180025095e-35 1.0000000180025095e-35 -0.51478981971740712 0.25158227980136877 15.500000000000002 1.0000000180025095e-35 0.23222110420465472 0.71198156476020824 2.5000000000000004 79.58396148681642 0.76696833968162548 1.0000000180025095e-35 1.0000000180025095e-35 0.89009663462638866 0.59299960732460033 0.16025641560554507 0.23624395579099658 1.0000000180025095e-35 0.46428571641445165 1.0000000180025095e-35 0.46428571641445165 -0.20936173945665357 1.0000000180025095e-35 0.11805555596947671 0.90892314910888683 0.76388889551162731 0.84012389183044445 0.42261904478073126 20.612508773803714
decision_type=2 2 2 2 2 2 2 2 2 2 2 2 2 2 2 2 2 2 2 2 2 2 2 2 2 2 2 2 2 2 2 2 2 2 2 2 2 2 2 2 2 2 2 2 2 2 2 2 2 2 2 2 2 2 2 2 2 2 2 2 2 2
left_child=3 6 20 5 13 9 10 8 40 15 16 34 33 14 23 45 -2 26 31 37 35 22 -7 24 41 -11 -18 42 56 -9 -10 -19 -21 -6 43 -3 -37 -20 -28 -40 -8 -4 52 -12 -13 -1 -47 49 -49 50 -14 -35 -16 -41 -31 -55 -5 58 60 -60 61 -58
right_child=1 2 4 28 12 21 7 29 30 25 11 44 47 -15 27 -17 17 18 19 32 -22 -23 -24 -25 -26 -27 38 -29 -30 54 -32 -33 -34 51 -36 36 -38 -39 39 53 -42 -43 -44 -45 -46 46 -48 48 -50 -51 -52 -53 -54 55 -56 -57 57 -59 59 -61 -62 -63
leaf_value=-0.10131473604298491 -0.10027236978378573 -0.098243467121885988 0.11906999998828194 0.13586351438346819 -0.050312040510103934 -0.093345662397995299 -0.096641812235601671 0.0083927327033652445 0.1077909245789883 -0.012770972710587991 -0.093293528954261712 0.012321117524613642 0.10578935572272063 0.1529932099002515 -0.06960567748329291 0.17195013547285418 -0.098991830640833903 -0.07006713405242089 0.090285492129322034 -0.059584640700002536 0.066533580791909672 0.14491923676461285 0.12037139472624275 -0.078015986141061588 0.12214142485598867 0.10952793188611985 -0.088481523603627182 0.09511679267727903 0.13425611566902471 0.0063352024821137255 -0.02169577955578016 0.1026896230663502 0.059727372366076253 0.018644188534305866 0.015662555908263615 0.043508537913564772 -0.075366410813276732 0.24523461485886672 0.075237430254743082 -0.064514866692177084 0.05620579353346964 -0.06186317299797911 0.027444642020881316 0.17869134667463252 0.11623834390014008 -0.066192328941818798 0.090316859944317859 0.14271057734415782 0.10990727894756287 0.1148573563116297 -0.038545377297318106 0.11120272157381486 0.11864846199276205 0.091874095560194005 0.12797913906774697 -0.069562816955115209 0.010152202681131116 0.13464069496802619 -0.019047906444266724 0.099821951224459901 0.11710873533903439 0.10162743250386966
leaf_weight=1008.7451512655243 66064.596375988796 5300.239979785867 40.481910300441086 2071.4449409805238 174.93653850443661 134.59689398668706 3259.7159486683086 204.75192443281412 354.30864784307778 269.59646684676409 1109.2683229120448 141.62103856820613 158.3034034660086 152.76070413924754 1374.4101125951856 55.984252729453146 9807.5998240141198 782.58117664325982 184.29931454639882 374.79700979497284 121.73787522874773 1357.2658253312111 378.0598125346005 114.11393716558814 365.55107490997761 278.29605584591627 1126.7259596409276 82.585648275911808 20914.900871240534 55.557083808816969 130.38643479440361 56.187231379561126 145.85075826197863 233.75092720985413 137.9128586044535 140.55172915197909 696.04018859378994 77.550485408864915 92.963525494560599 881.73812903277576 47.041511176154017 152.57409659959376 129.03298137243837 14.201925507746635 295.68915051501244 255.55470367241651 54.329383021220565 2073.0066638272256 2202.8215374033898 646.76247517950833 131.39841769263148 172.46561377868056 23.288847470656037 63.490240506827831 456.44602267537266 46.693524382077157 168.43550930730999 2304.0715589532629 115.4740661168471 252.63078937213868 6322.1929957084358 1007.8715044856071
leaf_count=73461 4955467 373727 241 13118 6479 5144 239922 6563 5289 1533 80056 4032 2169 1305 76143 1005 726904 51635 5873 23808 2218 6646 2741 6875 6076 1534 78420 2101 107662 2433 5506 1579 5519 6836 3965 5249 41472 812 4171 59772 2056 6299 1807 550 4659 16565 1469 11699 16826 6975 4111 1777 187 2045 5526 3089 3786 11630 658 1255 33713 5580
internal_value=-0.0260406 -0.0796412 0.00363667 0.119602 0.0743343 0.0401043 -0.0936838 -0.0480307 -0.0730639 -0.0403354 -0.0962121 -0.0368956 0.110236 -0.0110925 -0.0220765 -0.0760819 -0.0974763 -0.083934 -0.0166701 0.0281621 -0.0893107 0.122806 0.0642605 0.0462713 0.0716611 0.0493494 -0.0930072 -0.0506469 0.128695 0.0843886 0.0729581 -0.0584945 -0.0261614 0.0253553 -0.0783186 -0.0924022 -0.0553948 0.136176 -0.0664675 -0.0436045 -0.0944674 -0.0239233 -0.0585318 -0.0898553 0.0825852 -0.0866124 -0.0387529 0.1197 0.125811 0.0918 0.0403243 0.0579414 -0.0664689 -0.0547425 0.11478 0.0234606 0.119195 0.1158 0.110281 0.0625326 0.112625 0.0885291
internal_weight=137348 100399 14486.8 36949.5 8228.24 3792.43 85912 4508.21 3791.45 1922.51 81403.8 1698.69 5793.45 2434.8 2282.04 1374.61 79705.1 13640.5 1621.27 782.498 6258.57 1869.92 512.657 672.721 558.607 547.893 12019.2 1609.32 33157 716.755 484.695 838.768 520.648 581.153 1261.38 6136.83 836.592 261.85 2211.61 1084.89 3306.76 193.056 1526.73 1123.47 437.31 1318.63 309.884 5212.29 4275.83 936.464 289.702 406.217 1397.7 991.922 512.003 110.184 12242.1 10170.7 7866.6 368.105 7498.5 1176.31
internal_count=7147723 6860223 580572 287500 157906 110098 6279651 267295 252773 95567 6012356 93262 56872 101034 99729 92500 5919094 963627 89226 36012 422666 14531 7885 19491 12616 3067 874401 80238 177402 14522 10795 53214 29327 15092 84571 420448 46721 6685 147497 69077 241978 6540 78137 80606 8691 91495 18034 41780 28525 13255 6280 8613 76330 64906 7959 5134 69740 56622 44992 1913 43079 9366
is_linear=0
shrinkage=0.1


Tree=9
num_leaves=63
num_cat=0
split_feature=9 16 16 16 9 11 2 9 9 16 16 15 16 14 14 1 9 6 16 15 3 4 15 11 16 19 9 11 3 9 14 1 17 17 4 11 9 6 16 16 15 9 14 3 0 9 14 1 5 3 6 0 9 2 14 17 18 17 14 6 9 18
split_gain=103275 15603.5 7886.61 1457.79 1582.68 1376.65 663.781 812.743 354.068 1658.54 319.014 188.542 184.98 173.156 161.96 159.321 158.438 145.454 141.166 136.683 119.001 120.187 117.932 115.91 500.093 150.579 109.045 157.021 98.9092 109.82 92.3899 91.1815 90.8969 89.3587 88.2987 113.644 380.194 87.8523 79.8442 79.5423 78.5834 78.4411 123.441 70.5308 79.3894 71.416 70.3583 70.2023 70.2021 66.6728 64.9294 90.9389 112.558 136.847 102.45 72.3551 64.6402 64.4895 58.4431 61.2019 56.8205 54.4105
threshold=0.35388994216918951 0.059652052819728858 -0.50818976759910572 -0.013974681496620176 0.13100686669349673 1.0000000180025095e-35 0.050563033670187003 0.5313725769519807 0.22792208194732669 -0.18845506757497785 0.12352748587727548 16.500000000000004 -0.2543171346187591 0.97220078110694896 0.97366598248481762 0.30952382087707525 0.49137930572032934 1.0000000180025095e-35 -0.33024491369724268 16.500000000000004 0.63438084721565258 0.2674796879291535 1.5000000000000002 1.0000000180025095e-35 -0.085906960070133195 0.83333334326744091 0.1863425895571709 1.0000000180025095e-35 0.22347066551446917 0.55902779102325451 0.96871945261955272 0.38750000298023229 196.50000000000003 164.50000000000003 0.88047617673873912 1.0000000180025095e-35 0.10435571894049646 1.0000000180025095e-35 -0.17000520974397657 0.011577461380511524 10.500000000000002 0.64495798945426952 0.98837208747863781 0.39455153048038488 0.11805555596947671 0.22792208194732669 0.71198156476020824 0.46428571641445165 0.77015754580497753 0.48749218881130224 1.0000000180025095e-35 0.11805555596947671 0.7947368621826173 0.90892314910888683 0.96871945261955272 1762.5000000000002 9.4543409347534197 239.50000000000003 0.74352160096168529 1.0000000180025095e-35 0.41885964572429663 3.200596928596497
decision_type=2 2 2 2 2 2 2 2 2 2 2 2 2 2 2 2 2 2 2 2 2 2 2 2 2 2 2 2 2 2 2 2 2 2 2 2 2 2 2 2 2 2 2 2 2 2 2 2 2 2 2 2 2 2 2 2 2 2 2 2 2 2
left_child=1 3 15 8 5 58 7 20 23 11 17 18 16 32 19 28 -8 26 -10 33 21 30 39 -1 38 31 27 -3 29 -2 46 -26 43 -11 35 36 -12 -23 -25 -7 -20 42 -9 -6 45 -45 -4 -40 -46 -42 51 55 53 54 -53 60 -33 -51 -5 -60 -14 -38
right_child=2 10 6 4 13 22 12 41 9 14 34 -13 50 -15 -16 -17 -18 -19 40 -21 -22 37 -24 24 25 -27 -28 -29 -30 -31 -32 56 -34 -35 -36 -37 61 -39 47 -41 49 -43 -44 44 48 -47 -48 -49 -50 57 -52 52 -54 -55 -56 -57 -58 -59 59 -61 -62 -63
leaf_value=-0.10014338494650823 -0.067881702419746517 -0.075134743586389968 0.04981662138605393 -0.097901045760752106 -0.090086136155896834 -0.014423950319478698 -0.0044253345673484308 0.12403059829170969 -0.071116473913873796 0.14922242345811335 -0.061591231948188024 -0.096625119520769631 0.18946518136678053 -0.05177473253522441 -0.018647314345209273 0.075910256346099603 0.10296684164249002 0.11071313926128579 -0.064073546623166597 -0.030900590657235383 0.16600094378257832 -0.057903169101780727 0.095847806317865769 -0.097376859893975432 -0.031116024929077155 0.9189218573777217 0.083532500409655278 0.09180616704922355 -0.095717852035153705 0.11285995414006836 -0.048959066995724776 0.094057433887156983 0.020826590030734393 0.043030538219028969 0.13023004925292378 0.14366108379663198 0.17858020974687633 0.21616127360968723 -0.084140970316083238 0.081158084614520454 -0.03632224375472088 0.13412548122251469 -0.021988848580327316 0.37145044119902421 -0.025731986787509032 0.15078040976197926 0.22427060514275765 0.036558366395574853 0.10974802903601402 0.19202584093051647 0.13073835888419807 0.10795181501879143 0.13013906341193957 0.12814234228226298 0.071361151183087113 -0.09131601390392563 0.65115749624172681 -0.021150331070154391 -0.040195415829762188 0.26801216827994206 0.13497587605860245 0.097699614850390554
leaf_weight=70408.486074357294 111.77117622178048 203.45747676398605 109.53714260831475 3231.5853717839345 17.617509955540299 269.74723785743117 185.69547770358622 156.70999687723815 258.1029015481472 334.53305175993592 161.27153933979571 5452.5024316366762 205.45784980617464 93.507672249339521 137.08166970312595 60.602762693539262 527.96031379327178 194.66507154796273 42.744427219964564 65.406453073956072 34.337232109159231 491.50854739081115 352.3648183979094 2266.5276579484344 79.259354779496789 2.0368123399093738 124.3834463506937 77.9197598695755 1738.6890375288203 48.078095969744027 78.753605966456234 143.78912433143705 147.92809812258929 103.83828432951123 2260.6837686728686 357.31012773513794 97.417858511209488 11.981395551934837 108.93145706504583 128.56047355011106 28.111123467795551 830.17793533578515 91.814655295573175 19.962889607064426 41.154251637868583 55.271728673018515 29.302606134675443 86.416654129512608 541.45404777675867 61.393828155472875 17330.085917033255 4329.2135270666331 5086.7509171962738 3038.2486058548093 929.47705182805657 13.73715754970908 2.1133575309067956 18.457279997877777 29.317917976528406 8.2575126662850362 2791.7321082763374 568.90964812040329
leaf_count=5798881 8375 12722 3015 259854 947 1541 4033 1728 16150 2972 5378 436702 1236 1911 2980 505 3197 2089 1586 2553 324 21620 4116 185018 4547 36 575 389 121816 875 3114 3775 1850 1514 12925 1808 500 65 8250 813 1802 4692 1445 321 518 288 635 3954 3784 1576 95098 22571 27345 16042 5004 102 78 606 2070 434 15123 2833
internal_value=-0.025638 -0.0849239 0.111727 -0.0941057 -0.0413753 -0.0684169 0.122283 0.0636646 -0.097376 -0.0750141 0.106919 -0.0917141 0.125404 0.07718 0.0777249 -0.0837022 0.0750231 0.0396532 -0.0262136 0.103949 -0.0158815 -0.0245425 0.0537069 -0.0993652 -0.0789891 0.0629669 0.00556202 -0.028905 -0.0887971 -0.0135198 0.0375599 0.055224 0.0918247 0.124068 0.11864 0.0965288 0.0761797 -0.0513813 -0.0920898 0.0164267 0.0506877 0.119371 0.0700853 0.107374 0.112662 0.209333 0.0866357 -0.0307469 0.100178 0.096124 0.126471 0.121959 0.118427 0.111246 0.101484 0.137662 0.102127 0.142751 -0.0964593 0.0275358 0.138711 0.109524
internal_weight=126814 88582.5 38231.6 84536.5 4936.73 4019.83 36272.5 1834.12 79599.7 6502.17 4046.02 5861.31 34438.4 916.896 640.859 1959.14 713.656 600.426 408.81 503.778 755.421 721.083 750.673 73097.6 2689.07 227.199 405.761 281.377 1898.54 159.849 217.593 225.162 823.389 438.371 3445.59 1184.91 827.599 503.49 2461.88 398.308 150.707 1078.7 248.525 675.46 657.843 75.2346 138.84 195.348 582.608 107.962 33724.7 16394.6 13383.7 8296.94 5258.69 3010.93 145.902 79.8511 3269.16 37.5754 2997.19 666.328
internal_count=7148606 6790646 357960 6751427 278447 268828 226389 36638 6472980 468441 39219 458422 189751 9619 10019 131571 7230 15775 21720 7039 28773 28449 6470 6004539 205658 8436 13686 13111 131066 9250 6764 8400 7708 4486 23444 10519 8711 21685 197222 2354 5570 7865 3173 5858 4911 609 3650 12204 4302 3984 182521 87423 70962 43617 27575 16461 3853 2182 262358 2504 16359 3333
is_linear=0
shrinkage=0.1


Tree=10
num_leaves=63
num_cat=0
split_feature=9 15 15 9 4 9 14 6 9 14 2 1 14 9 4 3 9 15 9 15 3 18 13 18 12 6 9 14 3 15 3 12 2 15 9 14 14 1 18 18 13 2 6 2 9 13 2 12 15 15 9 9 9 15 17 13 13 12 2 18 5 18
split_gain=91181 13151.6 5234.94 1701.44 1451.77 733.17 886.225 640.561 898.724 464.792 325.789 257.242 502.041 588.064 220.623 198.64 188.698 187.268 166.99 769.79 202.907 160.925 154.405 138.323 135.799 132.611 125.58 177.05 161.874 125.095 120.261 113.639 112.269 170.421 109.768 480.349 135.032 107.999 107.491 121.569 103.234 87.9863 85.5444 84.0643 83.9872 80.0599 79.4892 76.864 70.9017 70.4877 70.2473 68.2278 66.5469 64.2237 63.6664 62.8365 61.8813 61.1287 58.4304 76.2357 84.7501 58.419
threshold=0.35388994216918951 1.5000000000000002 17.500000000000004 0.58578431606292736 0.81375637650489818 0.11651583760976793 1.0000000180025095e-35 1.0000000180025095e-35 0.16441441327333453 1.0000000180025095e-35 0.047927469015121467 0.63333335518836986 1.0000000180025095e-35 0.15268065780401233 0.24440020322799685 0.54923510551452648 0.86811593174934398 22.500000000000004 0.22792208194732669 16.500000000000004 0.49742268025875097 1.0000000180025095e-35 1.0000000180025095e-35 4.4561243057250985 11.53653144836426 1.0000000180025095e-35 0.7947368621826173 0.97366598248481762 0.53144779801368724 23.500000000000004 0.92403846979141246 11.53653144836426 0.0090742730535566824 19.500000000000004 0.094494048506021514 1.0000000180025095e-35 0.6885775923728944 0.46428571641445165 1.0000000180025095e-35 2.6105628013610844 1.0000000180025095e-35 0.90892314910888683 1.0000000180025095e-35 0.46223770081996923 0.93933823704719555 1.0000000180025095e-35 0.74451968073844921 47.34480285644532 5.5000000000000009 4.5000000000000009 0.21807064861059192 0.10435571894049646 0.039230769500136382 20.500000000000004 119.50000000000001 1.0000000180025095e-35 1.0000000180025095e-35 32.669076919555671 0.90892314910888683 1.0000000180025095e-35 0.9495762586593629 1.0000000180025095e-35
decision_type=2 2 2 2 2 2 2 2 2 2 2 2 2 2 2 2 2 2 2 2 2 2 2 2 2 2 2 2 2 2 2 2 2 2 2 2 2 2 2 2 2 2 2 2 2 2 2 2 2 2 2 2 2 2 2 2 2 2 2 2 2 2
left_child=1 4 10 14 5 6 -1 11 9 49 15 18 48 -14 22 16 -2 32 -3 20 -20 54 -4 30 -15 26 27 38 -29 47 50 -10 53 -34 35 -25 52 -23 -12 -40 46 -41 -16 -39 -19 -26 61 -24 -13 -9 -6 -11 -37 -5 -22 -33 -54 -47 59 -30 -61 -7
right_child=2 7 3 17 23 40 -8 8 31 51 25 12 13 24 42 -17 -18 44 19 -21 21 37 29 34 45 -27 -28 28 58 -31 -32 55 33 -35 -36 36 -38 43 39 41 -42 -43 -44 -45 -46 57 -48 -49 -50 -51 -52 -53 56 -55 -56 -57 -58 -59 -60 60 -62 -63
leaf_value=0.088100880003550167 -0.059709167601636692 -0.099839482576805749 -0.053707806556913866 0.037688172744238101 -0.050508562053793719 0.069731250792079633 -0.092132541378290689 0.083014145615013829 0.3111722587186399 -0.099410495627080306 0.13725978753713181 0.065508775870587302 -0.099539825781470651 0.32100831309828187 -0.080236712493407414 0.11917665207197362 0.1243472041501793 -0.04102598015368069 -0.068465547219469805 -0.095774091539211861 0.15398002247918349 -0.040863933296881289 0.17249559938540421 0.1077697234695274 -0.03090436394718207 0.12677823677166528 0.12553271875548255 -0.030760232747834078 0.11974918108837643 -0.092550715780309212 0.096263001083086441 0.029632901239803722 0.12673911822865142 -0.030148998919137544 0.12105436517979724 -0.097534073881807792 0.37494919456405873 0.25214845704324051 -0.061949538843696653 0.1005571008361027 0.10064884928561146 0.12446330046990534 0.12436529479029446 0.032860331843997094 0.13093764739109018 0.12769768187147124 0.099917812510913015 -0.0056103633803476737 -0.028447169613364728 -0.023715426041551788 0.082808058948792895 -0.021525025225279208 -0.068269763888706023 0.15212621652015612 0.04061889537606983 0.11961917793086603 0.14815142618836716 -0.028530331481741746 0.1169344856314779 0.026931062756990677 0.087931637337681501 -0.067131482148891183
leaf_weight=365.06214305758476 221.29238776583225 64059.678909801878 180.06649882532656 54.624789878726006 142.57384489756078 45.28650376573205 1079.6996238389984 186.47295140661299 24.28897594101727 1368.8766246577725 1536.2340981820598 272.97772469744086 2365.6286988826469 18.789535469375551 1830.851778883487 183.002705889754 74.438314348459244 129.21898596175015 204.6540561914444 5038.6122756646946 141.73995836731046 197.54976393654943 93.912327564321458 1299.0575327388942 91.767782329581678 16197.120923520997 5911.9838703051209 125.26032568328083 295.34858899563551 32.817797029390931 201.69905865285546 121.28845830075443 170.0801532799378 116.77623305562884 1793.202735664323 161.74166048783809 7.1892252285033456 23.917177855968475 41.849021813832223 4350.0300637306646 513.47020478546619 2382.8994266688824 20.665521740913391 64.968745284713805 36.402412489056587 103.4656268954277 79.322926779277623 32.656565834768116 113.80000087060034 92.611086515709758 54.683164022862911 122.54164987523109 28.682496150955558 479.70678236335516 76.165430252440274 215.43050274811685 24.494287117384374 33.044201318174601 471.90869550406933 402.9853678252548 523.79118725657463 100.17779786884785
leaf_count=2220 6489 5829381 11106 757 5769 431 85857 2066 186 120681 9577 4194 211772 166 129813 1324 383 4415 13551 440663 1522 8809 2657 6967 2257 95386 34074 1897 1710 2240 2465 1560 1317 2433 10594 11402 122 411 912 24452 3210 13398 169 1493 301 1619 446 1104 5256 3113 296 6087 1158 3535 1324 1803 615 597 2698 2773 2850 959
internal_value=-0.0253503 -0.084246 0.107278 -0.0152586 0.0595511 -0.0051646 -0.0465912 -0.0955604 -0.041526 -0.070847 0.119179 -0.0971423 -0.0684667 -0.0842077 -0.0643658 0.0372914 -0.0133804 0.0937718 -0.0983745 -0.082046 0.015515 0.049593 0.00974497 0.0975967 0.0625948 0.120395 0.113951 0.107192 0.078936 0.0814305 0.0419674 0.102274 0.113336 0.0628716 0.104293 0.0845339 -0.051367 0.000324379 0.113377 0.107962 0.0759068 0.109018 -0.0779531 0.0918658 -0.00322959 0.0413248 0.0193898 0.126542 0.0378645 0.0475971 -0.0135508 -0.0930111 -0.0656277 0.140427 0.114356 0.0872055 0.0314182 0.0898804 0.0870471 0.0755065 0.0614071 -0.0245229
internal_weight=116731 80834.6 35895.9 3177.78 5896.34 2183.02 1444.76 74938.3 2131.51 1770.5 32718.1 72806.8 2999.47 2612.7 2190.97 478.733 295.731 986.809 69807.3 5747.61 708.995 504.341 339.453 3713.32 247.067 32239.4 16042.3 10130.3 1819.29 159.387 398.956 361.008 821.188 286.856 3314.37 1521.17 222.108 286.436 8311.01 6774.78 738.257 6732.93 1851.52 88.8859 165.621 228.278 224.787 126.569 386.778 279.084 197.257 1491.42 214.918 534.332 217.905 336.719 53.1768 136.51 1694.03 1222.13 926.777 145.464
internal_count=7148792 6791022 357770 159847 132511 93123 88077 6658511 135496 131947 197923 6523015 225861 216411 147089 8196 6872 12758 6297154 467773 27110 13559 17107 39388 4639 189727 94341 60267 11928 6001 8530 3549 8042 3750 30858 20264 13297 10713 48339 38762 5046 37850 129982 1904 4716 4473 1836 3761 9450 5179 6065 126768 13175 4292 2846 3363 1773 2216 10031 7333 5623 1390
is_linear=0
shrinkage=0.1


Tree=11
num_leaves=63
num_cat=0
split_feature=15 12 16 12 16 2 6 12 12 16 17 11 11 16 11 16 14 4 2 15 15 16 4 16 11 12 15 5 14 17 4 16 15 15 7 17 0 0 2 12 14 12 12 18 0 12 17 17 16 2 0 0 15 16 18 2 4 17 19 16 12 18
split_gain=73574.9 8922.36 6994.31 1843.72 1746.03 1697.75 759.928 629.407 478.17 1325.7 430.916 383.774 372.678 347.756 284.866 854.478 268.595 266.537 281.466 325.717 275.703 237.885 226.455 207.829 177.572 310.125 171.389 165.34 154.19 132.548 125.768 125.43 122.699 119.073 120.369 99.1522 96.0268 93.7559 98.9448 93.4746 94.5021 93.3867 102.341 91.8942 88.3259 87.4211 95.8902 83.9042 83.2686 76.2675 73.7521 79.7222 72.8647 72.1316 70.0606 72.0762 67.7781 64.6422 60.0386 206.025 59.5632 58.9822
threshold=1.5000000000000002 28.719901084899906 -0.41243189573287958 9.3750600814819354 0.12352748587727548 0.047927469015121467 1.0000000180025095e-35 11.640582084655763 13.142824172973635 -0.18845506757497785 127.50000000000001 1.0000000180025095e-35 1.0000000180025095e-35 -0.27058753371238703 1.0000000180025095e-35 -0.099231444299221025 0.63286262750625621 0.57659712433815014 1.0000000180025095e-35 23.500000000000004 21.500000000000004 -0.41243189573287958 0.88047617673873912 -0.53698527812957753 1.0000000180025095e-35 1.0000000180025095e-35 22.500000000000004 0.96449580788612377 0.60232558846473705 1390.5000000000002 0.25158227980136877 0.011577461380511524 10.500000000000002 18.500000000000004 1.0000000180025095e-35 95.500000000000014 0.48076923191547399 0.42261904478073126 0.72677949070930492 20.729025840759281 0.67424243688583385 1.0000000180025095e-35 5.3291354179382333 4.1282925605773935 0.30384616553783422 29.398786544799808 474.50000000000006 148.50000000000003 -0.04437675513327121 0.58376389741897594 0.069047622382640853 0.48076923191547399 2.5000000000000004 -0.2252639755606651 2.6105628013610844 0.42449578642845159 0.23222110420465472 53.500000000000007 0.41666667163372045 -0.28037081658840174 13.739194869995119 4.3244075775146493
decision_type=2 2 2 2 2 2 2 2 2 2 2 2 2 2 2 2 2 2 2 2 2 2 2 2 2 2 2 2 2 2 2 2 2 2 2 2 2 2 2 2 2 2 2 2 2 2 2 2 2 2 2 2 2 2 2 2 2 2 2 2 2 2
left_child=3 6 23 4 12 17 8 11 14 21 39 28 16 32 -2 58 41 18 19 20 52 -10 45 -3 25 -6 -22 -12 -8 47 -25 -14 -7 34 57 56 -34 -17 43 40 60 -1 -43 -39 -32 46 50 -15 -13 -45 -5 -52 -4 -9 -46 -56 -23 -20 -16 -60 -11 -53
right_child=1 2 5 22 24 13 7 53 9 10 27 48 31 29 15 37 -18 -19 33 -21 26 35 -24 30 -26 -27 -28 -29 -30 -31 44 -33 36 -35 -36 -37 -38 38 -40 -41 -42 42 -44 49 54 -47 -48 -49 -50 -51 51 61 -54 -55 55 -57 -58 -59 59 -61 -62 -63
leaf_value=-0.10093918970153426 -0.099777608846795693 -0.096640266741869096 0.10802728830685687 0.13005174676074993 -0.089867131664272834 -0.089013229885319886 -0.092910308353642376 -0.016572447008419294 -0.097776653327415891 0.25736322218389346 -0.064403497348188662 -0.050874299862026517 -0.018572249377450785 0.11113358013280016 -0.092890688165478782 -0.019276293900389343 0.15606275155218485 0.10872243954104169 0.13596412176685346 -0.083811323736850019 0.13027314624190453 0.077078617445817232 0.12187395321831651 0.031066303775724426 0.12994938743560028 0.10258198582144776 -0.0071320805399254159 0.077647372033496309 0.10080787530853486 -0.087998469601775819 -0.078106269809838078 0.07759873841732047 0.0070771739052198565 -0.082916045225121429 -0.077062908346338624 -0.073892345484716224 0.10312255348916495 -0.012220263924162474 0.058522187368709511 0.097649121909239661 0.10343274526813395 0.18181571854250633 -0.050022704586282142 0.44296916913988044 -0.10367510655265633 0.10822696994272296 -0.0068933822588198692 0.078196403202757545 0.07143933722853163 0.18312788672966857 0.035809363912669208 -0.047167445350400045 -0.042436537432480909 0.088090417432261051 0.11189720521072762 -0.037038119816903664 -0.034965627918737384 0.0061295202343148404 -0.0808602820241478 1.3174780042864007 -0.0095917682635445409 0.094097814104672634
leaf_weight=768.35350252781063 49425.113106066361 4400.9919050643221 36.410442648455501 396.99738681223243 110.28212938830256 88.689723687246442 1220.5716518415138 79.427667158655822 6915.8131190463901 8.6134687066078168 601.62609734013677 74.554996211081743 273.4289786182344 3597.1651386637241 1963.4363092640415 98.734086036682129 49.060891599394381 173.98307743389159 48.592772816307843 245.67076479271054 359.12502463627607 59.871773419901729 17029.990750294179 171.39612481929362 1142.0540658533573 347.84340645372868 121.48565118759871 94.858307627029717 42.519484750926495 36.221199771389365 715.62363641150296 269.07457834482193 310.36177287157625 651.69760860782117 171.90014323219657 1144.3666072990745 156.63299790397286 18.544626222923398 232.2683843029663 389.02858383581042 121.26180347800255 20.696168782189488 238.01636436861008 14.427734715864061 47.140560016967356 7895.5018251016736 105.02891050931066 985.24552817828953 219.59760021418333 52.039175792597234 304.99439467582852 30.110520052723587 277.33381912205368 385.13305173255503 66.052626242861152 63.955127825029194 549.53572042100132 181.87675614561886 4.955286955460906 1.3381880493834604 281.79061641264707 1605.8578418688849
leaf_count=73652 4963405 405299 254 3439 5067 4317 117093 3833 682253 378 46958 3521 1559 29445 191528 6121 870 2868 903 18176 4917 3370 107839 7549 6657 2755 6232 1911 2078 1189 55358 1528 10299 46680 9871 98874 1604 1052 3485 9848 4163 548 17547 488 3836 48075 2932 13931 1708 1123 4524 833 14115 6497 1125 2616 43441 7119 489 94 17737 10112
internal_value=-0.0248183 -0.076993 -0.00114865 0.106367 0.0347765 0.0619319 -0.0922895 -0.0319577 -0.0942576 -0.0744289 0.0124657 -0.0624324 -0.0384535 0.0935535 -0.0981485 -0.0643987 -0.0725228 -0.0102085 -0.0200896 0.016819 0.047941 -0.0894351 0.114787 -0.0870511 0.108851 0.0562547 0.0955407 -0.0450568 -0.0863892 0.102546 -0.0473939 0.0291273 0.0188134 -0.0565065 -0.0137322 -0.0565409 0.0392914 0.0658244 0.0923068 0.0625016 0.0292868 -0.0834419 -0.0314764 0.184613 -0.0624568 0.103112 0.0865805 0.104052 0.0404381 0.239531 0.0907797 0.0827471 -0.024975 0.0701958 0.000762209 0.038631 -0.0239577 0.0335042 -0.0919023 0.21647 -0.00167381 0.0914978
internal_weight=107494 76907 12907.6 30587.3 3218.81 7442.39 63999.4 2021.8 61977.6 10166.8 1497.18 1557.24 1618.63 5174.32 51810.9 2385.74 1076.13 2268.08 2094.09 1040.03 794.355 8669.59 27368.5 5465.16 1600.18 458.126 480.611 696.484 1263.09 4618.63 1064.17 542.504 555.684 1054.07 402.37 1753.77 466.995 416.014 317.28 800.694 411.666 1027.07 258.713 85.0115 892.772 10338.5 2442.99 4582.41 294.153 66.4669 2337.96 1940.96 313.744 464.561 177.148 130.008 609.407 230.47 1969.73 6.29348 290.404 1635.97
internal_count=7147088 6859151 647703 287937 110183 171920 6211448 134730 6076718 908933 80995 124400 95704 60785 5167785 204380 92617 111135 108267 43694 25518 827938 177754 475783 14479 7822 11149 48869 119171 44565 70484 3087 16220 64573 17893 145685 11903 12269 6148 32126 22278 91747 18095 2663 62935 69915 21840 43376 5229 1611 18908 15469 14369 10330 7577 3741 46811 8022 192111 583 18115 10945
is_linear=0
shrinkage=0.1


Tree=12
num_leaves=63
num_cat=0
split_feature=9 16 16 16 9 11 16 9 9 16 16 15 14 0 11 16 14 1 14 7 6 9 2 2 0 2 1 2 7 15 2 15 15 17 9 16 2 0 14 9 11 5 14 17 18 16 0 6 5 9 14 7 5 0 7 17 9 0 0 15 0 2
split_gain=72455.2 11216.6 5376.44 1317.79 982.781 1047.86 559.068 592.805 366.472 1570.15 249.63 192.188 172.967 143.538 143.154 435.534 133.623 129.948 128.27 121.677 109.074 113.645 159.388 103.362 100.873 141.876 99.8211 101.409 108.686 97.762 93.724 133.26 114.867 91.333 115.206 90.8758 133.91 93.6675 90.3097 87.7198 126.221 82.1673 77.4656 77.1599 72.7753 72.4433 68.4065 236.547 351.082 65.9886 65.4089 64.9863 110.636 179.332 66.9565 63.0456 60.5276 56.2865 55.9571 53.9061 51.8938 84.1435
threshold=0.35388994216918951 0.059652052819728858 -0.51478981971740712 -0.013974681496620176 0.13100686669349673 1.0000000180025095e-35 -0.19560074061155316 0.49137930572032934 0.21132376790046695 -0.18845506757497785 0.20255462080240252 16.500000000000004 0.97366598248481762 0.48076923191547399 1.0000000180025095e-35 -0.15498661994934079 0.97220078110694896 0.46428571641445165 0.97220078110694896 1.0000000180025095e-35 1.0000000180025095e-35 0.77097901701927196 0.028990934602916244 0.02547429129481316 0.16025641560554507 0.90892314910888683 0.46428571641445165 0.66078421473503124 1.0000000180025095e-35 23.500000000000004 1.0000000180025095e-35 20.500000000000004 19.500000000000004 77.500000000000014 0.22401433438062671 -0.45399816334247584 0.54297888278961193 0.48076923191547399 0.96871945261955272 0.1863425895571709 1.0000000180025095e-35 0.21846590936183932 0.73879140615463268 97.500000000000014 3.889803528785706 -0.7690114676952361 0.12916667014360431 1.0000000180025095e-35 0.55625879764556896 0.2639319002628327 0.71611723303794872 1.0000000180025095e-35 0.99484536051750194 0.080128207802772536 1.5000000000000002 1762.5000000000002 0.49137930572032934 0.76388889551162731 0.095454547554254546 1.5000000000000002 0.30384616553783422 0.52024662494659435
decision_type=2 2 2 2 2 2 2 2 2 2 2 2 2 2 2 2 2 2 2 2 2 2 2 2 2 2 2 2 2 2 2 2 2 2 2 2 2 2 2 2 2 2 2 2 2 2 2 2 2 2 2 2 2 2 2 2 2 2 2 2 2 2
left_child=1 3 17 8 5 50 7 16 14 11 13 19 23 39 -1 -16 42 41 43 35 21 22 -8 -11 55 38 -17 28 44 30 32 51 -9 34 46 -10 37 -37 57 40 -3 45 -4 -6 -28 -2 47 48 -25 -45 -5 -32 53 54 -53 -24 -47 -26 -41 -7 -46 -62
right_child=2 10 6 4 18 59 20 29 9 12 -12 -13 -14 -15 15 26 -18 -19 -20 -21 -22 -23 24 33 25 -27 27 -29 -30 -31 31 -33 -34 -35 -36 36 -38 -39 -40 58 -42 -43 -44 49 60 56 -48 -49 -50 -51 -52 52 -54 -55 -56 -57 -58 -59 -60 -61 61 -63
leaf_value=-0.099826464075902871 -0.090336842411231244 -0.071452022051739547 0.0037672227499524454 -0.096902270844511598 0.099948927176663482 0.01009913462318426 -0.046215975795866802 -0.025574197415834256 -0.073021936038152185 -0.074097197766210821 0.11166606121028233 -0.096196009674007321 -0.028457503908906018 0.076917304555255792 -0.094831927605969701 -0.04493284409026535 -0.06628724354198158 0.10079069471337343 -0.056272590276118452 -0.072606515967212806 0.12058391547122665 0.11936895445955671 0.12696765192793766 0.67144392396972374 0.096381942332723458 0.11599235356592966 -0.070204402613414693 0.019528029064288861 0.023539201380719563 -0.02336851058683545 0.11165884649564772 -0.047058760615955139 0.14705507633232376 0.071061618307139668 0.13524035025422518 0.085370674869015839 -0.089753988238237631 0.3212107626361328 0.054287780932783331 0.13686935162266323 0.14037652184530344 -0.092907323444202203 0.10716735284291008 0.0064067007258110783 -0.10524424369737795 -0.059293950917944566 0.26857877462321444 0.17469488555438495 3.4908428594362158 0.096217082464922415 0.026765019581290312 0.01396516198340751 0.14157979723323622 -0.10339358132269034 0.13202605454381186 -0.10332040743296896 0.13332767415568855 0.051620753922085295 -0.0083679409532080896 0.061705630294183744 0.64208550690556931 0.26586963936709562
leaf_weight=51489.186061695218 59.440789747983217 182.39073560200632 413.46596135850996 2458.9290581680834 408.78885597363114 401.35015232488513 73.311101289466023 41.570224632509053 57.869514581747353 34.48821606580168 2319.2433652300388 5263.3465173002332 147.17030076403171 803.45580207742751 1744.2285441234708 142.85212941095233 261.53317099343985 38.285146821290255 89.623284135945141 265.10250299144536 13876.846883989871 5296.9543005526066 1505.1177553795278 1.4237803490832441 3136.8648188710213 2392.6426938325167 5.3827228713780633 178.30768013000488 32.00158557575196 65.275773701258004 711.09126971941441 71.647823208011687 529.62887729331851 315.69370155129582 186.88277090992779 77.843704123981297 35.556723078712821 21.489384495653212 759.9361286945641 59.272960841655731 33.259039610624313 1377.7140658199787 87.849252883344889 242.31241056416184 2.5854286290705195 26.306226965039968 10.410310553386806 3.2201992124319077 0.64028949383646239 123.51356468815356 43.525830781087279 89.969396311789751 117.96910172700882 77.123650260269642 103.0697653144598 11.982728105038403 42.944938180036843 308.56678798794746 48.018293678760529 408.34554841183126 7.9508333196863559 23.563964002765715
leaf_count=5666513 4518 11565 14269 259304 3499 2354 1870 563 4253 2283 15909 558552 3728 10843 187315 11025 12119 210 1863 20719 94874 35042 9937 129 19053 15444 173 4265 1610 1757 4700 1530 4228 5056 1648 2784 1477 315 4552 319 188 121907 2419 3225 134 2448 310 14 53 889 2956 869 656 745 843 94 969 1892 249 4129 251 602
internal_value=-0.0245587 -0.0828627 0.100783 -0.0922929 -0.0379776 -0.0627569 0.110171 0.0655796 -0.0960706 -0.0734942 0.0929081 -0.0907903 0.0678838 0.0542856 -0.0987739 -0.0734119 -0.00834258 -0.0811455 0.056988 -0.0286486 0.11436 0.107955 0.100572 0.0935344 0.101898 0.0965517 0.0217413 0.0598712 0.160501 0.0967808 0.101283 0.0850822 0.134492 0.104689 0.157094 0.031807 0.07678 0.136392 0.0854909 -0.00202068 -0.0387823 -0.0857694 0.0218868 0.0700923 0.271511 -0.00935369 0.417321 0.710352 1.54604 0.0367293 -0.0947513 0.0936952 0.0607842 0.025504 0.0770016 0.125149 0.0601571 0.0923732 0.0718683 0.0361253 0.325451 0.360785
internal_weight=99146.3 67669.2 31477.1 64223.6 4176.39 3312.15 29932.4 2570.19 60047.2 6421.14 3445.64 5721.21 699.93 1126.4 53626.1 2136.87 762.848 1544.69 864.238 457.862 27362.2 13485.4 8188.42 552.759 8115.11 6598.01 392.644 249.792 71.4845 1807.35 1742.07 1170.87 571.199 518.271 202.577 192.759 134.89 99.3331 4205.37 322.941 215.65 1506.41 501.315 774.615 39.4829 128.692 15.6946 5.28427 2.06407 365.826 2502.45 1099.22 388.132 270.163 193.039 1517.1 69.2512 3445.43 107.291 809.696 34.1002 31.5148
internal_count=7148009 6790501 357508 6751428 278219 268743 227456 44698 6473209 601321 39073 588100 13221 23164 5871888 205375 28807 130052 9476 29548 182758 87884 52842 9493 50972 40941 18060 7035 2770 15891 14134 9343 4791 7210 2154 8829 4576 3099 25497 12321 11753 129842 16688 7613 1160 7935 506 196 182 4114 262260 7813 3113 2457 1712 10031 3417 20945 568 6483 987 853
is_linear=0
shrinkage=0.1


Tree=13
num_leaves=63
num_cat=0
split_feature=9 16 16 16 9 11 16 9 9 16 16 16 13 13 13 13 11 16 4 9 6 6 11 9 0 9 16 14 14 14 9 14 16 0 1 9 14 2 18 0 2 0 4 18 7 7 8 9 18 5 0 2 13 2 2 0 17 2 20 4 0 5
split_gain=64152.1 10045.5 4655.32 1359.64 944.196 1116.18 556.463 552.964 377.054 1403.25 229.685 194.979 188.373 161.285 156.985 154.169 146.224 395.087 138.945 133.896 118.369 116.498 109.434 284.826 109.022 107.132 105.821 101.032 100.64 95.1546 90.1859 81.9619 76.0172 73.4706 75.7685 71.8095 88.9877 70.4347 124.085 69.2307 89.3812 71.8164 80.097 74.5205 67.4474 89.4385 74.6145 67.4384 67.3754 66.7031 64.0005 62.8087 57.2071 53.9458 53.795 53.4552 52.7388 51.2407 50.0786 50.0236 49.2915 54.1733
threshold=0.35388994216918951 0.059652052819728858 -0.51478981971740712 -0.017761963419616219 0.12060606107115747 1.0000000180025095e-35 -0.17747497558593747 0.49137930572032934 0.20942982286214831 -0.18845506757497785 0.20255462080240252 -0.42552547156810755 1.0000000180025095e-35 1.0000000180025095e-35 1.0000000180025095e-35 1.0000000180025095e-35 1.0000000180025095e-35 -0.17361970990896222 0.57804551720619213 0.61721614003181469 1.0000000180025095e-35 1.0000000180025095e-35 1.0000000180025095e-35 0.087595909833908095 0.48076923191547399 0.82480818033218395 -0.73531287908554066 0.98837208747863781 0.97056278586387645 0.97220078110694896 0.22401433438062671 0.97220078110694896 -1.0000000180025095e-35 0.10555555671453477 0.63333335518836986 0.75595238804817211 0.98837208747863781 0.65017729997634899 3.8709022998809819 0.16025641560554507 0.88285672664642345 0.76388889551162731 0.90070420503616344 4.8120098114013681 1.5000000000000002 1.0000000180025095e-35 1.0000000180025095e-35 0.2639319002628327 9.3826146125793475 0.26138716936111456 0.30384616553783422 0.36145716905593878 1.0000000180025095e-35 0.90892314910888683 0.50422310829162609 0.48076923191547399 96.500000000000014 0.02547429129481316 1.0000000180025095e-35 0.55217784643173229 0.11805555596947671 0.94570022821426403
decision_type=2 2 2 2 2 2 2 2 2 2 2 2 2 2 2 2 2 2 2 2 2 2 2 2 2 2 2 2 2 2 2 2 2 2 2 2 2 2 2 2 2 2 2 2 2 2 2 2 2 2 2 2 2 2 2 2 2 2 2 2 2 2
left_child=1 3 19 8 5 -5 7 12 16 11 20 -10 -4 47 -11 35 -1 -18 55 -2 22 25 23 -3 48 27 -21 39 30 -14 -16 -15 -7 -25 -35 36 -9 38 -26 57 41 -41 43 -43 45 -17 59 -6 -19 -29 -50 -40 -28 60 -20 -13 -34 -8 -53 -47 -51 -62
right_child=2 10 6 4 13 32 21 15 9 14 -12 18 29 31 28 44 17 24 54 26 -22 -23 -24 33 37 -27 52 49 -30 -31 -32 -33 56 34 -36 -37 -38 -39 51 40 -42 42 -44 -45 -46 46 -48 -49 50 53 -52 58 -54 -55 -56 -57 -58 -59 -60 -61 61 -63
leaf_value=-0.099658385255780912 -0.092050601999428577 -0.094187566983191209 -0.060953849716036193 -0.09569441835418413 -0.032061798753712241 0.13471306451585666 -0.020316636432973448 0.056179613635666148 -0.099021159889616531 -0.0011182293864545909 0.10693533303947633 -0.069974237706187783 0.064466747541775046 0.095558069181657282 0.27194725762675293 0.10984806952653824 -0.095028448191631532 -0.060958051137000473 0.064540038038938027 -0.088754823936843308 0.09647147770419337 0.11811299113699712 0.099587500556194544 0.14774849261210296 -0.058238930791026183 0.1178832809359107 -0.059482764468760656 -0.11917202052525025 -0.0016673761388977509 -0.035829498748901088 0.10249562724945122 -0.031811234545807088 0.053774929514651182 -0.033535871585521328 0.072101701510216984 0.10522978417781743 -0.056594812837271816 0.022689562608582084 0.74634207480300407 0.091745475840882176 0.11281907327466051 -0.23764512691372222 0.10101973278546372 0.0097551900775478956 0.13542105069029248 -0.023405994368825886 0.15061169053407636 0.07499498867725754 0.026615258152574085 0.10093654293409104 0.60666595959392489 0.17785346336334645 0.08516386917847453 0.10727950623051273 -0.046704773930151808 0.28455532360179725 0.0013579712875307548 0.12737342814248381 0.62137964866288209 0.077797261342107016 0.022235704681460858 0.074409082021224579
leaf_weight=46354.586289274506 1190.2264164481312 187.75819951295853 346.48414728790522 2445.2645326321945 232.29926162771881 73.803233365528286 23.94893984682858 180.05464658793062 4313.6709838341922 267.78483094088733 2194.5102312229574 840.77752753533423 336.84368609264493 545.30002893228084 34.744170917198062 723.83904919121414 1558.1803524438292 162.94114511180669 125.60761830769479 99.454174984246492 374.11999649181962 12743.453495196998 161.63260225206614 71.903736738488078 21.935295867733657 4037.8621762990952 37.382983228191733 17.458641896955669 85.849292706698179 131.52978954091668 327.14993027504534 55.681132568046451 397.51018677279353 104.42906471434981 194.08889324311167 116.05967109650373 114.44172870926559 174.08905050624162 2.2242467710748306 2856.0119961351156 2449.6071269661188 13.460835874080656 106.54915034770966 127.4734867811203 555.85051312390715 129.27208583988249 50.260995064862072 78.800946764647961 5.4165991842746717 294.02917528152466 2.9317354243248701 45.307251458987594 101.79799351561815 434.83684799075127 66.4740977184847 4.2745195580646387 371.18854946270585 1230.0981080438942 2.6972939986735573 78.499519887380302 334.7300783097744 490.8586925342679
leaf_count=5628314 122946 15047 15370 284524 4582 1506 461 2312 509931 6513 15945 83570 8841 5079 1185 5147 184264 12819 5048 4560 3903 94379 891 585 1388 28893 1226 308 2027 5655 3943 1071 2494 1425 1274 701 2431 4685 84 18446 16848 83 714 784 4277 1605 347 789 382 2230 70 1423 1342 3078 3049 52 2754 8570 27 512 2074 3104
internal_value=-0.0240466 -0.0817961 0.0977093 -0.0913406 -0.0365198 -0.0614933 0.106718 0.0641199 -0.0955732 -0.0720735 0.0882759 -0.0896611 -0.00505238 0.0535021 0.059449 0.0930508 -0.0985228 -0.0718798 -0.0507306 -0.0783436 0.0508438 0.111396 0.027129 0.00614712 0.0145059 0.104503 -0.00997829 0.0980547 0.0956728 0.0363013 0.118764 0.0837573 0.0377713 0.0570045 0.035147 0.0386099 0.0123553 0.0571228 0.14019 0.103331 0.0985389 0.0872675 0.035591 -0.0138744 0.107586 0.0918282 0.0412785 -0.00494457 -0.0467619 0.0752039 0.230315 0.226845 0.0463129 0.0773871 0.0260413 -0.0681809 0.0284639 0.124553 0.202774 0.0148303 0.0657774 0.0532557
internal_weight=91237.3 61884.9 29352.4 58596.5 4199.85 3287.77 27923.5 2763.14 54396.6 6066.33 3288.44 5350.8 814.858 912.081 715.528 1948.28 48330.3 1975.72 1037.13 1428.86 1093.93 25160.4 719.812 558.18 417.543 12416.9 238.635 8379.06 447.743 468.373 361.894 600.981 842.502 370.422 298.518 410.556 294.496 246.253 72.1641 6807.15 5553.1 3103.5 247.483 140.934 1537.72 981.872 258.033 311.1 171.289 1571.91 8.34833 50.2288 139.181 1554.45 192.082 845.052 768.699 1254.05 48.0045 207.772 1119.62 825.589
internal_count=7147887 6790643 357244 6751573 302799 291278 227170 47198 6448774 615318 39070 601650 29866 11521 13668 17332 5833456 205142 91719 130074 23125 179972 19222 18331 20878 85593 7128 56700 7155 14496 5128 6150 6754 3284 2699 5444 4743 7607 2922 45906 36875 20027 1581 867 11888 7611 2464 5371 13271 10794 452 1534 2568 10486 8097 83622 5248 9031 1450 2117 7408 5178
is_linear=0
shrinkage=0.1


Tree=14
num_leaves=63
num_cat=0
split_feature=15 12 16 3 12 16 1 12 11 2 6 12 4 11 4 16 1 11 12 12 15 15 12 16 17 6 3 0 18 15 16 15 11 4 2 0 2 16 3 0 1 12 3 8 7 0 2 7 3 0 4 3 0 0 0 0 3 7 0 1 17 12
split_gain=50916.2 6939.47 5445.51 1406.31 1377.75 1090.09 672.807 469.319 652.474 410.312 373.069 285.615 282.913 280.047 260.626 259.704 224.568 209.537 238.171 186.97 175.102 180.542 164.926 390.574 195.481 140.048 131.619 123.88 150.57 123.866 123.238 114.401 101.958 101.648 100.615 179.01 131.058 93.0202 90.3648 181.819 103.543 85.8745 96.2108 85.665 82.7185 81.8876 78.8242 78.6393 85.0926 72.2114 67.9891 66.6787 65.3734 112.376 103.523 62.5248 87.0084 61.8529 63.6984 61.0499 60.7705 60.2054
threshold=1.5000000000000002 24.567871093750004 -0.41914188861846918 0.57659712433815014 9.3750600814819354 0.12352748587727548 0.63333335518836986 11.640582084655763 1.0000000180025095e-35 0.24281592667102816 1.0000000180025095e-35 9.3750600814819354 0.90070420503616344 1.0000000180025095e-35 0.30053764581680303 -0.26086971163749689 0.46428571641445165 1.0000000180025095e-35 1.0000000180025095e-35 1.0000000180025095e-35 23.500000000000004 21.500000000000004 13.142824172973635 -0.39026698470115656 127.50000000000001 1.0000000180025095e-35 0.22347066551446917 0.16025641560554507 4.1988844871521005 10.500000000000002 -0.55372485518455494 22.500000000000004 1.0000000180025095e-35 0.83096903562545787 0.90892314910888683 0.76388889551162731 0.84012389183044445 0.011577461380511524 0.55087250471115123 0.074175827205181136 0.46428571641445165 29.080056190490726 0.62316370010375988 1.0000000180025095e-35 1.0000000180025095e-35 0.12916667014360431 0.43898446857929235 1.0000000180025095e-35 0.74443343281745922 0.48076923191547399 0.82009246945381176 0.63686314225196849 0.48076923191547399 0.080128207802772536 0.240384615957737 0.48076923191547399 0.73097601532936107 1.0000000180025095e-35 0.087121214717626586 0.90000000596046459 84.500000000000014 1.0000000180025095e-35
decision_type=2 2 2 2 2 2 2 2 2 2 2 2 2 2 2 2 2 2 2 2 2 2 2 2 2 2 2 2 2 2 2 2 2 2 2 2 2 2 2 2 2 2 2 2 2 2 2 2 2 2 2 2 2 2 2 2 2 2 2 2 2 2
left_child=4 6 16 9 5 13 10 8 61 14 22 32 34 19 20 29 26 18 -7 -1 21 -4 -2 -24 38 43 30 51 44 -5 -3 -23 -12 -21 35 41 50 -15 49 -40 -41 42 -6 -16 -29 -44 -13 48 -18 -25 -37 60 53 -11 -55 56 -30 -31 -59 -43 -17 -8
right_child=1 2 3 15 12 17 7 -9 -10 52 11 46 -14 37 25 27 47 -19 -20 33 -22 31 23 24 -26 -27 -28 28 55 57 -32 -33 -34 -35 -36 36 -38 -39 39 40 -42 59 45 -45 -46 -47 -48 -49 -50 -51 -52 -53 -54 54 -56 -57 -58 58 -60 -61 -62 -63
leaf_value=-0.099969910164129872 -0.098833735324557193 -0.070862265076007888 -0.016544835424028986 -0.094055023129117191 0.010735440835053262 -0.092708042663645962 -0.10062603823778747 0.052519010617320429 0.029193090557799475 0.12032855400281202 -0.085844096435880896 0.099229863722895148 0.11472839798068182 -0.017619167819827811 -0.063760008641997531 0.10916108693545112 0.14144151083217613 0.11961189569011457 0.079125944559484532 -0.044464343772261911 -0.076887995874129797 0.11647386800796672 -0.097158924284168918 -0.047433472315138947 -0.07345468163219547 0.11117469816925414 -0.093957704555785074 0.044870834929848578 0.01006699050836915 0.064612884923677588 0.055394781301132325 -0.0093597927914044043 0.0087523471347168841 0.086470770168947761 0.1114332202962155 0.051189206092690204 0.060355194126673117 0.065541255656122135 0.1193031511303379 -0.059946244031803257 0.069995408768462067 0.10303551271402263 0.12888206689489043 0.055358222852592454 -0.064997479447669995 0.069186715294898823 -0.0062501205141855844 -0.076165910084668553 -0.11873699664266948 0.18541579726176993 -0.11911782927865799 0.12124894841878915 0.1114934820424149 -0.058117349379625184 0.056828311003762511 0.099310101615028207 0.10852415375639497 0.095176766853268827 -0.068877254439453153 0.079724183427451523 0.028821079012221973 -0.058228414091122865
leaf_weight=586.75006117345765 36846.180483198259 245.27137608779594 319.84758405666798 86.213124033529311 231.26198541466147 108.84758522827178 1437.6989096561447 420.76534047769383 598.32303076982498 133.92946528224275 603.09250834211707 151.29623809084296 12454.99651448708 271.72594618797302 1295.4268558765762 217.59699112502858 73.489867652300745 936.68546340614557 311.50771296396852 166.86407305300236 159.9126640050672 289.470805704128 4296.3149906527251 398.44418825302273 894.21203276608139 50.632016482762992 4691.815208400134 290.20016690948978 208.71719052130356 271.56178727420047 112.89329551486298 96.280681263655424 140.47856164630502 91.969591455534101 2067.8805688908324 32.675489289686084 221.56036763172597 266.35446602851152 140.22640888672322 197.76411333307624 88.88455468416214 3812.7892005937174 279.62835764791816 63.324879269581288 89.709978364408016 1289.3849983084947 133.23677034117281 37.279260198585689 15.16422713594511 13.779109831899403 82.942544113844633 1460.6182458996773 200.52387532405555 129.10167478723451 199.32050955295563 1269.68093538424 157.47865895600989 33.008526708930731 83.635665106121451 1592.7474746368825 165.96172226220369 436.6518812594004
leaf_count=73694 4954815 26569 16522 5693 5332 5055 190838 13407 10788 3001 76263 4362 99514 1540 93971 2652 1024 6633 2678 15629 14745 4407 566890 39957 99152 397 561746 5045 4387 6231 5873 5406 3981 3174 15604 206 1501 1559 5970 19661 4324 28821 2531 2269 3678 11775 6793 2193 650 347 627 11788 1790 6481 3941 10461 1805 699 4473 11460 4265 50634
internal_value=-0.0238051 -0.074168 -0.00780962 0.0479899 0.0964761 0.0296061 -0.0918192 -0.0451125 -0.0617261 -0.00542513 -0.0948974 -0.0353681 0.104782 -0.0328509 -0.0255987 0.0841937 -0.0862079 0.0932883 0.0346309 -0.0687385 0.0175936 0.0390063 -0.0963248 -0.0809932 -0.0409234 -0.0521234 -0.0894972 0.0927752 0.07564 0.0143727 -0.0310661 0.0850667 -0.0679725 0.00205993 0.0918917 0.0865344 0.0153183 0.023546 -0.0062555 0.025993 -0.0196537 0.0898668 0.0709503 -0.0582085 0.0189271 0.0798256 0.0498373 0.0456952 0.0969381 -0.0396502 -0.0709864 0.111505 0.0638078 0.0431264 0.0116436 0.0888108 0.0524075 0.0384524 -0.0224525 0.0961668 0.0743988 -0.090749
internal_weight=84052 59245.4 12448.1 7272.15 24806.6 2740.7 46797.3 2893.44 2472.67 2937.77 43903.9 1028.1 22065.9 1383.66 2274.9 4334.38 5175.91 1357.04 420.355 845.584 865.512 705.599 42875.8 6029.63 1733.31 1409.38 5049.98 3859.96 2015.79 474.419 358.165 385.751 743.571 258.834 9610.87 7542.99 337.178 538.08 839.098 426.875 286.649 7205.81 1800.28 1358.75 379.91 1569.01 284.533 125.933 88.6541 412.223 115.618 1844.18 662.876 462.352 328.422 1635.88 366.196 388.206 116.644 5405.54 383.559 1874.35
internal_count=7147677 6860344 812162 214107 287333 109962 6048182 265667 252260 152930 5782515 91399 177371 95596 137717 61177 598055 14366 7733 92497 41080 26335 5691116 736301 169411 96637 594188 44081 25376 17096 32442 9813 80244 18803 77857 62253 2334 3099 70259 29955 23985 59919 19638 96240 8723 14306 11155 3867 1674 40304 833 18705 15213 13423 10422 16653 6192 11403 5172 40281 6917 241472
is_linear=0
shrinkage=0.1


Tree=15
num_leaves=63
num_cat=0
split_feature=15 12 16 3 12 16 1 12 11 13 6 6 16 14 11 0 7 1 11 12 12 12 16 17 8 13 16 3 0 18 14 14 12 11 15 13 12 16 13 0 3 13 16 17 7 7 3 0 3 14 13 12 18 15 15 15 1 0 11 16 1 15
split_gain=44968.4 6419.5 4800.02 1278.75 1213.46 941.086 705.598 409.285 611.038 382.317 367.029 273.729 258.384 257.841 245.313 230.527 216.937 208.946 199.515 200.85 194.8 178.726 395.972 184.167 172.944 161.812 134.369 138.216 130.835 155.791 115.264 111.969 106.358 110.88 103.184 98.7737 94.9316 114.161 108.524 83.8624 74.6024 73.5104 73.4223 72.9827 70.827 70.3652 78.3624 69.247 87.7917 68.7247 66.6213 60.8497 60.4206 58.8329 57.6781 57.2675 64.2722 67.5487 56.7885 304.856 133.383 74.257
threshold=1.5000000000000002 24.567871093750004 -0.41914188861846918 0.57659712433815014 9.3750600814819354 0.12352748587727548 0.63333335518836986 11.898938655853273 1.0000000180025095e-35 1.0000000180025095e-35 1.0000000180025095e-35 1.0000000180025095e-35 -0.28348708152770991 0.60232558846473705 1.0000000180025095e-35 0.240384615957737 1.5000000000000002 0.46428571641445165 1.0000000180025095e-35 1.0000000180025095e-35 1.0000000180025095e-35 13.142824172973635 -0.37047596275806421 127.50000000000001 1.0000000180025095e-35 1.0000000180025095e-35 -0.53698527812957753 0.26158231496810919 0.16025641560554507 4.2397837638854989 0.60990336537361156 0.45773810148239141 10.345087528228762 1.0000000180025095e-35 23.500000000000004 1.0000000180025095e-35 20.729025840759281 0.12352748587727548 1.0000000180025095e-35 0.48076923191547399 0.63686314225196849 1.0000000180025095e-35 0.011577461380511524 70.500000000000014 1.0000000180025095e-35 1.0000000180025095e-35 0.74443343281745922 0.48076923191547399 0.76028168201446544 0.60232558846473705 1.0000000180025095e-35 5.3291354179382333 4.1988844871521005 17.500000000000004 21.500000000000004 10.500000000000002 0.46428571641445165 0.087121214717626586 1.0000000180025095e-35 -0.073983743786811815 0.38750000298023229 4.5000000000000009
decision_type=2 2 2 2 2 2 2 2 2 2 2 2 2 2 2 2 2 2 2 2 2 2 2 2 2 2 2 2 2 2 2 2 2 2 2 2 2 2 2 2 2 2 2 2 2 2 2 2 2 2 2 2 2 2 2 2 2 2 2 2 2 2
left_child=4 6 17 9 5 14 10 8 30 39 21 36 55 32 20 16 24 26 19 -7 -1 58 -23 25 53 -24 -3 41 40 44 -8 51 33 -12 43 -9 37 38 -6 -4 -14 -28 52 -18 -30 46 -19 48 -31 -27 -21 -22 -16 -11 -45 -5 57 -57 -2 -60 -61 -62
right_child=1 2 3 12 11 18 7 35 -10 15 13 -13 28 -15 42 -17 34 45 -20 50 31 22 23 -25 -26 49 27 -29 29 47 -32 -33 -34 -35 -36 -37 -38 -39 -40 -41 -42 -43 -44 54 -46 -47 -48 -49 -50 -51 -52 -53 -54 -55 -56 56 -58 -59 59 60 61 -63
leaf_value=-0.10017833416138924 -0.099360274960588288 -0.096325096998711265 -0.062822735259529069 -0.084730803597424409 -0.048124157624733682 -0.089664256894315425 -0.093284634238198383 -0.02028418378375416 0.027993456651769617 -0.010463678203607442 -0.090496938479297767 0.11256475913829969 0.070665704627012729 0.097567678130219868 0.10040285410727777 0.094995926068437764 0.10175911243276137 0.13517682399716185 0.1175574117155842 0.0064282494780276049 0.16629030700102257 -0.09585479637672023 -0.054424872132961225 -0.070599433125816416 0.1048067687547078 0.0078425844060572292 -0.05090585923754825 -0.07287725536665414 0.038933439419270202 0.012626947277924927 0.057099499131469056 0.13003148962784797 0.020921026081557062 0.0090597023087605009 -0.066349650877543007 0.08268463735153038 0.093007898488581875 0.087145314953869568 0.05808793464059641 0.09708004224322947 0.11905247581226115 0.079984549911746708 0.05973679218800057 0.00030599076420649064 -0.05904453854663453 -0.074106853443149046 -0.12047198670781112 0.096456380085376714 0.11767462879914266 0.089699252741623367 0.10477333984362824 -0.045367189896158955 -0.033353405589198262 -0.069027384928480082 0.077728201315712744 0.060066812697338247 0.083640282038012576 -0.059651722459515881 -0.090960084421704127 -0.0070967510976428149 0.37629588904457495 0.099678683453653869
leaf_weight=530.61903959326446 32021.922565793619 3772.1456800838932 937.22259468026459 64.766276501584798 147.52375295571983 100.73989773634821 1668.7086983462796 138.88693442754447 607.06351543497294 274.26085658464581 557.11644832231104 10874.724895686843 413.03434598166496 129.60768919344991 39.421865627169609 337.15182125428692 232.97130098938942 72.375738480128348 866.15632965415716 102.27872492931783 14.690495300106702 3991.9769465392455 335.56083343503997 788.69834145950153 83.500792322214693 281.86519519146532 72.941363310441375 693.7744818655774 305.30801271274686 245.49035356286913 52.572720381431282 56.910847058519721 155.64937704848126 139.97698064334691 75.596543141640723 282.95698347594589 8564.493479677476 685.69507094658911 276.52016249392182 33.988023447804153 1394.2400064147078 104.20655604172498 262.69232284650207 239.83348208013922 97.292032659053802 35.619518569670618 14.370739887468515 1210.5477230646648 117.70150702446699 161.23839310416952 210.95663545839489 180.14816883951426 235.6445719897747 457.99826334184036 160.69578476529568 76.153734498657286 101.66917571984231 123.65948325861245 1320.3067345740274 50.676467849873006 19.585625665262341 19.236023547127843
leaf_count=73544 4760547 511064 68785 4854 4665 5114 238253 6461 10740 10566 77249 94854 7589 3556 360 4589 5387 1021 6620 1104 485 577182 32963 92744 2046 24205 5914 72910 5620 5238 3767 1912 6885 3980 7211 6535 68113 4916 4966 451 11974 4649 1558 11870 4225 2165 665 10550 1331 8652 1615 16321 1199 37561 4661 1568 1454 6694 188706 3998 783 1078
internal_value=-0.0232223 -0.0728408 -0.00737633 0.0454266 0.0935345 0.0291721 -0.0908428 -0.0418481 -0.0582685 -0.0063634 -0.0942137 0.101679 0.0807849 -0.0338447 -0.0300693 0.0201666 0.00362157 -0.0847516 0.0902645 0.0331598 -0.0658082 -0.0957346 -0.0791319 -0.0365397 -0.0315445 -0.00204111 -0.088151 -0.0527471 0.0885483 0.0707659 -0.0886915 0.00663466 -0.0538179 -0.0705059 0.0440774 0.0487834 0.0894421 0.0619228 0.021137 -0.0572269 0.107994 0.0260899 0.021926 0.0572548 0.0152562 0.0442329 0.0928251 0.0849666 0.0466703 0.0376289 0.0726614 -0.0294086 -0.0141838 -0.0470929 0.0313684 0.000583622 0.0189114 -0.014024 -0.0984955 -0.0788531 0.0997538 0.239233
internal_weight=77621.3 54472.1 11748.5 6983.08 23149.2 2600.26 42723.6 2750.19 2328.34 2833.22 39973.4 20549 4149.86 982.35 1320.13 1862.01 1524.86 4765.43 1280.13 413.975 782.369 38991.1 5559.34 1567.36 815.76 778.664 4643.07 870.922 3783.61 1976.34 1721.28 251.75 852.743 697.093 709.097 421.844 9674.23 1109.74 424.044 971.211 1807.27 177.148 537.759 633.501 402.6 122.366 86.7465 1573.74 363.192 443.104 313.235 194.839 275.066 732.259 400.529 366.249 301.482 199.813 33431.7 1409.8 89.4981 38.8216
internal_count=7148242 6860896 812612 214224 287346 109832 6048284 265756 252760 153127 5782528 177514 61097 91670 95379 83891 79302 598388 14453 7833 92262 5690858 735746 158564 50173 65820 594537 83473 46527 26964 242020 18718 88114 81229 29129 12996 82660 14547 9631 69236 19563 10563 3117 21918 9845 3851 1686 17119 6569 32857 2719 16806 1559 48127 16531 14570 9716 8262 4955112 194565 5859 1861
is_linear=0
shrinkage=0.1


Tree=16
num_leaves=63
num_cat=0
split_feature=9 16 16 16 9 16 9 4 9 15 12 12 12 13 16 6 9 13 9 12 5 16 12 2 9 9 16 8 16 13 9 16 16 12 3 13 3 18 5 18 16 17 9 5 6 9 12 17 12 15 17 18 3 2 7 7 3 2 18 3 18 2
split_gain=46141.5 7085.77 3091.29 999.449 646.629 465.108 392.7 384.573 357.738 1038.89 357.619 349.128 210.939 188.646 184.079 159.325 151.99 150.552 135.741 135.269 132.903 125.88 113.067 104.985 103.667 95.3705 91.8482 90.5039 90.4923 89.9571 80.4034 75.6244 74.0848 101.503 86.1842 71.9337 69.3704 67.8807 122.971 64.236 63.1011 63.044 62.4397 59.5992 59.3133 108.334 108.251 58.9175 58.4925 55.7644 55.1314 52.7058 52.3645 79.0632 105.348 91.0635 85.5457 52.0164 52.1041 67.1194 63.6604 49.578
threshold=0.35388994216918951 0.029923408292233947 -0.51478981971740712 -0.024798546917736527 0.12060606107115747 -0.19560074061155316 0.61721614003181469 0.86319074034690868 0.20942982286214831 16.500000000000004 34.086711883544929 17.677288055419925 10.345087528228762 1.0000000180025095e-35 0.12352748587727548 1.0000000180025095e-35 0.77097901701927196 1.0000000180025095e-35 0.61721614003181469 35.598848342895515 0.81530213356018078 -0.44769965112209315 54.435443878173835 0.023862274363636974 0.43874999880790716 0.1863425895571709 -1.0000000180025095e-35 0.75000000000000011 -0.67055639624595631 1.0000000180025095e-35 0.17519181966781619 1.0000000180025095e-35 -0.44457955658435816 6.2920234203338632 0.65142410993576061 1.0000000180025095e-35 0.38757823407649999 1.8058657050132754 0.94804319739341747 1.7213028669357302 -0.36061918735504145 1762.5000000000002 0.43874999880790716 0.92031747102737438 1.0000000180025095e-35 0.12060606107115747 11.489232063293459 146.50000000000003 11.065132141113283 14.500000000000002 96.500000000000014 4.2397837638854989 0.91476997733116161 0.82228240370750438 1.0000000180025095e-35 1.0000000180025095e-35 0.83096903562545787 0.93307995796203624 1.0000000180025095e-35 0.48050633072853094 7.8033127784729013 0.90892314910888683
decision_type=2 2 2 2 2 2 2 2 2 2 2 2 2 2 2 2 2 2 2 2 2 2 2 2 2 2 2 2 2 2 2 2 2 2 2 2 2 2 2 2 2 2 2 2 2 2 2 2 2 2 2 2 2 2 2 2 2 2 2 2 2 2
left_child=1 3 18 8 20 6 10 14 44 11 13 21 26 24 47 16 23 -13 -2 40 -5 -10 29 -7 -4 -14 30 37 -20 -12 35 36 -11 -34 -35 -6 -27 41 52 -36 -19 -25 -31 -29 -1 -46 -47 -3 -23 -42 -22 -9 53 54 -39 56 -55 58 59 -16 -60 -40
right_child=2 7 5 4 12 15 -8 51 9 32 22 17 25 -15 57 -17 -18 19 28 -21 50 48 -24 27 -26 31 -28 43 -30 42 -32 -33 33 34 39 -37 -38 38 61 -41 49 -43 -44 -45 45 46 -48 -49 -50 -51 -52 -53 -54 55 -56 -57 -58 -59 60 -61 -62 -63
leaf_value=-0.098354758798115685 -0.08882069287518847 0.0039886457334130064 -0.048120798226254008 -0.091330140869459217 0.49889133939260522 -0.043804778752178843 0.098043047546653272 0.020018847060034983 -0.0886535989422048 -0.099246957762023094 -0.045999663770186855 -0.046077894094762151 -0.032870650306441401 0.14808241832001834 -0.089887313252948201 0.11212977622276582 0.1098796317671954 -0.041899373329596146 -0.065428529173708283 -0.025056757638698454 -0.02630814345273591 0.34807591002466537 -0.070647664540028618 0.11318467562960027 0.12420579193094294 -0.096724745425193867 0.1570411563804176 -0.041137086743423645 0.067448841378063826 -0.01344856334336918 0.30886588204297427 -0.031390036191380179 1.4218072949605123 -0.073332990569956832 0.20451373938874098 1.5153453631891904 0.075532330420761032 0.084063177434203828 0.083354995688894984 -0.056176132166424309 0.066962522875507607 -0.11477609228658912 0.081745666813586082 0.058603707607151979 -0.085083025433220286 0.37556341078930433 -0.0037858043740826419 -0.065205769031943792 0.17921089306990642 0.16707531663418607 -0.061051515510267711 0.099135885343706917 0.11033903283977052 0.015849880709514878 0.017753978694821964 0.077753213275410044 -0.14817592421602416 0.11460042800696124 0.004193436091414599 0.15196283142882405 0.071004784180445923 0.10779922766345106
leaf_weight=35422.369935608935 909.17137804534286 342.72761693969369 107.37394627649337 1009.1160793257877 1.6366046462208015 62.609209664165974 1130.502610925585 88.511320384219289 14.20464915782213 3064.1256846194156 191.38511993829161 374.67392809828743 212.53215939505026 242.08480780478567 13.529072832316158 10046.708508498967 3982.399602688849 36.286344897001982 102.12266200315207 201.28003458073363 793.85650582751259 29.328251976054162 309.17724977061152 1162.9103702520952 51.725931886583567 24.852697481401265 59.768290003295988 75.576778091490269 102.88759030215442 116.9089422444813 7.6465690112672746 100.20100524276495 0.45872931741177936 774.24110256275162 19.963032996747643 1.2117230701260269 394.17890015942976 810.71326715499163 1759.533663161099 17.952153294812888 173.75095312902704 12.259655687958 167.80085797421634 288.99178463220596 597.23619218636304 8.1891924692317826 92.381151025183499 191.98948420910165 68.242322455625981 81.848505776375532 1075.4678894481622 1729.1328975665383 187.80870356410742 74.232367135584354 340.10953231155872 87.111900024116039 55.619834333658218 123.80015115160495 329.3635827479884 75.583012359216809 251.5298526789993 1570.1523013040423
leaf_count=5699720 122991 16643 5624 149303 127 1778 8243 1464 1935 485340 7860 20150 5293 4098 343 95035 35192 3637 5228 7249 61462 420 10517 9787 1078 1591 680 536 1866 4692 46 673 53 89106 209 34 3445 5879 13355 1406 2868 100 2757 2175 78615 265 2650 15170 1513 1358 112071 17121 1567 561 2473 666 419 933 5022 719 2566 13563
internal_value=-0.022898 -0.0796573 0.0904011 -0.0898764 -0.0399591 0.0983376 0.0558674 0.0653931 -0.0943599 -0.0688779 0.0156809 0.0231322 0.0394481 0.0924917 0.0244982 0.103134 0.0945015 0.00170732 -0.0722461 0.0380113 -0.0620845 0.189478 -0.0235607 0.0850616 0.00790535 0.0235567 0.204951 0.0863174 0.00125805 0.00701769 0.477797 0.0466536 -0.0921279 -0.0652842 -0.0661242 0.931307 0.0653158 0.0892283 0.0840376 0.0810818 0.0815021 0.110807 0.0426565 0.037927 -0.097786 -0.0689143 0.0271037 -0.0208555 0.229969 0.0990208 -0.0462969 0.0952832 0.0608258 0.0540272 0.0644664 -0.00134454 -0.0544076 0.0550491 0.0440455 0.115245 0.0331231 0.094882
internal_weight=71751 47803.2 23947.9 44657 3680.47 22833.7 2316.96 3146.17 40976.5 4856.36 1186.46 979.615 802.028 401.185 1328.52 20516.7 10470 867.84 1114.18 493.166 2878.44 111.775 785.272 6487.63 159.1 731.765 70.2632 6425.02 205.01 476.095 10.4949 519.233 3876.74 812.615 812.156 2.84833 419.032 6060.45 4885.28 37.9152 291.886 1175.17 284.71 364.569 36120.2 697.807 100.57 534.717 97.5706 255.599 1869.32 1817.64 1555.6 1367.79 1150.82 216.964 129.852 793.806 670.006 89.1121 580.893 3329.69
internal_count=7149240 6791200 358040 6731219 334725 227955 44869 59981 6396494 615244 36626 39130 11889 10800 41396 183086 88051 35262 130085 15112 322836 3868 25826 52859 6702 11002 887 51081 7094 15309 207 5709 576114 90774 90721 161 5036 48370 38483 1615 7863 9887 7449 2711 5781250 81530 2915 31813 1933 4226 173533 18585 11565 9998 8352 1646 980 9583 8650 1062 7588 26918
is_linear=0
shrinkage=0.1


Tree=17
num_leaves=63
num_cat=0
split_feature=15 14 16 6 13 4 1 13 11 13 16 3 0 0 3 15 15 3 16 16 15 15 16 0 18 13 0 0 7 3 16 3 13 11 18 13 1 7 15 17 17 16 4 14 6 0 0 17 15 15 3 7 3 0 8 0 13 16 14 3 16 7
split_gain=35149.1 3080.82 3098.62 960.332 823.117 760.779 611.619 529.377 462.835 568.878 448.168 288.821 261.79 248.763 585.661 619.375 242.537 218.483 191.234 144.955 311.952 206.588 144.303 142.148 167.606 134.449 133.387 128.19 169.806 125.938 122.468 120.493 107.077 199.488 106.441 105.237 101.74 99.6448 95.1971 157.193 94.1428 91.7072 91.5201 86.3344 80.2494 75.5839 87.1753 75.1587 74.3858 145.479 70.6679 111.774 70.0589 68.7427 68.6656 62.5114 61.4678 136.647 71.3577 60.2445 59.7722 58.5347
threshold=1.5000000000000002 0.57460319995880138 -0.41914188861846918 1.0000000180025095e-35 1.0000000180025095e-35 0.88047617673873912 0.46428571641445165 1.0000000180025095e-35 1.0000000180025095e-35 1.0000000180025095e-35 0.12352748587727548 0.60421237349510204 0.48076923191547399 1.0000000180025095e-35 0.62575301527977001 15.500000000000002 15.500000000000002 0.61610352993011486 -0.15862901508808133 -0.47290386259555811 15.500000000000002 16.500000000000004 -0.24455455690622327 0.11805555596947671 4.1988844871521005 1.0000000180025095e-35 0.11805555596947671 0.48076923191547399 1.5000000000000002 0.67826876044273388 -0.51478981971740712 0.24068965017795566 1.0000000180025095e-35 1.0000000180025095e-35 4.3029561042785653 1.0000000180025095e-35 0.53571429848670971 1.0000000180025095e-35 15.500000000000002 114.50000000000001 1642.5000000000002 -0.13945368677377698 0.30053764581680303 0.60232558846473705 1.0000000180025095e-35 0.11805555596947671 0.43650794029235845 79.500000000000014 22.500000000000004 21.500000000000004 0.77303028106689464 2.5000000000000004 0.50944742560386669 0.48076923191547399 1.0000000180025095e-35 0.48076923191547399 1.0000000180025095e-35 0.12352748587727548 0.38196556270122534 0.7577352523803712 -1.0000000180025095e-35 1.0000000180025095e-35
decision_type=2 2 2 2 2 2 2 2 2 2 2 2 2 2 2 2 2 2 2 2 2 2 2 2 2 2 2 2 2 2 2 2 2 2 2 2 2 2 2 2 2 2 2 2 2 2 2 2 2 2 2 2 2 2 2 2 2 2 2 2 2 2
left_child=5 3 30 6 17 7 13 10 9 -8 29 27 -11 14 19 25 18 53 -5 -2 -21 47 -10 -13 61 -16 -19 28 44 55 -3 48 33 -20 -14 -32 37 38 -24 -40 45 -28 -37 -31 54 52 50 -22 49 -23 51 -47 -9 -4 -6 -1 57 58 -7 -27 -34 -25
right_child=1 2 4 16 11 56 8 40 22 12 -12 23 34 -15 15 -17 -18 26 32 20 21 31 36 24 -26 59 41 -29 -30 43 35 -33 60 -35 -36 42 -38 -39 39 -41 -42 -43 -44 -45 -46 46 -48 -49 -50 -51 -52 -53 -54 -55 -56 -57 -58 -59 -60 -61 -62 -63
leaf_value=-0.082914654879666261 -0.098252980694467779 -0.093945545929314922 -0.065319482695984935 -0.08745964578708354 -0.036377650557791394 0.023573546755281349 -0.091815580007457154 0.014275234202136576 -0.068776840647333623 -0.063453858080874684 0.07178889646239725 0.11924941220475374 -0.049849893509335372 -0.098633849710200311 -0.08640783478287653 0.13943050319435263 0.092530180658831548 0.083271110086532471 -0.068926194358428131 -0.095261067051686493 0.11784125036659264 -0.045893047812963855 0.23608358282163172 0.024573293449497144 0.084322692520537673 -0.023513225499856346 -0.066220207552063218 0.10979875202241809 0.055339839223838762 -0.013842987616289382 -0.08549886836510534 -0.067028585504656943 0.065275417903417662 0.040732873454212469 0.037927256489257967 0.078951361438245549 0.032024293367239602 0.063161099690670616 2.0335330620034053 0.38022748851677751 -0.077334110277077067 0.027093530894123752 -0.03954340878471288 0.065794769487060548 0.11989759607200393 -0.011768112244610166 0.081215514642409198 -0.0015581992884875712 -0.062852491070718192 0.13365326292259544 0.081923299439698061 0.091230018218487724 0.11381903224258379 0.060173752440477762 0.073836492319504551 0.0073127804171846241 0.10798812457768908 0.10455539376877448 0.09026100645736608 0.084280357330843159 -0.021976758616949182 -0.077932763145477729
leaf_weight=335.61972443619743 5185.7862672298215 3147.2494238908403 849.50107955187559 349.28314425051212 589.04887931188568 385.94731502467766 2871.4735302724876 76.717575299553573 122.18639877066016 661.38581861043349 988.29649564996362 770.1731961062178 172.98866094043478 20167.092017516959 416.08435091003776 228.28381463279948 207.58518529869616 208.86519700894132 420.99848242104053 2610.2610612348653 95.135402953717858 90.145604809280485 30.309127923101187 202.71668537752703 966.7270015575923 204.67686988087371 189.12632985599339 165.91066906042397 600.3171017547138 559.62624724302441 329.2686316696927 1225.0650712698698 272.61212865263224 273.77242061495781 685.92667105235159 92.530555887613446 394.1264596148394 48.345544260926545 0.79575499473139588 2.073737861122936 38.02272130176425 237.67811605986208 220.51941931899637 179.88378892326728 40.131827680394053 328.21699567837641 4447.9098082487471 118.24763811100274 101.97444536164403 90.366991920396686 319.21244006045163 155.1734956568107 901.7646317477338 46.014539155177772 62.528722192160785 99.565362096298486 9217.5558830867521 1779.9114132840186 274.63005474023521 69.437634725123644 110.27339305914938 76.817330513615161
leaf_count=35758 916161 517727 82520 49692 41454 7637 482630 3915 19115 94800 11431 8826 20555 3566293 68523 2529 4468 3995 54285 452332 3221 10611 2153 7809 17477 24182 18288 2112 26328 29109 44824 158137 11746 2339 49419 5132 6691 4313 65 219 3473 9959 22401 1927 383 11009 44826 8061 13290 2656 3776 2402 11460 1534 2036 3885 95409 17840 3623 3819 9996 6412
internal_value=-0.0226633 -0.0708371 -0.017607 -0.0834132 0.0340384 0.0877032 -0.0868551 0.0648178 -0.0543906 -0.0656276 0.0221626 0.0609587 -0.016165 -0.0921483 -0.0796146 -0.00335728 -0.00846433 -0.0270458 -0.0231566 -0.0869742 -0.0734699 -0.0404177 0.0281578 0.0854749 0.0646027 -0.0505845 0.0177891 0.027051 0.0164252 -0.0195891 -0.0858243 -0.0534528 -0.00231509 -0.0257154 0.0202486 -0.0460313 0.0530586 0.154748 0.288203 0.838715 0.0795397 -0.0142558 -0.00451901 0.00552868 -0.0173478 0.0804973 0.075742 0.0516752 0.00542127 0.0439902 0.0454084 0.0212954 0.106014 -0.0588712 -0.0258009 -0.0622717 0.104252 0.0901401 0.0512984 0.00379263 0.0401463 -0.00359588
internal_weight=66109.9 46021.8 8795.12 37226.7 5005.56 20088.1 35592.2 8430.01 4989.61 4391.77 2162.99 3474.37 1520.3 30602.6 10435.5 918.483 1634.52 1531.19 1426.94 9516.98 4331.2 1720.94 597.837 2016.43 1246.26 690.199 635.67 1457.94 1292.03 1174.7 3789.57 1507.55 1077.66 694.771 858.915 642.319 475.651 81.5242 33.1786 2.86949 6267.02 426.804 313.05 739.51 691.709 6228.99 5250.51 213.383 282.487 180.513 802.603 483.39 978.482 895.516 651.578 435.185 11658 2440.49 660.577 274.115 382.886 279.534
internal_count=7148998 6861518 819217 6042301 229133 287480 5909775 162971 679960 647404 82110 112837 164774 5229815 1663522 99053 132526 116296 128058 1564469 648308 195976 32556 40524 31698 96524 32242 72313 70201 70679 590084 184694 78366 56624 69974 72357 13441 6750 2437 284 80861 28247 27533 31036 43873 77388 62013 11282 26557 13267 17187 13411 15375 84054 43490 39643 124509 29100 11260 28001 21742 14221
is_linear=0
shrinkage=0.1


Tree=18
num_leaves=63
num_cat=0
split_feature=9 16 16 16 11 9 2 9 9 15 12 6 9 14 12 14 9 16 11 16 9 7 0 13 12 2 12 9 16 16 12 3 12 9 2 14 1 3 0 3 16 9 9 13 9 6 14 12 3 14 3 2 12 16 0 15 12 3 2 15 18 14
split_gain=37032.5 5025.16 3466.65 1077.82 548.399 779.69 534.875 403.468 252.98 855.44 324.232 231.607 215.628 204.287 201.055 198.888 505.149 191.538 188.095 332.437 175.322 131.489 130.304 129.052 152.249 125.522 119.5 116.442 103.606 90.6542 89.3289 87.7271 80.1721 84.8737 78.7868 77.1642 76.5758 79.3405 70.0754 69.3859 68.0525 64.5027 64.0353 63.9653 77.6065 93.0282 90.1382 117.516 111.885 63.544 61.0952 59.8707 58.9794 58.4131 56.4285 55.1029 54.9553 54.4561 53.928 53.0263 51.6157 50.8924
threshold=0.32200460135936743 0.059652052819728858 -0.51478981971740712 -0.021344415843486782 1.0000000180025095e-35 0.10435571894049646 0.056763663887977607 0.49137930572032934 0.1863425895571709 16.500000000000004 17.677288055419925 1.0000000180025095e-35 0.7947368621826173 0.97366598248481762 23.198125839233402 0.081666667014360442 0.10435571894049646 -0.31987001001834864 1.0000000180025095e-35 -0.17361970990896222 0.61721614003181469 1.0000000180025095e-35 1.0000000180025095e-35 1.0000000180025095e-35 10.977132797241213 0.90892314910888683 33.766628265380866 0.64495798945426952 -0.2543171346187591 -0.78346362709999073 11.898938655853273 0.58885449171066295 55.529127120971687 0.55902779102325451 0.37283177673816686 0.97366598248481762 0.46428571641445165 0.55087250471115123 0.48076923191547399 0.63438084721565258 -0.009570952504873274 0.49137930572032934 0.67543861269950878 1.0000000180025095e-35 0.21807064861059192 1.0000000180025095e-35 0.6606060564517976 16.981006622314457 0.59491634368896495 0.50531914830207836 0.63438084721565258 0.93307995796203624 33.20094299316407 -1.0000000180025095e-35 0.27922078967094427 2.5000000000000004 63.778976440429695 0.24068965017795566 0.79176026582717907 1.5000000000000002 4.1988844871521005 0.97220078110694896
decision_type=2 2 2 2 2 2 2 2 2 2 2 2 2 2 2 2 2 2 2 2 2 2 2 2 2 2 2 2 2 2 2 2 2 2 2 2 2 2 2 2 2 2 2 2 2 2 2 2 2 2 2 2 2 2 2 2 2 2 2 2 2 2
left_child=1 3 20 8 5 -5 7 14 18 10 17 12 13 22 30 -3 49 -10 -1 -20 -2 34 -8 -7 59 32 -9 31 -15 -22 -4 56 33 40 36 51 37 -12 -21 -16 52 -30 -34 -19 45 46 47 48 -45 -17 -26 -18 -24 55 -52 -6 -28 -31 60 -25 -40 -36
right_child=2 15 6 4 53 23 11 26 9 -11 21 -13 -14 28 39 16 35 43 19 38 29 -23 25 24 50 -27 27 -29 41 57 -32 -33 42 -35 61 -37 -38 -39 58 -41 -42 -43 -44 44 -46 -47 -48 -49 -50 -51 54 -53 -54 -55 -56 -57 -58 -59 -60 -61 -62 -63
leaf_value=-0.099307334473288031 -0.089947673086292562 0.10266286192748371 0.58579965066639395 -0.096295932138930757 0.21135566384904464 -0.027354541609715274 0.11739811049109156 0.15977699613790364 -0.064336265685195335 -0.093851808531879646 -0.064734269933740443 0.10903355972865043 0.1074815897629825 -0.0531285928734372 -0.050429273524061673 -0.074409262484089578 0.060150520394586217 0.11805068523836071 -0.091602140779036653 -0.039311538239129876 -0.089873024648067235 -0.049157309407429288 0.11510416660420966 0.14613522527213801 -0.046023943207471857 0.10243715730443664 0.019007020772050701 0.089108631461451052 -0.0034316913119039521 0.15842300514066332 0.11396074388349804 0.13845664143819447 -0.011236410634272248 0.09288914231279792 0.014254384180018606 -0.061249104082702691 0.32302706716245122 0.092538882997758559 -0.029508426368468007 0.088932964808270898 0.041075593755277751 0.059732269413108996 0.060706965263718909 0.58850829011089711 0.24508319600817977 0.22525552405435453 0.39152946069958677 0.1359702230744477 2.1212101801362513 0.066743681296662513 0.13740831544169341 0.10825354355466565 0.04234027224183004 0.02376733463245298 0.032090856996578161 0.05141796144520077 -0.083709474521819635 0.017947796465411812 -0.00048492853121711097 0.35798985397073096 0.12614171071281255 -0.10843463819734384
leaf_weight=27779.20322238747 1126.3018256621435 833.95756185892969 4.304511282593011 1755.3423417727463 32.920910693705082 321.99077495932579 1005.6945550041273 149.74300366034731 27.598534772638232 3663.198992813006 40.505964339245111 8767.5391647778451 3382.2796440906823 108.75230130925775 550.98958156490698 328.36744572594762 616.36800368968397 30.884807158727199 992.29815696459264 132.96902755834162 59.549698042217642 402.21659081941471 294.90438792482018 48.460245080292225 80.414685838855803 1404.0431255400181 181.77670793840662 588.75387640111148 194.76174651738256 38.705853354651481 59.126890591811389 46.855885053053498 215.929986291565 1210.6368679981679 142.19569209218025 39.935738352127373 11.717907809186725 154.13430237630382 26.762932129669935 38.202771323733032 931.8257766328752 951.63383184745908 289.71488350071013 0.72377231903374095 52.07455896306783 4.7120537087321281 2.4597736597061157 0.74393289955332864 1.392793553881347 35.32380257640034 61.727276504505426 445.94588578492403 179.01663612946868 784.08129665628076 289.35069300839677 62.318718003109097 73.006502283737063 96.142792911734432 110.19866440724581 15.623458210378883 104.47045634221286 44.356291367206722
leaf_count=5418592 190756 7463 67 301185 511 11478 10167 1666 4238 660254 3882 97573 34232 2811 39538 19061 4723 1282 184207 13119 4033 29661 2533 520 2769 13916 4069 4491 1630 459 2844 388 2352 10627 5009 280 220 3440 1900 531 7234 8369 2549 92 536 28 101 64 96 862 757 4000 2078 5293 3344 1323 1565 2606 2579 763 3000 1944
internal_value=-0.0218735 -0.0797709 0.0822536 -0.0886449 -0.0354267 -0.0587269 0.0923089 0.0384526 -0.0940926 -0.0722414 0.0142083 0.0971231 0.0868544 0.0765747 -0.0231815 0.0636744 0.0414942 0.167003 -0.0975255 -0.0613075 -0.0748108 -0.00896491 0.0848389 0.0219349 0.0539597 0.0776042 0.0771243 0.0632241 0.0401523 0.0128887 0.14598 0.0127013 0.0664363 0.0734811 0.0321795 0.0752135 0.0747559 0.0598093 0.0189842 -0.0413931 0.0567667 0.0490013 0.0299844 0.235662 0.294148 0.548826 0.835405 1.2171 1.59709 -0.0606997 0.0325993 0.0803436 0.0876187 0.0327501 0.050608 0.106703 -0.0104257 0.0582687 0.0510906 0.197785 0.0943994 -0.0149173
internal_weight=61427.1 39476.9 21950.2 37177 3452.23 2572.91 20629.5 1692.76 33724.8 4578.92 915.717 18936.7 10169.2 6786.91 652.624 2299.9 1465.94 120.59 29145.9 1366.7 1320.7 795.127 5531.77 817.567 495.576 4526.07 1040.14 890.393 1255.15 194.398 63.4314 301.639 3122.03 2616.38 392.91 1102.25 206.358 194.64 374.401 589.192 1405.75 1146.4 505.645 92.9917 62.1069 10.0323 5.32027 2.8605 2.11657 363.691 431.493 1062.31 473.921 879.321 351.078 95.2396 254.783 134.849 241.432 64.0837 131.233 186.552
internal_count=7147660 6698576 449084 6662187 327943 320816 251230 55159 6334244 710847 50593 196071 98498 64266 42980 36389 28926 6437 5623397 204805 197854 44156 51456 19631 8153 41289 12179 10513 12810 7098 2911 6022 27373 22472 14495 9003 7542 7322 20598 40069 11845 9999 4901 2199 917 381 353 252 188 19923 6870 8723 4611 7127 4101 1834 5634 3065 7479 1283 4900 6953
is_linear=0
shrinkage=0.1


Tree=19
num_leaves=63
num_cat=0
split_feature=9 15 2 9 11 9 15 2 0 12 6 6 9 11 9 14 14 13 12 13 12 15 2 15 12 5 15 0 0 8 0 2 18 2 2 18 0 2 9 7 13 0 1 5 5 12 2 7 9 12 6 13 14 0 0 19 9 5 7 9 15 1
split_gain=32931.6 4911.45 1667.36 692.916 610.146 569.836 1414.75 525.81 502.275 385.513 343.805 244.794 224.898 206.984 329.463 174.276 173.122 170.022 154.771 141.707 198.584 139.858 114.432 121.398 110.361 107.135 106.838 106.798 100.185 99.5118 86.8729 123.56 81.9471 83.6194 145.771 96.5809 76.8787 88.4557 67.9821 67.3015 64.6573 62.0091 62.2643 61.3985 59.4751 61.4675 57.556 53.8584 52.6202 50.83 48.04 133.504 72.19 47.9102 67.3621 47.3052 47.4579 47.1506 50.6303 44.3751 44.2955 43.7674
threshold=0.3514705896377564 1.5000000000000002 0.08642031624913217 0.58578431606292736 1.0000000180025095e-35 0.17519181966781619 16.500000000000004 0.85990032553672802 0.48076923191547399 14.068008899688722 1.0000000180025095e-35 1.0000000180025095e-35 0.82480818033218395 1.0000000180025095e-35 0.11651583760976793 0.96871945261955272 0.98837208747863781 1.0000000180025095e-35 45.582742691040046 1.0000000180025095e-35 33.766628265380866 22.500000000000004 1.0000000180025095e-35 18.500000000000004 11.362485885620119 0.9495762586593629 20.500000000000004 0.069047622382640853 1.0000000180025095e-35 0.75000000000000011 0.095454547554254546 0.4686227440834046 3.8709022998809819 0.38183833658695226 0.21010223031044009 6.0695881843566903 1.0000000180025095e-35 0.88285672664642345 0.67543861269950878 1.0000000180025095e-35 1.0000000180025095e-35 0.30384616553783422 0.77500000596046459 0.69804355502128612 0.37866288423538214 11.53653144836426 0.29191279411315924 1.0000000180025095e-35 0.1863425895571709 11.567860603332521 1.0000000180025095e-35 1.0000000180025095e-35 0.36939570307731634 0.48076923191547399 0.73214286565780651 0.41666667163372045 0.26201373338699346 0.94201681017875682 1.0000000180025095e-35 0.76696833968162548 2.5000000000000004 0.90000000596046459
decision_type=2 2 2 2 2 2 2 2 2 2 2 2 2 2 2 2 2 2 2 2 2 2 2 2 2 2 2 2 2 2 2 2 2 2 2 2 2 2 2 2 2 2 2 2 2 2 2 2 2 2 2 2 2 2 2 2 2 2 2 2 2 2
left_child=1 7 3 17 5 -3 9 10 60 44 13 12 15 14 -1 29 19 -2 21 55 39 22 26 -24 -16 28 -19 40 46 36 31 -26 -10 34 -34 -36 -4 41 -30 -21 59 43 -43 -38 -7 48 -17 -39 50 -47 51 -46 -53 -32 -55 56 -11 58 61 -5 -6 -9
right_child=2 4 11 27 8 6 -8 57 32 16 -12 -13 -14 -15 24 25 -18 18 -20 20 -22 -23 23 -25 30 -27 -28 -29 38 -31 53 -33 33 -35 35 -37 37 47 -40 -41 -42 42 -44 -45 45 49 -48 -49 -50 -51 -52 52 -54 54 -56 -57 -58 -59 -60 -61 -62 -63
leaf_value=-0.089682782735007932 -0.067501779349906227 -0.098834160349344086 0.11271928002850314 -0.0090722485071288526 -0.0019360714674340651 -0.045551985314042372 -0.09212502560256991 0.049099477441118644 -0.05260943362801257 -0.045679029226269131 0.073159306767398194 0.10788380491964769 0.10786351340720689 0.045586358898585505 0.1173975467760196 0.0029133030792606335 -0.06154046018077191 -0.011158264419478618 -0.05026548980591003 0.14316283356014267 -0.020813245895292709 -0.063662136930332305 0.089595799467097975 -0.075055860387945206 -0.085870541634789299 0.069601457406105766 0.1783882678650279 -0.067749338083547148 -0.046439056409566165 0.027293500558519413 -0.075231186176319631 0.13381307452397972 1.8994927629822387 0.032987811367702451 0.083799313218815813 0.88049819687820063 -0.037739238830565874 -0.00083883089758177729 0.038006615553781292 0.057596682284208348 0.092243090091908009 0.087899336114438911 0.054665080419073489 0.074239928601472827 0.18249249177553378 -0.08625788893372914 0.1081469343308018 0.1017012113027696 0.27219446944729819 0.18675353625293442 0.33843066105456188 1.2372111050063981 3.3392896787120501 0.020033245499763725 -0.095239038586002633 0.28756897330541087 0.02490312770227826 0.074294230209553044 0.0835275089471436 0.08347950152988691 -0.087884124241363756 -0.12653074494091907
leaf_weight=700.63701233640313 754.64626845391467 25841.439893617295 843.05820423830301 122.58163729030639 64.32243228983134 9.0074395439587516 4257.7106426227838 23.691297194454819 118.3847716357559 258.82401425112039 456.7340590567328 7795.3556986954063 2724.2355074044317 335.75367922708392 82.389240857213736 85.929675406310707 273.47168563725427 39.620005988981575 357.70637884689495 200.86185619840398 194.3591003078036 103.37223111558706 98.49763061478734 82.107970488723367 36.517028472386301 630.25512093212456 119.20918717700988 52.184324219822884 273.95693535916507 315.30466301646084 140.95280694076791 85.659972124733031 0.54993182606995006 701.20668863970786 8.390191928483544 1.8586935717612494 106.16084962757304 53.035289525985718 146.21107585541904 169.48566261958331 785.10834546945989 1208.4608509275131 1056.6188871115446 90.882673159241676 0.7063114824704817 8.1272481824271363 131.52394198719412 1499.1131062507629 51.270433369558305 42.384573911316693 1.651261018589139 0.3730713720433414 0.29065336706116796 237.14041755534708 64.479277420323342 5.0724136107601216 150.74396365135908 1642.6931111598387 46.361179023515433 89.723082755692303 884.86259101191536 35.376379703637213
leaf_count=93687 94555 5531913 9719 4069 5769 1399 842749 458 14142 22773 6999 94988 30034 2461 612 1720 16326 2838 28187 4406 7773 14160 2309 8545 533 5976 4885 1705 4042 3342 1360 669 100 21960 984 83 2362 496 1242 7972 8850 10605 9393 933 139 462 1368 15897 980 1167 12 55 48 1698 467 175 5141 22280 612 932 166559 784
internal_value=-0.0215776 -0.0768966 0.0834168 0.00892516 -0.0893343 -0.092556 -0.0637105 0.0294446 -0.0323687 0.0248146 -0.00378937 0.0948573 0.0837772 -0.0246652 -0.0421661 0.0735891 0.00880637 -0.033447 -0.00134347 0.0284499 0.061045 0.0381765 0.0691907 0.0147409 0.00927882 0.0403632 0.131106 0.0717068 0.0114628 0.0817331 -0.00649423 0.0681527 0.0244311 0.0372406 0.313392 0.228285 0.085267 0.0795016 -0.0170534 0.104004 0.0790031 0.0677154 0.0723962 0.0139091 0.201031 0.222224 0.0665625 0.0981975 0.296093 0.142827 0.701645 1.13942 2.15774 -0.0271013 -0.00460929 -0.0159419 -0.0197008 0.0701336 0.00530656 0.0300415 -0.0820598 -0.0560877
internal_weight=56698.6 37133.7 19564.9 2604.76 33245.4 31465.8 5624.34 3888.39 1779.58 1366.63 2140.26 16960.1 9164.75 1683.53 1347.78 6440.51 1252.82 1555.16 800.513 979.347 564.707 442.807 339.435 180.606 647.139 1267.88 158.829 1049.6 637.622 5172.63 564.75 122.177 830.39 712.006 10.7988 10.2489 4857.33 4014.27 420.168 370.348 997.413 2462.12 2265.08 197.044 113.811 104.804 217.454 1552.15 54.2917 50.5118 3.0213 1.37004 0.663725 442.573 301.62 414.64 409.568 1748.12 105.429 212.305 949.185 59.0677
internal_count=7148859 6785707 363152 171035 6653087 6443490 911577 132620 209597 68828 108486 192117 97129 101487 99026 67095 64566 155479 60924 48240 20151 32737 18577 10854 5339 14348 7723 15556 8372 52747 4727 1202 37269 23127 1167 1067 49405 39686 5284 12378 13851 23293 19998 3295 4262 2863 3088 16393 1234 1629 254 242 103 3525 2165 28089 27914 24134 1854 5001 172328 1242
is_linear=0
shrinkage=0.1


Tree=20
num_leaves=63
num_cat=0
split_feature=9 16 16 16 6 9 11 9 9 12 16 9 15 14 12 11 16 1 16 11 9 3 18 9 2 12 17 5 14 13 13 12 14 3 15 3 12 13 3 2 7 14 9 16 16 7 14 14 16 16 12 3 1 9 16 12 17 12 17 6 14 15
split_gain=29152.1 4244.6 2769.46 836.247 417.194 384.125 363.154 602.752 352.553 340.463 276.254 259.208 584.517 220.2 174.471 171.121 255.274 154.048 145.113 133.626 269.01 124.985 104.363 97.1354 97.0751 89.4879 87.4542 87.1083 86.0874 86.1401 80.0211 87.2881 79.1066 75.3428 74.522 69.0483 82.7371 100.929 68.3563 66.0488 65.4046 64.918 174.927 64.4947 64.1192 58.7486 58.6207 69.4663 58.4258 56.6721 52.2488 57.22 56.1213 51.7807 340.453 384.625 71.1928 64.4185 57.2132 95.9333 89.7883 51.7561
threshold=0.32200460135936743 0.029923408292233947 -0.41914188861846918 -0.024798546917736527 1.0000000180025095e-35 0.61721614003181469 1.0000000180025095e-35 0.10435571894049646 0.55902779102325451 54.435443878173835 0.20255462080240252 0.21132376790046695 16.500000000000004 0.97220078110694896 14.068008899688722 1.0000000180025095e-35 -0.20594234019517896 0.46428571641445165 -0.68509677052497853 1.0000000180025095e-35 0.084523811936378493 0.62102442979812633 1.0000000180025095e-35 0.86811593174934398 1.0000000180025095e-35 36.390062332153327 129.50000000000003 0.94201681017875682 0.98837208747863781 1.0000000180025095e-35 1.0000000180025095e-35 29.398786544799808 0.96871945261955272 0.61938297748565685 19.500000000000004 0.1768428906798363 22.634618759155277 1.0000000180025095e-35 0.56280338764190685 0.1531234607100487 1.0000000180025095e-35 0.075498577207326903 0.094494048506021514 1.0000000180025095e-35 -0.75450405478477467 1.5000000000000002 0.97220078110694896 0.76696833968162548 -0.44145378470420832 -0.28348708152770991 19.426221847534183 0.63211598992347728 0.46428571641445165 0.13100686669349673 -0.17747497558593747 11.53653144836426 156.50000000000003 26.574468612670902 61.500000000000007 1.0000000180025095e-35 0.34632684290409094 1.5000000000000002
decision_type=2 2 2 2 2 2 2 2 2 2 2 2 2 2 2 2 2 2 2 2 2 2 2 2 2 2 2 2 2 2 2 2 2 2 2 2 2 2 2 2 2 2 2 2 2 2 2 2 2 2 2 2 2 2 2 2 2 2 2 2 2 2
left_child=1 3 8 11 5 9 7 -5 17 13 19 15 14 22 49 53 -17 35 -10 20 -3 -11 25 32 34 -4 43 -24 29 -22 -16 -32 -7 -15 -20 36 37 -2 -27 -26 -19 -12 -43 46 -39 -36 47 -9 -14 -13 51 52 -50 -1 -55 58 57 -57 59 60 -56 -8
right_child=2 10 4 6 -6 23 61 26 18 21 41 12 48 33 30 16 -18 40 24 -21 28 -23 27 -25 39 38 -28 -29 -30 -31 31 -33 -34 -35 45 -37 -38 44 -40 -41 -42 42 -44 -45 -46 -47 -48 -49 50 -51 -52 -53 -54 54 55 56 -58 -59 -60 -61 -62 -63
leaf_value=-0.10004055142262532 0.05536517043502398 -0.089896751987613835 0.13378462812864372 -0.095788928205321713 0.10656842765789994 0.090111302661193687 -0.012237561539146451 0.056399931631780767 -0.070497825786114299 -0.067584309445001087 0.10988534567030367 -0.020356519107284931 -0.099137793136839125 -0.034792581183172216 -0.041948693267475703 -0.092134296448915895 0.0051311604027577604 0.22442743153135455 -0.057934643209254469 0.069141279750398715 -0.011788867847331271 0.02991364912090427 0.036507915404147433 0.10762542821907867 -0.075570843545641628 0.014228199034656778 -0.028894200722584806 0.078150967446781239 -0.12469738738692421 0.076467659035593202 0.081390160457613242 -0.014275671250492171 0.057765970264414913 0.038157389118539733 0.050542350688807636 -0.088310853900805994 0.0038575453898920791 0.13708971978039369 0.10938775453519725 0.062875075717858872 -0.10067557778268402 -0.049465909951597144 0.083775112337460669 -0.032944115928074939 1.611680415821602 0.19470135981802758 -0.063547144795414054 0.1884616108745463 -0.0054050162647825868 0.22665557271628806 -0.071406020905169634 0.44141363169294484 0.90626781091873032 -0.095229277236431209 0.66685342022263472 0.12194457985151073 -0.067704346529872408 -0.032736000547125284 0.4638151058399016 0.37780355376222852 2.247044380902218 0.038968231758254
leaf_weight=20837.155554800294 1.9182496210560194 266.21505669457838 455.23324918141589 1461.4937576483935 7416.8459453526884 2842.3261646963656 325.23658644035459 277.75476078037173 104.15654880180955 289.68467309465632 510.77906297706068 11.58040427835658 1755.0765129067004 252.41659400239587 290.07059918995947 813.34850898012519 403.78647744981572 23.523674228228632 19.87237988319248 311.48127215355635 172.94537140987813 240.7554175821133 801.54039771016687 2251.8947898522019 57.122335012070835 145.48061918327585 267.64744846941903 1345.5472512897104 32.023533497005701 306.71837469050661 169.29826343664899 218.43454121146351 1030.1630643364042 322.41309927077964 41.057423975784332 1102.1810802519321 33.109117873944342 0.42073342483490705 156.89989308454096 86.853824688587338 8.3972365949302894 115.67299220152199 664.95501048117876 88.678735895082355 0.9857958797365427 90.76033707940951 33.533553912770003 46.499047276563942 47.757891605142504 46.92547481553629 454.1164873605594 3.2422474632039657 0.68491081753745575 2639.2148222802207 0.64900103537365705 63.53575700847432 79.595794218592346 46.723562833387405 9.4354354524984938 1.3762934524565935 0.80634817900136113 502.14593953825533
leaf_count=4980926 335 34367 8130 307395 98173 30815 1866 7314 7867 11654 5617 1354 405523 10603 18553 177849 26565 167 313 2257 3278 2304 7514 26430 1565 6276 9408 12880 306 2962 5016 8111 10332 2704 1132 201889 4165 76 1676 549 161 2236 6080 1299 82 1184 1035 523 8616 469 66281 95 24 587939 76 5943 10457 4213 745 10 68 5037
internal_value=-0.021235 -0.0777768 0.0771627 -0.087691 0.0885464 0.0753569 -0.0375507 -0.058996 -0.0500674 0.0512967 0.0508815 -0.0930892 -0.065306 0.0626736 0.0120778 -0.096434 -0.0598663 -0.0777594 0.0310046 0.0137934 -0.00836855 -0.0233321 0.0738645 0.0911104 0.0667616 0.105774 0.0163038 0.062605 0.0340481 0.0446463 -0.00222361 0.0274955 0.0815068 0.00612393 0.122585 -0.0838336 0.051611 0.527154 0.0636048 0.00794686 0.138905 0.0821677 0.0640315 0.0433991 1.17059 0.1498 0.062321 0.075338 -0.0905079 0.177763 -0.0605631 0.0347054 0.00748471 -0.0983137 -0.0856499 0.0394329 0.00436816 0.056397 0.582124 0.976344 1.54237 0.0188397
internal_weight=52398.2 33276.6 19121.6 30895.8 17551.2 10134.4 3002.99 2175.61 1570.36 4009.97 2380.79 27892.8 2997.19 3479.53 736.309 24895.6 1217.13 1170.54 399.823 1089.38 777.902 530.44 2904.7 6124.38 295.666 757.614 714.114 2147.09 511.687 479.664 677.803 387.733 3872.49 574.83 151.69 1138.61 36.4339 3.32478 302.381 143.976 31.9209 1291.41 780.628 446.466 1.40653 131.818 357.787 324.254 2260.88 58.5059 505.802 51.685 48.4428 23678.5 2841.34 202.122 189.855 110.259 12.2671 2.83164 1.45535 827.383
internal_count=7148789 6699813 448976 6642710 229491 131318 333877 326974 219485 63741 57103 6308833 514042 49783 33503 5794791 204414 206875 12610 43170 40913 13958 36476 67577 4743 16082 19579 20394 6546 6240 31680 13127 41147 13307 2629 206547 4658 493 7952 2114 328 13933 8316 10171 158 2316 8872 7837 480539 1823 75016 8735 8640 5590377 609451 21512 20613 10156 899 154 144 6903
is_linear=0
shrinkage=0.1


Tree=21
num_leaves=63
num_cat=0
split_feature=9 16 16 16 16 9 14 9 9 16 12 6 14 16 9 12 3 2 0 9 14 9 14 12 9 14 14 2 0 4 12 12 16 9 6 12 4 2 3 3 14 12 2 0 12 5 16 2 19 14 0 4 3 0 15 14 4 9 4 3 1 12
split_gain=25738.8 3855.64 2458.55 949.062 532.855 299.555 285.401 625.543 283.03 808.305 307.821 251.654 244.944 305.894 211.398 200.493 181.242 130.481 159.142 128.918 120.874 230.607 117.391 112.803 125.182 99.8879 101.056 92.1349 86.8316 83.0893 192.955 80.445 75.4787 74.178 81.0515 159.197 171.785 133.271 256.588 73.6637 67.8827 63.6236 62.2912 61.6278 61.3496 61.0529 59.7724 56.7904 56.6034 55.1963 55.1411 54.15 52.4606 69.1472 50.636 50.1143 49.5609 49.1268 48.9871 48.2925 47.8879 47.6006
threshold=0.32200460135936743 -0.013974681496620176 -0.51478981971740712 0.12352748587727548 -0.17747497558593747 0.49137930572032934 1.0000000180025095e-35 0.094494048506021514 0.17519181966781619 -0.26403135061264033 17.677288055419925 1.0000000180025095e-35 1.0000000180025095e-35 -0.17361970990896222 0.7947368621826173 26.077725410461429 0.60421237349510204 0.90892314910888683 0.76388889551162731 0.55902779102325451 1.0000000180025095e-35 0.10435571894049646 0.97366598248481762 33.766628265380866 0.69397994875907909 0.97220078110694896 0.76696833968162548 0.37283177673816686 0.16025641560554507 0.90595519542694103 60.448089599609382 48.487770080566413 -0.80725190043449391 0.21132376790046695 1.0000000180025095e-35 28.910184860229496 0.70299971103668224 0.17807604372501376 0.64747309684753429 0.54923510551452648 0.98837208747863781 70.806880950927749 0.84012389183044445 0.36931818723678594 11.53653144836426 0.93908473849296581 -0.44145378470420832 0.027156527154147628 0.41666667163372045 0.52730885148048412 0.30384616553783422 0.91545844078063976 0.68783602118492138 0.12916667014360431 10.500000000000002 0.98837208747863781 0.24440020322799685 0.2806250005960465 0.85028737783432018 0.67017546296119701 0.46428571641445165 5.3291354179382333
decision_type=2 2 2 2 2 2 2 2 2 2 2 2 2 2 2 2 2 2 2 2 2 2 2 2 2 2 2 2 2 2 2 2 2 2 2 2 2 2 2 2 2 2 2 2 2 2 2 2 2 2 2 2 2 2 2 2 2 2 2 2 2 2
left_child=1 8 19 6 5 15 -3 -8 12 46 44 14 13 -1 17 -4 43 18 22 60 -5 49 28 -7 40 26 52 33 47 30 42 39 -21 34 35 36 37 38 -18 -17 41 -25 58 -12 -11 -30 -10 -6 -45 -22 -15 -23 -9 -54 -41 -29 -34 -55 -20 -35 -2 -48
right_child=2 3 4 20 11 23 7 25 9 10 16 -13 -14 50 -16 31 27 -19 29 32 21 51 -24 24 -26 -27 -28 55 45 -31 -32 -33 56 59 -36 -37 -38 -39 -40 54 -42 -43 -44 48 -46 -47 61 -49 -50 -51 -52 -53 53 57 -56 -57 -58 -59 -60 -61 -62 -63
leaf_value=-0.089121807747483628 -0.091595254511428401 0.018737662957247117 0.0977491517968061 0.10516154308976876 -0.049882329740177853 0.12560407015441152 -0.094643218658966577 -0.033140917978582554 -0.098908493811639075 0.24832180291778602 -0.067499735615113438 0.10545817272869742 -0.099046187152399864 -0.074582451725137694 0.10296401735716657 -0.03264326605537414 0.23355079994173514 0.094291229110172001 -0.028224040725185334 -0.09486576505257395 -0.060574763515229058 0.047926367146318399 0.027647914145422919 0.063896798352472264 0.081699769358376181 -0.087229714277650111 0.1107820858457924 0.01349726981390598 0.044445545611367612 0.073162054919274674 -0.386036941903593 -0.072643339694492201 0.12322938816350207 0.0028473021083581557 0.10557901549715101 0.13025612741902837 2.8749105195501885 0.041083847917911559 2.7530548650766771 -0.085752588385283893 -0.031704701103083419 -0.048048823842462937 0.022505257087421376 0.051615509126522498 0.10380221970502145 0.078332383133346187 0.48844155881039042 0.10651579519398119 0.63083873739588325 0.098790841060970469 0.032466612413403255 0.09961041708792201 0.14086421534976984 0.004010007655727621 0.075195012457586474 -0.10369282906232975 -0.001249432661581479 0.099199102997272942 -0.20745286261430698 0.10880546229316201 0.11091886458233345 -0.063620406287000997
leaf_weight=775.79078312171623 849.10250117210671 983.63880555517972 151.82593265874311 579.14199769496918 23.96612036973238 270.10040203668177 1191.2491509832907 199.07529325503856 2658.3576616565697 44.519386770669371 403.07910452829674 6650.8153067342937 20444.547848019516 55.732076390646398 2483.628262642771 296.01794214872643 0.89702611882239647 1354.1062033995986 37.824734926223755 65.561185941565782 195.1878491290845 423.60879251360893 719.50534900370985 280.42739456193522 708.58292387239635 88.429846463724971 116.98825000273064 209.20636129844934 1003.4220352061093 76.36272781342268 15.699619144201277 263.88358853710815 43.750407659914345 75.91285416809842 13.046702118590474 4.755104327108711 0.43681260291486967 1.4076372752897439 0.73574055498465896 22.852609978988767 183.82220724225044 61.99307569861412 117.58440405502915 23.620429990347478 86.341182610252872 1130.8788676969707 1.566520599182694 743.07897706702352 1.8169145174324501 24.456103844568133 352.21972566470504 388.74577098339796 48.43874120595865 439.66452932800166 135.15585250919685 44.199987029656768 118.94008004805073 61.844601310789585 25.551503501832485 99.253897903952748 11.839387189131228 522.99428885173984
leaf_count=183957 186668 7145 5890 6639 682 2722 258800 9667 671261 1057 52511 96880 5355932 7899 32654 22903 117 16546 284 5878 6546 3171 7009 3648 6354 2301 1353 4962 8994 807 133 16919 667 1209 79 509 47 171 77 303 3712 886 1096 690 3802 11393 115 8442 21 285 13151 4408 1028 11884 2686 1673 4370 517 185 800 141 85893
internal_value=-0.0209345 -0.0766568 0.0744874 0.00623965 0.0839502 0.0400648 -0.0258657 -0.046313 -0.0918761 -0.0680953 0.00988544 0.0911961 -0.0964855 -0.0522589 0.0789277 -0.00665506 -0.0114313 0.0675524 0.0582539 -0.071096 0.0685981 0.0480793 0.0638052 0.0670654 0.0542609 0.0140084 0.024346 0.0329031 0.0727718 -0.015368 -0.049744 -0.0287348 -0.00427942 0.0843032 0.260609 0.506303 1.02055 0.754132 1.36886 -0.00321483 0.0173146 0.0436297 -0.0205682 -0.057973 0.152968 0.0624008 -0.0928211 0.101629 0.0929877 -0.0428303 0.0178422 0.0726594 0.0108458 0.0267685 0.0519173 -0.00694342 0.0322252 0.0157484 -0.100484 0.0628859 -0.0888103 -0.0619718
internal_weight=48407.2 30560.9 17846.3 4740.47 16757.1 2374.66 3129.33 2145.69 25820.4 4192.15 1009.23 14382.4 21628.3 1183.74 7731.61 869.736 878.369 5247.98 3893.87 1089.19 1611.14 1032 3620.85 1504.93 1234.83 954.441 866.011 449.852 2901.35 273.023 196.66 717.91 228.252 196.446 21.279 8.23232 3.47722 3.0404 1.63277 454.026 526.243 342.42 180.961 428.516 130.861 2134.3 3182.92 767.045 25.4373 219.644 407.952 812.355 749.023 549.948 158.008 253.406 162.69 501.509 63.3762 175.167 860.942 524.561
internal_count=7148529 6699677 448852 313744 251128 66023 292695 285550 6385933 824994 67725 185105 5560939 205007 88225 48701 62866 55571 39025 197724 21049 14410 36520 17322 14600 26750 24449 9644 29511 2505 1698 42811 10915 3009 1000 921 412 365 194 25892 8246 4534 1565 53222 4859 20387 757269 9124 711 6831 21050 7579 23096 13429 2989 6635 5037 12401 469 2009 186809 86008
is_linear=0
shrinkage=0.1


Tree=22
num_leaves=63
num_cat=0
split_feature=9 2 2 6 9 9 11 6 11 0 9 3 9 0 8 9 11 13 14 0 12 12 3 12 14 14 5 0 18 9 0 3 12 3 2 0 3 7 12 3 2 8 0 0 3 2 3 9 5 12 9 12 12 9 2 5 2 7 0 5 12 0
split_gain=22887.6 2750.34 1887.79 795.127 589.668 381.081 897.492 318.991 287.846 310.326 296.847 450.355 262.367 254.497 188.864 185.878 262.904 161.486 135.956 121.88 120.994 113.91 108.553 107.392 106.456 98.3375 92.9567 92.5091 91.0326 89.5528 76.7186 76.6298 74.3286 79.3963 149.455 69.6519 68.9893 87.6764 67.5921 66.9796 68.0169 69.5475 65.7409 95.4211 72.8415 63.907 63.426 62.7837 61.2675 60.866 54.6138 158.634 54.1343 66.1361 85.7456 57.7363 72.6027 83.2852 53.3254 52.2496 51.6876 51.2827
threshold=0.32200460135936743 0.74451968073844921 0.08642031624913217 1.0000000180025095e-35 0.49137930572032934 0.11651583760976793 1.0000000180025095e-35 1.0000000180025095e-35 1.0000000180025095e-35 0.48076923191547399 0.1863425895571709 0.57659712433815014 0.77097901701927196 0.11805555596947671 0.75000000000000011 0.10435571894049646 1.0000000180025095e-35 1.0000000180025095e-35 0.97056278586387645 0.48076923191547399 14.068008899688722 12.046047210693361 0.57294833660125744 32.669076919555671 0.57460319995880138 0.98837208747863781 0.91331186890602123 0.087121214717626586 4.3500149250030526 0.43874999880790716 0.48076923191547399 0.23294574022293094 34.086711883544929 0.54923510551452648 0.0090742730535566824 0.76388889551162731 0.76253134012222301 1.0000000180025095e-35 23.984946250915531 0.74646764993667614 0.35218171775341039 1.0000000180025095e-35 1.0000000180025095e-35 0.30384616553783422 0.62575301527977001 0.93307995796203624 0.61311829090118419 0.22792208194732669 0.56037384271621715 19.512748718261722 0.077935222536325469 5.3291354179382333 42.628488540649421 0.55902779102325451 0.4643161147832871 0.9495762586593629 0.7356814742088319 1.0000000180025095e-35 0.6904762089252473 0.77712419629096996 38.476963043212898 0.43650794029235845
decision_type=2 2 2 2 2 2 2 2 2 2 2 2 2 2 2 2 2 2 2 2 2 2 2 2 2 2 2 2 2 2 2 2 2 2 2 2 2 2 2 2 2 2 2 2 2 2 2 2 2 2 2 2 2 2 2 2 2 2 2 2 2 2
left_child=1 3 4 8 21 6 24 12 10 -10 -1 19 14 23 18 16 -5 46 42 -12 -15 -2 31 47 50 -7 -16 60 -11 -20 -22 49 -19 34 -34 -28 37 -32 -17 40 41 -30 -4 44 -44 48 -6 -13 -45 -23 -3 -52 53 54 -50 56 57 -56 -57 -21 -24 -58
right_child=2 5 7 15 17 25 -8 -9 9 28 11 13 -14 20 26 38 -18 32 29 59 30 22 27 -25 -26 -27 35 -29 39 -31 36 -33 33 -35 -36 -37 -38 -39 -40 -41 -42 -43 43 45 -46 -47 -48 -49 52 -51 51 -53 -54 -55 55 58 61 -59 -60 -61 -62 -63
leaf_value=-0.098246152358385533 0.35972499179925599 -0.097565535742787576 0.10303063311439385 -0.088707458663976765 -0.026994535884092393 0.062375562373898345 0.040145936938337436 0.10434017689426173 -0.07908164816974815 -0.056104033076688202 -0.08943031125510148 0.22523581127441542 0.10033121268952205 0.11714308100649924 -0.07940082119453018 0.099925508962445786 0.058399999360492241 0.12981946981329748 -0.034657445907618663 0.35251346598483202 -0.080585829255830632 0.20195860976042435 0.15168797930583322 -0.0041498423506970052 0.049221426401626557 -0.079366651909168695 0.062737440993511653 -0.088698298921781271 0.73347365709903489 0.046590710196749756 0.12574195614884107 -0.077200873741693099 0.060497955440408285 0.097050603279551811 -0.057597784787471219 -0.052034869697222 -0.074983309210548132 -0.04964334775624734 0.014478238151863027 -0.010111551159366572 0.082240372114801175 0.023640079297550468 -0.059077816096001504 0.27225126565968932 0.061882282369574972 0.098260713930730936 0.098326150555242908 0.088038786412774822 0.15012908954003526 -0.022427943978356013 0.43088665059664372 -0.056222485559353143 0.040299208020336708 0.097836595592746434 0.082244690589068928 0.089557152530326728 0.068393718180289123 -0.077509118608220906 0.022807762124358321 0.039777211904197959 0.017820041808574234 -0.078576155755695265
leaf_weight=19003.538646867266 6.6842991402372709 900.3976321646478 678.55767244612798 322.25822361814789 348.44709372613579 1039.6552857926581 1348.5442980127409 6106.8180674044415 742.65309455152601 89.713901146315038 2596.7394988022279 45.900098203448579 2546.2509372560307 44.999338556546718 121.28282524156384 195.58101398823783 194.99779449636117 143.50448231305927 162.28476693574339 7.2389499144628671 360.97909804503433 13.017210413236169 44.410550423664972 103.02482524421066 60.211694400524721 51.364600618835539 171.81184366997331 56.95168281509541 3.271857845131307 826.88750851154327 63.251967263175175 945.32741531613283 427.30744089744985 265.86906614154577 143.03308362979442 76.383439473807812 78.248390262946486 51.883984354324639 175.77965805516578 94.41004666686058 190.88756487471983 2.3874784149229527 98.987360289786011 14.17610305175185 100.15774406958371 765.06747561693192 45.679449484217912 122.03608542168513 89.767551991390064 169.48383812396787 6.945443380624055 178.73947842954658 693.45692358724773 668.70444271713495 170.12304315110669 366.64834614563733 31.220370531082153 40.379338912665844 177.68720823526382 20.389632648788393 82.278383502503857 99.114223457872868
leaf_count=5419698 418 218617 9988 77384 23209 13185 17687 97099 169298 14766 640394 1553 35619 1217 2566 4850 4318 3137 4321 97 57919 945 424 3281 4932 1043 1741 10212 143 9124 1228 171805 9362 3800 4402 637 3022 1379 2883 6058 6854 272 3138 108 1372 10308 797 1460 756 19086 127 25023 7811 7681 1331 3527 246 340 1741 396 1173 873
internal_value=-0.0202872 -0.075393 0.0724352 -0.0873603 -0.0042593 0.00640585 -0.0151521 0.0871764 -0.0908537 -0.0414513 -0.0933203 -0.0665345 0.0739068 -0.00419765 0.0613368 0.00550257 -0.0332501 0.0415846 0.0664516 -0.0872074 -0.0405565 -0.0520399 -0.0541386 0.0762276 -0.0802068 0.0557024 -0.00764733 0.0171598 0.0319619 0.033261 -0.0533574 -0.0657479 0.06333 0.0519195 0.0308813 0.0274156 -0.0025317 0.0467077 0.0594799 0.0591163 0.0923694 0.434019 0.0746716 0.0688675 0.00175768 0.0731561 -0.0124698 0.125537 0.0649875 -0.00642318 -0.0873822 -0.0380024 0.0637303 0.0736159 0.0570031 0.0475589 0.0152836 0.0516001 0.0677682 0.121717 0.0647472 -0.043371
internal_weight=44793.8 28096 16697.8 24510.2 2691.99 3585.86 2494.84 14005.8 23621.6 1123.32 22498.2 3494.69 7898.95 870.324 5352.7 888.617 517.256 1373.84 4983.22 2624.37 599.363 1318.15 1311.47 270.961 1146.29 1091.02 369.478 183.641 380.671 989.172 554.363 1127.83 979.714 836.21 570.341 248.195 193.384 115.136 371.361 290.957 196.547 5.65934 3994.05 3315.49 199.145 3116.35 394.127 167.936 2351.28 182.501 1086.08 185.685 2337.1 1643.64 974.94 885.173 340.837 210.502 544.336 27.6286 126.689 130.335
internal_count=7148181 6699084 449097 6418470 248770 280614 266386 200327 6329035 197391 6131644 711946 103228 71059 67609 89435 81702 44707 62665 640887 64765 204063 203645 6294 248699 14228 4944 11809 28093 13445 63548 191836 20701 17564 13764 2378 5629 2607 7733 13327 7269 415 49220 39232 4510 34722 24006 3013 24414 20031 243767 25150 24306 16495 8814 8058 2790 1671 5268 493 1597 1119
is_linear=0
shrinkage=0.1


Tree=23
num_leaves=63
num_cat=0
split_feature=9 16 16 16 6 9 9 15 14 11 1 16 11 9 13 12 12 13 12 3 11 9 16 5 16 18 18 9 17 9 13 16 14 18 5 12 20 15 2 16 15 15 16 9 9 12 12 15 16 3 13 3 9 13 16 2 9 6 16 12 16 12
split_gain=20091.5 3443.47 2004.57 750.897 472.087 350.629 296.46 643.98 289.526 260.665 278.932 258.349 232.549 518.738 189.483 173.975 148.233 134.82 162.102 121.859 114.869 184.764 103.287 94.2881 93.8783 92.4343 78.8972 82.9489 78.7049 72.3706 72.355 69.9345 69.4412 61.8804 89.6496 61.8367 58.9606 75.8734 57.568 54.4163 53.9886 63.0604 70.4059 119.942 120.1 115.819 96.3062 76.1236 59.0494 129.094 53.857 53.4047 53.3387 50.2447 50.1427 81.52 48.6101 48.1336 48.1106 46.9453 56.1035 46.6414
threshold=0.32200460135936743 -0.013974681496620176 -0.41914188861846918 0.12352748587727548 1.0000000180025095e-35 0.69397994875907909 0.1863425895571709 16.500000000000004 0.98837208747863781 1.0000000180025095e-35 0.46428571641445165 -0.64381474256515492 1.0000000180025095e-35 0.096006143838167204 1.0000000180025095e-35 45.056007385253913 11.53653144836426 1.0000000180025095e-35 10.977132797241213 0.63211598992347728 1.0000000180025095e-35 0.11651583760976793 -0.29310645163059229 0.28743545711040502 -0.12362335994839667 5.6455371379852304 1.0000000180025095e-35 0.55902779102325451 154.50000000000003 0.88562092185020458 1.0000000180025095e-35 -0.44145378470420832 0.95445135235786449 1.0000000180025095e-35 0.9495762586593629 35.598848342895515 1.0000000180025095e-35 3.5000000000000004 0.93307995796203624 -0.0051787188276648513 19.500000000000004 22.500000000000004 -0.46985749900341028 0.50999999046325695 0.43874999880790716 35.598848342895515 31.083367347717289 21.500000000000004 -0.50479379296302784 0.22347066551446917 1.0000000180025095e-35 0.49742268025875097 0.24283374845981601 1.0000000180025095e-35 -0.29310645163059229 0.63153737783432018 0.49137930572032934 1.0000000180025095e-35 -0.12758982926607129 14.557664394378664 -0.31306043267250055 36.759212493896491
decision_type=2 2 2 2 2 2 2 2 2 2 2 2 2 2 2 2 2 2 2 2 2 2 2 2 2 2 2 2 2 2 2 2 2 2 2 2 2 2 2 2 2 2 2 2 2 2 2 2 2 2 2 2 2 2 2 2 2 2 2 2 2 2
left_child=1 6 11 12 5 8 9 16 15 -1 58 -2 13 -3 -13 26 -8 52 -19 -10 21 30 -18 32 56 57 50 38 35 -7 -5 -9 40 -21 -35 53 54 -38 39 -28 -16 42 43 44 46 -46 47 -42 49 -49 51 -4 -15 -24 -12 -56 -17 -25 -11 60 -33 -20
right_child=2 3 4 20 -6 29 7 31 19 10 36 14 -14 17 23 24 22 18 61 33 -22 -23 28 25 -26 -27 27 -29 -30 -31 -32 59 -34 34 -36 -37 37 -39 -40 -41 41 -43 -44 -45 45 -47 -48 48 -50 -51 -52 -53 -54 -55 55 -57 -58 -59 -60 -61 -62 -63
leaf_value=-0.098231683457220054 -0.089137948312325521 -0.092884756444521627 0.00078767225863848119 -0.073372068758544587 0.10303291068393464 0.076380859450409289 0.19357569582649353 -0.09900954008259813 -0.040215528548029719 -0.097849188755678815 -0.068114560896451945 -0.066120647350900147 0.016721448616887288 -0.059516305257644078 -0.025458673486421453 -0.050565625424120769 -0.062056097558216533 0.1799687117224904 0.033073987776029566 0.099978811202105985 0.10349449160394984 0.07137516796618748 0.01764763732129242 -0.029743021158615782 0.050305510856800198 0.13915525358661671 0.07036054325643952 0.090590342165454835 -0.030500018597739178 0.1043211662438559 0.035702726711820523 -0.031339314013144423 0.02511085735849124 -0.041254603832789727 0.04915958678556074 -0.018092420712917456 0.020446191478623345 0.6056532479413852 0.089699312553224636 0.024711443025470636 0.38613633554969717 0.026871038355679507 0.12245845290499009 0.25294807775734479 2.5525013862005834 0.7123339227061084 -0.0063456231913308313 3.2876249078214941 0.76231176285569635 0.68787449570413151 0.11848443773597216 0.11036450312097384 0.027429195240394128 0.099044390047670683 0.1061593289043079 -0.003610114402269628 0.019110984472620954 0.19349728170576938 -0.014423126029925716 -0.065212431590082887 0.26081795123725698 -0.05960972891647786
leaf_weight=17237.026814937592 696.14597557368688 993.11960180476308 90.416952332016081 148.34076264780015 5674.8299281205982 2077.157678976655 42.344596593175083 1808.7448253151961 427.69378440594301 587.0061699654907 67.865704325493425 269.66453665448353 999.75667552649975 263.86932557378896 11.527857929933814 186.74050137167796 194.22479557921179 74.088558053597808 420.73092837515287 104.42038726247847 515.07225694134831 695.42933319509029 123.28493111114949 203.82180095254444 551.56570003461093 44.557424849364907 390.84205537708476 748.05764222145081 200.73938591592014 1674.2780735604465 103.07436524378136 20.241916297469292 53.304126733681187 176.89044086122885 288.57399694621563 113.81973420782015 5.2349875248037261 3.8410686966963112 288.55297926068306 786.86732087284327 1.6197720731142935 14.635789204621686 20.839501947164536 22.537664792034775 0.63974945642985381 0.73496686341241002 2.0992327078711241 0.38351788860745728 0.79646320268511772 0.38051062636077404 516.22878236602992 87.540112263523042 96.311982799321413 197.04299005959183 92.579664261778817 251.2997115557082 215.87726164422929 10.138797935098408 78.352075994480401 514.12640402442776 9.733533598482607 62.340674106031656
leaf_count=5468839 157460 259777 4134 5182 98229 27167 1600 557509 16409 165484 16207 38373 7194 15391 620 9118 29978 2123 6394 962 6617 7207 4459 17605 6595 497 3825 9699 8454 25175 1990 5040 2171 1579 3031 3160 79 98 3807 7617 193 1522 286 179 38 75 331 35 23 83 8311 1342 1091 3364 5600 9496 2528 76 8186 96519 1478 965
internal_value=-0.0198884 -0.0738988 0.0696191 0.00701744 0.0806397 0.0658834 -0.0903172 -0.0623552 0.0481558 -0.0952376 -0.0477236 -0.046678 -0.0223551 -0.0428042 -0.00173474 0.0605593 0.0110779 0.0114134 0.042237 0.00012884 0.065489 0.0448145 0.00175734 0.0430122 0.0235068 0.00812304 0.072715 0.0634932 0.0212792 0.0888507 -0.0286539 -0.0895537 0.112661 0.030407 0.0147995 0.0452206 0.0159966 0.268111 0.0496688 0.0398608 0.173909 0.209449 0.26286 0.363089 0.736134 1.56869 0.519347 0.866347 1.3648 1.99287 0.102131 0.0546904 -0.0362672 0.0677171 0.0104393 0.0259422 -0.0132061 -0.0191645 -0.088025 -0.0581199 0.0635291 0.0211131
internal_weight=41560 25919.6 15640.4 4372.13 14286.5 8611.7 21547.5 3224.3 4860.27 18323.2 1086.18 1353.83 2910.22 1910.46 657.682 3862.69 871.456 917.341 557.16 997.579 1461.92 946.844 829.112 388.017 954.183 258.518 2908.51 2214.32 634.887 3751.44 251.415 2352.85 129.499 569.885 465.464 434.148 420.821 9.07606 1466.26 1177.71 76.195 64.6672 50.0314 29.1919 6.65421 1.37472 5.2795 3.18026 1.56049 0.764029 694.186 177.957 360.181 320.328 411.745 343.879 402.618 213.961 665.358 544.102 29.9754 483.072
internal_count=7148576 6699481 449095 313931 229528 131299 6385550 711561 78957 5673989 205150 219567 292935 285741 62107 56976 51015 25964 9482 21981 20996 14379 49415 23734 18241 18178 38735 24948 19437 52342 7172 660546 5556 5572 4610 10983 31480 177 15249 11442 3385 2765 1243 957 778 113 665 334 141 118 13787 5476 16482 7823 31303 15096 11646 17681 173670 103037 6518 7359
is_linear=0
shrinkage=0.1


Tree=24
num_leaves=63
num_cat=0
split_feature=9 16 16 16 6 9 16 9 16 12 11 16 9 11 9 12 12 14 12 3 9 2 4 17 11 9 4 9 9 1 14 17 12 2 12 15 1 9 16 12 14 9 2 14 3 3 2 15 3 2 6 17 2 1 12 14 14 12 9 12 16 14
split_gain=17764.3 3443.22 1239.78 695.715 438.926 406.142 759.141 316.355 257.546 250.533 229.692 230.091 224.351 372.13 234.483 210.698 172.912 139.958 131.849 131.132 118.985 118.582 106.18 88.1185 84.1106 82.7262 82.6659 70.3297 69.0194 63.091 60.9228 60.528 60.0899 57.6341 57.1537 56.4081 55.7385 55.2063 270.059 198.925 86.8539 125.08 74.2537 109.07 55.0096 50.9168 50.463 69.963 66.8117 49.7111 49.5974 48.474 47.0138 52.2333 46.32 77.9383 69.012 45.6555 44.2376 45.7261 43.6079 43.2785
threshold=0.3514705896377564 -0.017761963419616219 -0.39026698470115656 0.12352748587727548 1.0000000180025095e-35 0.19722222536802295 -0.34731881320476526 0.69397994875907909 -0.64814686775207508 34.086711883544929 1.0000000180025095e-35 -0.2285974323749542 0.21132376790046695 1.0000000180025095e-35 0.087595909833908095 54.435443878173835 1.3395107388496401 0.98837208747863781 11.53653144836426 0.62575301527977001 0.49137930572032934 0.59373813867568981 0.90070420503616344 127.50000000000001 1.0000000180025095e-35 0.048199767246842391 0.30053764581680303 0.86811593174934398 0.43874999880790716 0.46428571641445165 0.98837208747863781 205.50000000000003 38.100185394287116 0.14794753491878512 32.94420242309571 20.500000000000004 0.46428571641445165 0.12060606107115747 -0.15106625109910962 10.345087528228762 0.47722567617893225 0.17519181966781619 0.26697455346584326 0.64142856001853954 0.63686314225196849 0.61610352993011486 0.20314723253250125 3.5000000000000004 0.7243877947330476 0.90892314910888683 1.0000000180025095e-35 83.500000000000014 0.93307995796203624 0.15476191043853763 21.620648384094242 0.76026272773742687 0.93541666865348827 16.981006622314457 0.93933823704719555 22.918395996093754 -1.0000000180025095e-35 0.95826086401939403
decision_type=2 2 2 2 2 2 2 2 2 2 2 2 2 2 2 2 2 2 2 2 2 2 2 2 2 2 2 2 2 2 2 2 2 2 2 2 2 2 2 2 2 2 2 2 2 2 2 2 2 2 2 2 2 2 2 2 2 2 2 2 2 2
left_child=1 5 8 12 7 10 29 15 -2 18 37 -12 13 14 -3 17 21 28 -8 -17 -10 -16 24 30 25 -5 35 -9 57 -7 -20 54 50 -31 -30 -22 58 -1 -39 40 -40 42 -42 -44 -41 -11 48 -48 -46 -19 60 -13 53 -27 55 -18 -57 -4 59 -28 -14 -37
right_child=2 3 4 22 -6 6 9 27 20 45 11 51 32 -15 16 19 31 49 23 -21 26 -23 -24 -25 -26 52 36 -29 34 33 -32 -33 -34 -35 -36 61 -38 38 39 44 41 -43 43 -45 46 -47 47 -49 -50 -51 -52 -53 -54 -55 -56 56 -58 -59 -60 -61 -62 -63
leaf_value=-0.099842039517882064 -0.085050208736406452 -0.094927776917799439 0.10270480101674523 -0.09231704871782688 0.10264854647611582 -0.094969320178890176 0.19782088878357521 0.074047014422281884 -0.042401685372514542 -0.075730369283203411 -0.091184168775804264 0.049850884311464484 0.12719239531826659 0.013626961791682282 0.022805320781066372 -0.051589339755349364 0.0056030588220521774 0.0057092137367365974 0.075567172294444554 0.035840033648116616 -0.012628225765226587 1.624437274857282 0.088312432052921733 -0.016579506133832574 0.094459294942502992 0.097771908080548198 0.27334928081380133 0.10267972508437362 0.093979692428883363 0.87187840660778948 -0.025307462013940893 -0.078593806995066962 -0.047038790395414927 0.017180104826751304 0.059798824198112055 0.17243872763247503 0.083417651873326282 -0.092708993103836235 0.26359976914935029 -0.058811662803528168 0.74877514330461337 0.18084554896098731 0.86900183473628412 2.8985383590349691 0.092727428012868221 -0.0094874795701019674 0.22065921465077087 -0.029665218748203544 0.55189041195559807 0.078301239822831936 0.09574494089447888 -0.019167349979948685 0.093819053497916319 0.00041310205211412101 -0.045337013297668205 0.2469181806368318 -0.066996491588674448 0.034822476447082848 0.099546260616781623 -0.048474759588955356 0.011086472994041439 0.062530010871046801
leaf_weight=13974.010204994353 467.0797275735531 935.12970671989024 113.31248011533171 61.866172309499234 5049.7663387730718 2076.4084182968363 51.648313482990488 1860.8902328293771 267.36264959932305 288.82648898428306 565.74022403010167 155.11438227421604 37.527495638933033 1031.9661393691786 0.80491091427393158 315.06865885574371 244.33706169086508 609.70904764765874 362.64827492507175 376.61150102410465 39.425555867841467 1.0859124853741375 783.95573692489415 240.07397578819655 184.94688431918621 65.354072894901037 4.5364015572704366 1591.5418123975396 972.39139968995005 0.80615572119131584 71.709795240079984 117.89046272239648 68.357268000021577 36.982137656537816 984.44669550424442 78.57900850684382 68.951854007318616 1587.2445876051206 7.7228939612396044 55.681140828644857 0.99843878787942308 1.5574959805235264 0.49736233218573012 0.56628531450405717 9.9178071038331819 193.95164758712053 14.817169374320654 45.298858858412132 4.6569932696875176 111.60303519666195 171.79602994024754 295.84899116819724 94.450099591165781 351.41363530047238 135.86983225238509 26.336591611383483 9.5401322913821769 788.73259768588468 26.2950753942132 164.9246961879544 234.40834760898724 65.850071031833068
leaf_count=4947919 104626 273984 1115 4669 95981 661686 1857 25796 34830 45324 173048 7990 434 7518 149 9557 18077 10250 17577 4351 999 43 11643 18642 2190 668 120 26220 12118 34 5806 9186 1155 2584 12806 1439 525 513935 1085 11354 27 11 50 50 385 3872 1403 5391 80 1443 1822 24152 928 3214 3000 483 413 11827 155 6913 2208 1697
internal_value=-0.0194609 -0.0705884 0.0706528 0.00787257 0.0797227 -0.0884278 -0.0564973 0.064735 -0.0272842 0.00671151 -0.094774 -0.048711 -0.0200701 -0.0324086 -0.0647045 0.0465417 -0.0119623 0.0563033 0.0438331 -0.0039851 0.0104032 0.942633 0.0625089 0.0320406 0.0358229 0.0168996 0.0418771 0.0872465 0.0662347 -0.0926389 0.0589134 -0.0153426 0.0402374 0.0354138 0.076784 0.0933879 0.00609999 -0.0977564 -0.0808998 0.0513672 0.453043 0.857248 1.36814 1.94953 0.0164211 -0.0491179 0.0725062 0.0320338 0.239441 0.0169408 0.0536824 0.00457232 0.0301167 0.0156801 0.00257864 0.0258119 0.163444 0.0433497 -0.0211339 -0.0398597 0.0271092 0.122328
internal_weight=38556.8 24599.8 13957.1 4557.04 12774.1 20042.7 3323.06 7724.31 1183.01 1208.86 16719.7 1016.7 3015.05 2502.96 1470.99 4271.88 535.865 3580.2 726.08 691.68 715.925 1.89082 1541.99 674.432 758.031 573.084 448.563 3452.43 2858.88 2114.2 434.358 533.974 512.089 37.7883 1956.84 183.855 264.708 15703 1728.96 141.714 11.3425 3.61958 2.06209 1.06365 130.372 482.778 74.6908 60.116 14.5748 721.312 443.732 450.963 511.218 416.768 416.084 280.214 35.8767 902.045 195.756 169.461 271.936 144.429
internal_count=7148814 6786046 362768 341784 211464 6444262 757382 115483 151304 93078 5686880 205190 318472 312853 305335 63467 31351 49559 43882 13908 46678 192 23312 42025 11669 9479 11848 52016 37866 664304 23383 31159 5619 2618 24924 4135 7713 5481690 533771 19836 1223 138 127 100 18613 49196 7259 6794 465 11693 4464 32142 4810 3882 21973 18973 896 12942 7188 7033 2642 3136
is_linear=0
shrinkage=0.1


Tree=25
num_leaves=63
num_cat=0
split_feature=9 16 16 16 4 9 9 16 16 11 3 16 14 11 9 9 11 9 2 0 2 15 14 14 3 0 0 5 0 17 14 9 7 4 1 4 0 18 1 14 2 2 14 14 14 15 1 18 18 0 17 6 1 3 9 5 4 2 2 15 15 2
split_gain=15649.1 2923.07 1541.14 581.357 477.644 324.171 309.803 716.055 272.246 254.081 251.552 215.569 197.395 194.466 466.548 110.897 106.829 142.079 100.253 88.9114 121.939 83.0045 76.4594 80.8574 76.2737 75.993 75.5812 70.1302 79.4122 68.3044 65.3681 63.9853 57.527 56.5865 62.8449 55.9512 64.2817 56.1367 53.2037 52.9603 51.2089 49.6201 48.4874 47.3457 67.2932 46.421 45.4896 45.4646 44.9066 44.6349 43.2582 42.0551 43.5945 41.6311 41.0825 40.901 40.8985 40.8402 40.2092 49.1132 44.09 43.7843
threshold=0.32200460135936743 -0.017761963419616219 -0.38038800656795496 0.12352748587727548 0.89512962102890026 0.7947368621826173 0.1490740776062012 -0.34731881320476526 -0.60701093077659596 1.0000000180025095e-35 0.55403152108192455 -0.2285974323749542 0.98837208747863781 1.0000000180025095e-35 0.094494048506021514 0.58578431606292736 1.0000000180025095e-35 0.065591398626565947 0.0070401676930487165 0.76388889551162731 0.85990032553672802 23.500000000000004 0.97220078110694896 0.77171215415000927 0.58578637242317211 0.16025641560554507 0.36931818723678594 0.94570022821426403 0.6904762089252473 208.50000000000003 0.97220078110694896 0.55902779102325451 1.5000000000000002 0.84660634398460399 0.90000000596046459 0.23845060169696811 0.30384616553783422 4.0283389091491708 0.58571431040763866 0.48566749691963201 0.93307995796203624 0.84012389183044445 0.74352160096168529 0.97220078110694896 0.76696833968162548 1.5000000000000002 0.30952382087707525 5.911341905593873 9.4543409347534197 0.30384616553783422 134.50000000000003 1.0000000180025095e-35 0.73214286565780651 0.19399641454219821 0.20294117927551272 0.77712419629096996 0.21483516693115237 0.28920982778072363 1.0000000180025095e-35 19.500000000000004 22.500000000000004 0.12562644481658938
decision_type=2 2 2 2 2 2 2 2 2 2 2 2 2 2 2 2 2 2 2 2 2 2 2 2 2 2 2 2 2 2 2 2 2 2 2 2 2 2 2 2 2 2 2 2 2 2 2 2 2 2 2 2 2 2 2 2 2 2 2 2 2 2
left_child=1 6 8 13 5 12 9 -8 47 -1 26 -11 19 14 42 30 17 -5 -12 21 33 31 23 39 -14 -26 53 51 -29 43 35 32 -4 -21 -35 50 -37 -38 46 -20 -19 -30 -3 44 -16 -46 -15 56 49 -13 -10 -27 -53 -9 -25 -28 -2 -24 59 -17 -61 -60
right_child=2 3 4 16 -6 -7 7 10 15 11 18 48 24 38 29 58 -18 40 22 20 -22 -23 57 54 25 27 55 28 41 -31 -32 -33 -34 34 -36 36 37 -39 -40 -41 -42 -43 -44 -45 45 -47 -48 -49 -50 -51 -52 52 -54 -55 -56 -57 -58 -59 61 60 -62 -63
leaf_value=-0.099261518539044954 -0.0057169726395191172 -0.095981536429456116 0.040542022575907576 -0.072443536792177521 0.10027017246820964 0.093316090255969528 -0.09507414360076448 0.068962667921509666 0.15008988193474904 -0.090478805442080479 0.95783557692560406 -0.08238077472313135 -0.026986961704217455 -0.033500191749554729 0.017043832851366278 -0.066530564066730677 0.09882732016878748 0.032170574345373869 0.05679566041823908 -0.028030011468580654 0.054409504423171433 -0.07170362012956108 0.01938615604970903 0.24477077850943899 0.079125685516957547 -0.043559359656125583 0.29185300944744896 0.078805011289023855 -0.11597479916037189 -0.047363985670960451 -0.077392182013043653 0.07532608800047727 0.080484812538379608 -0.081253301688706064 -0.35306532486405484 -0.047108786462634784 -0.037394802119983049 0.15605258225083785 0.00013694980226361362 -0.0072982910701153677 0.08443194131381726 0.02170691588290119 0.098324608326460977 -0.062646241032415631 0.066429592160382633 0.22618061318425797 0.072924177936562598 0.12090163747325827 0.19048163346876712 0.01105357731334012 -0.02965988282481985 0.088628147099071422 -0.22936336837017701 -0.07071762181613872 0.093198164744631037 0.017911566702162502 -0.092347490556242862 -0.092126682425773529 -0.060892623436121264 0.14039970867321569 0.015687207354844475 0.056116116766569614
leaf_weight=13200.145184142282 60.053200332680717 868.33030988974497 1567.5615534950048 101.67495697271079 4882.6415627375245 2098.6135340668261 2445.7887456372846 22.330758031923324 39.58178576733917 516.94343153294176 1.1715871456544835 58.988564818864688 365.1550314174965 49.669637953396887 584.35304639581591 18.365421003196388 445.45725912228227 464.97729850187898 329.29405751032755 38.48357467353344 113.91904817149043 46.983250062679872 64.569276839029044 24.209627372678369 214.41010728245601 237.5467999628745 8.6632023798301834 208.36075345799327 39.088082410395145 174.7571022240445 153.49465422704816 1877.0630282945931 468.29249876830727 18.737074352800846 15.578253790736197 189.35276497760788 26.76977243530564 34.122127127833664 762.63497981056571 211.86365198018029 314.17870783060789 79.242473728954792 13.035474664531646 60.458407239289954 69.893674438353628 24.589023588690907 209.85041466448456 10.976509824628009 12.542744613485409 383.69788514985703 20.231894289143384 44.588370192795992 4.7726922817528239 479.82970504718833 68.416332261636853 14.695929181296377 588.92182749812491 66.840552030131221 49.717792512848973 106.05456098215654 38.689275822136551 89.639521238859743
leaf_count=5137080 9557 278964 23534 5790 99058 36748 878736 4644 1785 173028 63 12073 13910 933 17856 199 6665 4487 15017 326 1520 3351 3217 1811 2590 2148 254 2330 367 8003 21795 27311 7825 129 115 26332 1214 340 4422 9849 4074 941 1801 1638 692 404 2092 562 677 19139 1432 767 93 99379 1321 684 159580 4559 947 982 744 695
internal_value=-0.019163 -0.0713618 0.0645776 0.00432547 0.0759682 0.0600162 -0.0888736 -0.0632633 -0.0338427 -0.0956278 -0.00303925 -0.0462897 0.0469289 -0.0213726 -0.0411951 0.00671386 0.0589185 0.0387357 0.0335016 0.0572424 -0.0101919 0.0604221 0.0320864 0.0464801 0.011086 0.0278763 -0.0563268 0.00996818 0.0416502 0.0088611 -0.0240208 0.0620086 0.0497298 -0.111283 -0.204649 0.00240073 -0.0183676 0.0710077 0.0134458 0.0317028 0.0532439 -0.0237734 -0.0931077 0.0221518 0.0297041 0.108005 0.0525556 -0.0809176 0.00389007 -0.00139668 0.0892898 -0.0261069 0.0578817 -0.0645061 0.132815 0.119508 -0.0843311 -0.037334 0.0538171 0.0875186 0.107065 0.0143715
internal_weight=35800.9 22053.9 13747 4143.86 12321 7438.4 17910 3737.67 1425.97 14172.3 1291.88 972.173 5339.78 2817.57 1795.42 766.02 1326.29 880.831 766.365 4146.62 186.718 3959.9 765.193 633.784 1193.16 828.009 525.52 613.599 326.691 914.051 463.553 3912.92 2035.85 72.7989 34.3153 310.058 250.245 60.8919 1022.16 541.158 779.156 118.331 881.366 739.294 678.836 94.4827 259.52 659.952 455.229 442.686 59.8137 286.908 49.3611 502.16 92.626 23.3591 648.975 131.41 302.467 163.109 144.744 139.357
internal_count=7148579 6699352 449227 337821 223063 124005 6361531 1019534 226164 5341997 140798 204917 87257 316805 309358 56465 21016 14351 35837 64111 2090 62021 35774 27998 23146 9236 104961 6646 3638 28593 52898 58670 31359 570 244 31103 27886 1554 7447 24866 8561 1308 280765 20590 18952 1096 3025 169699 31889 31212 3217 3008 860 104023 3132 938 169137 7776 3567 1925 1726 1642
is_linear=0
shrinkage=0.1


Tree=26
num_leaves=63
num_cat=0
split_feature=9 16 16 4 16 9 9 12 11 9 9 16 11 13 3 16 12 12 18 16 5 7 2 3 3 16 13 12 13 9 2 11 9 14 9 14 16 17 17 12 18 12 13 12 3 5 12 2 4 18 9 17 14 19 17 18 9 12 3 7 18 7
split_gain=13827.3 2507.61 1805.41 584.46 491.647 377.197 263.479 255.752 241.742 487.069 195.642 514.183 216.878 174.653 170.939 168.629 162.065 141.305 129.694 124.013 116.681 105.575 134.092 92.2228 88.3903 87.1854 82.8102 79.3383 79.5063 77.0573 74.865 69.5891 78.0469 66.1664 123.661 82.1846 94.3466 114.104 62.6973 61.326 60.3824 60.0421 59.2701 56.1497 58.4513 60.3861 56.0792 55.1122 104.655 60.5996 52.4 50.2108 48.7413 47.8387 47.7164 45.9948 45.2863 45.013 45.2806 43.7087 43.6592 62.2064
threshold=0.2806250005960465 -0.024798546917736527 -0.41914188861846918 0.89512962102890026 0.20255462080240252 0.69397994875907909 0.49137930572032934 25.588391304016117 1.0000000180025095e-35 0.061553031206130988 0.1490740776062012 -0.21255863457918164 1.0000000180025095e-35 1.0000000180025095e-35 0.53144779801368724 -0.28348708152770991 10.341713428497316 14.068008899688722 1.0000000180025095e-35 -0.75450405478477467 0.94392031431198131 1.0000000180025095e-35 0.7356814742088319 0.65733855962753307 0.79431909322738659 -0.44457955658435816 1.0000000180025095e-35 44.03827095031739 1.0000000180025095e-35 0.88562092185020458 0.0090742730535566824 1.0000000180025095e-35 0.087595909833908095 0.45307917892932897 0.12060606107115747 0.71611723303794872 0.011577461380511524 83.500000000000014 84.500000000000014 34.086711883544929 1.8058657050132754 33.766628265380866 1.0000000180025095e-35 11.362485885620119 0.65599384903907787 0.69282051920890819 55.529127120971687 0.88285672664642345 0.82009246945381176 7.4924535751342782 0.20942982286214831 73.500000000000014 0.95826086401939403 0.41666667163372045 474.50000000000006 4.1988844871521005 0.71825397014617931 1.3395107388496401 0.7577352523803712 1.5000000000000002 4.0283389091491708 1.0000000180025095e-35
decision_type=2 2 2 2 2 2 2 2 2 2 2 2 2 2 2 2 2 2 2 2 2 2 2 2 2 2 2 2 2 2 2 2 2 2 2 2 2 2 2 2 2 2 2 2 2 2 2 2 2 2 2 2 2 2 2 2 2 2 2 2 2 2
left_child=1 10 6 5 8 7 60 40 9 -3 12 25 -1 50 27 -14 33 -13 23 -8 21 22 55 30 -23 -12 -21 28 -9 -7 -16 32 -6 57 35 -35 37 -37 -32 42 -4 54 -19 44 -27 -46 52 48 -22 -50 -11 -10 -28 -17 -18 -20 -48 58 -15 -40 -2 -62
right_child=2 4 3 -5 31 29 19 14 51 13 11 17 15 16 18 53 41 39 20 26 47 24 -24 -25 -26 43 46 -29 -30 -31 38 -33 -34 34 -36 36 -38 -39 59 -41 -42 -43 -44 -45 45 -47 56 -49 49 -51 -52 -53 -54 -55 -56 -57 -58 -59 -60 -61 61 -63
leaf_value=-0.099150741285027252 -0.086440774276779986 -0.097658085965395824 0.12087436593968295 0.099115939472970579 -0.047461426859034005 0.06775233498246841 -0.088270239441360379 -0.038855397824283176 0.044321288737439624 -0.064158076844289577 -0.098910523767881023 0.15174788633928379 -0.093963509057220479 0.05329377186291933 0.29278324000971573 -0.012063439206079468 0.036158486205207341 -0.024789848385925985 -0.020775836325142308 -0.035451406460304286 0.054825351462094343 -0.085659145523518457 -0.053721949288571574 0.10195085882193972 0.030368551122546029 0.03090885830419415 0.14448526234696865 -0.048988461544347696 0.046511330537160764 0.099987268755373088 0.06628483185342153 0.10276550039378159 0.060834550832977778 0.31739634284002283 0.14961709356426617 2.5932154546843469 0.48905526298737145 0.87768447825526852 -0.040076282775421371 -0.056520504873184801 0.065862649234294912 -0.070392449077264552 0.055214651828754763 -0.062253580124654886 1.3097680778225822 0.23885279447378216 -0.079580852345133568 0.077485635623246826 -0.082274770908817657 0.0439945163848144 0.0099088524288512853 0.0011254555161543639 0.038789874713847476 0.2070782120601008 -0.079552377545260733 0.056718663922463809 0.058540060173754439 0.073607221425502037 0.86825723118420628 0.087521228406050061 0.14454326791471181 -0.1011138017163889
leaf_weight=11830.390040887985 855.12516630231403 850.73949031205848 269.63423334783874 4589.0370895140804 79.112629746086895 1727.508970245719 103.67153682978824 180.92401899327524 426.8202008982189 345.16126771899872 1773.136937740026 68.402064502704889 426.41812278167345 1.2804558528587215 10.852730825077741 465.81710635474883 438.39021740411408 164.89607059210539 91.556009772699326 118.22749309451319 424.50407860940322 213.54075582465157 187.14247076027095 421.72310929000378 94.807331543881446 31.060692050028592 99.754103369312361 386.07358903693967 274.821189946495 1299.381350947544 189.56740117073059 331.46608834713697 418.99179130420089 5.5865417174063605 28.698656206950545 0.59349988168105516 2.2678276794031262 1.1181462041568009 144.68095480347984 144.43678951798938 767.37631050660275 73.412270959466696 211.201783178607 563.53341921977699 0.70345215266570393 2.0935861442703754 38.992786312475801 372.66716324537992 109.55735533544794 58.198272798210382 132.0636966782622 728.23171595297754 77.547329367836937 10.179296453483401 38.792036906117573 468.51562151452526 60.678011745214462 67.135513551533222 1.4581387857906518 32.962624518200755 20.151877192081884 21.102250170893967
leaf_count=5084775 271471 303513 6074 101087 2129 27512 19752 11490 2992 39677 726736 2456 158486 206 343 46159 10863 13419 1457 9175 5090 3196 2262 6001 1049 7506 2173 22985 9600 25205 3539 5653 4532 606 262 49 37 96 4013 12384 9040 1180 12128 130606 43 179 1926 5627 1087 701 1651 6223 2255 135 2556 5678 536 5296 82 548 1259 3252
internal_value=-0.0184509 -0.0721982 0.0586348 0.0708492 -0.00121197 0.0540595 -0.0491747 0.0363258 -0.019292 -0.0404428 -0.0901631 -0.0670028 -0.0955462 0.00240679 0.0239114 -0.0482918 0.0357812 0.016623 0.0357151 0.00907573 0.0222232 -0.000752953 0.019563 0.0697994 -0.0499843 -0.0877789 0.0346122 -0.0156337 0.012622 0.0815901 0.033935 0.0672609 0.0436342 0.147703 0.253406 0.56478 0.912067 1.47253 0.0262849 -0.00113337 0.0801663 0.0137994 0.0201375 -0.0547388 0.0703375 0.508187 0.0645193 0.0473575 0.0284 -0.0384691 -0.0436613 0.0170874 0.0982567 -0.00737704 0.0267519 0.0440505 0.00450498 0.0898178 0.487213 -0.0163999 -0.0815934 0.0188851
internal_weight=33373.9 19663.6 13710.3 12315 3971.32 7726 1395.25 4699.11 3141.75 1986.7 15692.3 2959.46 12732.8 1135.96 3662.09 902.415 658.733 588.937 2820.28 498.871 2020.49 1055.56 747.214 799.787 308.348 2370.53 395.2 841.819 455.745 3026.89 378.064 829.571 498.104 108.139 38.2647 9.56602 3.97947 1.71165 367.211 520.535 1037.01 550.595 376.098 597.391 33.8577 2.79704 276.972 964.927 592.26 167.756 477.225 1155.05 177.301 475.996 477.182 560.072 99.6708 69.8741 2.73859 177.644 896.379 41.2541
internal_count=7147998 6582615 565383 253584 387603 152497 311799 99780 375289 366074 6195012 905457 5289555 62561 84666 204780 21233 40387 40591 35817 26147 13642 9397 14444 4245 865070 16065 44075 21090 52717 8443 12314 6661 6634 1050 788 182 145 8100 37931 15114 14599 25547 138334 7728 222 6890 12505 6878 1788 41328 9215 4428 46294 13419 7135 2462 5584 288 4561 275982 4511
is_linear=0
shrinkage=0.1


Tree=27
num_leaves=63
num_cat=0
split_feature=9 16 16 16 16 4 9 13 9 16 11 1 11 9 12 12 9 11 9 13 12 0 2 14 2 12 12 9 15 16 14 9 12 9 12 2 0 18 2 9 12 9 5 16 12 9 17 4 18 0 9 12 9 12 16 0 9 2 12 0 2 1
split_gain=12116.3 2293.59 1584.58 529.914 427.126 391.544 266.701 233.896 207.308 482.41 248.605 195.128 182.694 358.3 173.944 160.482 139.397 110.892 113.005 109.872 109.055 99.3745 93.3735 93.076 90.6727 78.2974 63.3594 59.9825 59.105 57.5723 55.6257 55.5746 53.7449 52.111 56.7678 49.8924 79.001 49.6226 90.2165 49.0957 47.8395 46.6982 136.29 125.835 45.1211 43.779 42.7279 41.807 40.8092 48.1365 40.1982 38.5513 39.8041 38.2819 38.0461 37.63 37.2984 37.0448 46.9666 36.2966 89.9552 36.1752
threshold=0.2806250005960465 -0.021344415843486782 -0.19202169775962827 -0.60701093077659596 0.12352748587727548 0.90070420503616344 0.73508772253990184 1.0000000180025095e-35 0.15268065780401233 -0.25767664611339564 1.0000000180025095e-35 0.46428571641445165 1.0000000180025095e-35 0.087595909833908095 44.03827095031739 14.960259914398195 0.64495798945426952 1.0000000180025095e-35 0.11651583760976793 1.0000000180025095e-35 14.068008899688722 0.76388889551162731 0.85990032553672802 0.98837208747863781 0.02547429129481316 23.646351814270023 57.847097396850593 0.43874999880790716 15.500000000000002 -0.44457955658435816 0.50531914830207836 0.61721614003181469 26.82651519775391 0.44722221791744238 34.086711883544929 0.60422116518020641 0.48076923191547399 4.9508185386657724 0.35684518516063696 0.43874999880790716 33.766628265380866 0.35388994216918951 0.24440020322799685 -0.36717656254768366 17.548258781433109 0.43874999880790716 217.50000000000003 0.91010102629661571 10.147488594055178 0.240384615957737 0.87867647409439098 55.529127120971687 0.44722221791744238 33.766628265380866 -1.0000000180025095e-35 0.16025641560554507 0.75595238804817211 0.88285672664642345 65.954647064208999 0.76388889551162731 0.80639642477035534 0.46428571641445165
decision_type=2 2 2 2 2 2 2 2 2 2 2 2 2 2 2 2 2 2 2 2 2 2 2 2 2 2 2 2 2 2 2 2 2 2 2 2 2 2 2 2 2 2 2 2 2 2 2 2 2 2 2 2 2 2 2 2 2 2 2 2 2 2
left_child=1 8 3 31 12 6 21 27 10 29 -1 -12 13 -3 25 46 51 18 30 -15 -21 23 26 33 -17 41 -23 -5 -26 -10 -6 -2 -29 44 -35 36 48 -38 -39 61 -30 42 43 -9 -4 -25 -11 -20 -13 -50 59 52 -16 -22 -14 -36 -34 58 -57 -8 -61 -27
right_child=2 4 5 7 17 -7 50 14 9 15 11 35 54 19 16 24 -18 -19 47 20 53 22 -24 45 28 39 -28 32 40 -31 -32 -33 56 34 55 -37 37 38 -40 -41 -42 -43 -44 -45 -46 -47 -48 -49 49 -51 -52 -53 -54 -55 -56 57 -58 -59 -60 60 -62 -63
leaf_value=-0.098909503541166177 -0.092542911961464344 -0.093533930991235165 0.090139478344272203 -0.05850722950246956 -0.053197432763333219 0.098938854850862235 0.077992563008830937 0.38860658362664569 -0.098598449792738185 0.16197487865883281 -0.085191868656585817 -0.042669252163897581 0.064656153039646697 -0.043041302995419674 -0.049910597704847195 -0.080544414502225756 0.046271430436833773 0.095125961086829136 0.030284922669456062 0.105953118030624 0.016135516582402951 -0.066598449499806242 0.034758320013611031 -0.025355073349011506 -0.013552685887803208 0.0068375822535291664 -0.31940948609947684 0.14463020073941057 0.10960640051964426 -0.055919956315583476 0.072535618916429817 -0.010277045250298102 -0.027679082522964544 0.088680036778730445 0.083990240637362212 -0.01404806769254436 0.033482834176240851 0.77446573951608244 0.17456843617056245 0.08073970291453926 -0.01228907493475518 0.11393516563549387 0.17147642559015391 1.6485437431824064 0.031039798225212342 0.030020699696873689 -0.0093268862801304583 0.090673072777064351 -0.10387960404873893 0.5294209454675024 0.1020189100297972 -0.066242635508916015 0.045024337399323322 -0.071141048658464309 0.0031646376300459664 0.040914952047998748 0.056785332993357689 0.077009834049072287 -0.033965372626653327 -0.35563089863645259 0.042962731108587934 0.11795002973639808
leaf_weight=10828.865876065567 635.39714655932039 763.16223551495932 148.57356049725786 373.38179553742521 185.75456797098741 4071.1604991331697 858.66397139430046 2.1498403323348616 1581.8385393763892 73.53661791421473 489.49373946385458 54.223947622114792 112.67338738543913 340.83542985073291 89.149534990312532 153.19470276357606 411.78791624866426 383.06612001359463 265.62545085325837 138.7038378638681 309.50303547200747 84.112127669155598 126.0390174947679 191.17216238682158 368.68394388165325 207.24892307026312 11.237777128815649 23.56874651578255 84.959266853751615 395.0081251070369 43.40938908373937 94.305635939585045 273.75603545829654 685.93079500645399 271.83938232017681 263.58505572238937 23.673525968333706 2.7137520671822122 32.883845734642819 363.02426349744201 51.843791650375351 113.3346895261202 21.128798489226028 1.2556882905773843 989.89518858585507 563.83872039755806 18.155914904782549 201.69108217209578 2.0970289234537622 2.8064158491324633 1045.4651072174311 210.3400943481829 87.52459176001139 59.99992600036785 940.49488146416843 489.64377115294337 64.622202281840146 209.94228333607316 101.04978839308023 6.5506638474762431 41.733496963977814 34.126033903099597
leaf_count=5130526 234914 297039 1726 58635 6693 98629 16372 229 714881 3126 173312 12899 1800 24857 10464 37839 4693 6666 2121 4622 6299 641 1775 3281 19704 19318 64 420 5104 101789 450 5987 10265 10972 4818 13938 2369 53 1498 5409 4050 1743 2064 88 12489 6814 1305 3092 322 158 23450 14536 1831 1024 6001 6989 642 3761 1340 66 737 328
internal_value=-0.0182718 -0.0708872 0.0558317 -0.007754 -0.00115612 0.0751455 0.0585179 0.0160171 -0.0889871 -0.0641586 -0.0947743 -0.0433914 -0.0226492 -0.0438095 0.0381591 0.00410606 0.00577335 0.0519097 0.0281407 0.000885276 0.0303452 0.043327 -0.0217278 0.0472708 -0.0131485 0.0730115 -0.0963943 -0.0303871 0.00727676 -0.0900705 -0.0293804 -0.081911 -0.00137857 0.0554211 0.066213 0.0101738 0.0640978 0.145684 0.220301 0.0574996 0.0634121 0.141014 0.2661 0.853171 0.0387525 0.0159993 0.128056 0.0563481 -0.0176865 0.258581 0.0886544 -0.0373171 -0.00287971 0.00196354 0.00974332 0.0518437 -0.0115484 0.0409289 0.0281052 0.0732487 -0.0111141 0.0225469
internal_weight=31075.4 18172.5 12903 3006.1 3744.92 9896.85 5825.69 2276.4 14427.6 2727.22 11700.3 871.477 2665.37 1612.2 1541.07 750.374 798.802 1079.55 696.48 849.042 508.207 3873.27 221.389 3651.89 658.682 742.268 95.3499 735.329 505.487 1976.85 229.164 729.703 361.947 2896.87 1758.41 381.984 118.399 59.2711 35.5976 604.399 136.803 137.869 24.5343 3.40553 1138.47 755.011 91.6925 467.317 59.1274 4.90344 1952.41 387.014 176.674 369.503 1053.17 1072.48 338.378 800.636 590.694 906.948 48.2842 241.375
internal_count=7149027 6583537 565490 371566 360664 193924 95295 130665 6222873 887798 5335075 204549 341642 333841 60703 71128 31524 19022 12356 36802 11945 54670 2480 52190 66697 29179 705 69962 28858 816670 7143 240901 11327 42095 27880 31237 17299 3920 1551 25055 9154 4124 2381 317 14215 10095 4431 5213 13379 480 40625 26831 12295 7323 7801 16908 10907 12090 8329 17175 803 19646
is_linear=0
shrinkage=0.1


Tree=28
num_leaves=63
num_cat=0
split_feature=16 12 16 12 4 3 16 11 11 12 0 1 1 0 7 2 0 8 1 5 3 0 6 12 1 3 3 18 3 0 0 16 14 16 11 14 18 16 18 14 3 7 5 2 7 18 2 3 0 5 19 16 12 7 2 18 18 8 2 0 18 16
split_gain=8552.93 2118.62 1470.09 914.697 494.398 363.74 351.183 241.907 224.38 203.365 188.886 249.446 178.829 167.813 185.807 156.174 245.462 125.96 118.055 174.165 161.666 173.818 141.175 169.525 112.641 111.649 106.5 99.9463 96.1616 99.3682 96.6573 95.7578 93.404 89.9601 78.3612 85.8701 76.0041 68.9762 63.0001 61.9003 60.4714 61.8763 58.8807 134.464 90.7368 56.6247 55.8703 53.5388 54.2445 59.2497 53.4263 51.3179 51.208 51.1782 50.9458 52.7166 50.0088 46.6442 46.63 68.5067 85.1268 45.687
threshold=-0.021344415843486782 13.142824172973635 -0.45399816334247584 11.640582084655763 0.91545844078063976 0.57659712433815014 0.12352748587727548 1.0000000180025095e-35 1.0000000180025095e-35 1.0000000180025095e-35 0.14835165441036227 0.46428571641445165 0.46428571641445165 0.48076923191547399 2.5000000000000004 0.90892314910888683 0.73214286565780651 1.0000000180025095e-35 0.90000000596046459 0.99484536051750194 0.82807883620262157 0.48076923191547399 1.0000000180025095e-35 27.277399063110355 0.46428571641445165 0.65733855962753307 0.22347066551446917 6.4326899051666269 0.55848154425621044 0.12916667014360431 0.44949495792388922 -0.11619730666279791 0.63286262750625621 -0.44145378470420832 1.0000000180025095e-35 0.47722567617893225 5.8926818370819101 -0.7690114676952361 5.4680476188659677 0.75277778506279003 0.83096903562545787 2.5000000000000004 0.99484536051750194 0.55648586153984081 1.0000000180025095e-35 4.0277757644653329 0.0090742730535566824 0.24068965017795566 0.30384616553783422 0.56294015049934398 0.83333334326744091 -0.16232615709304807 8.3782887458801287 1.0000000180025095e-35 0.35218171775341039 9.8855123519897479 4.1439111232757577 0.75000000000000011 0.52024662494659435 0.30384616553783422 9.4543409347534197 -0.079667527228593812
decision_type=2 2 2 2 2 2 2 2 2 2 2 2 2 2 2 2 2 2 2 2 2 2 2 2 2 2 2 2 2 2 2 2 2 2 2 2 2 2 2 2 2 2 2 2 2 2 2 2 2 2 2 2 2 2 2 2 2 2 2 2 2 2
left_child=1 7 24 6 15 13 8 32 9 -2 25 31 61 14 17 16 18 47 28 20 36 -22 -23 -24 26 46 37 50 -5 -30 40 -12 -1 -34 35 52 -20 -3 -21 -11 41 54 43 44 -13 -6 -7 -4 -49 -50 -18 -45 -8 -26 -31 -56 -32 -19 59 -14 -61 -9
right_child=3 2 5 4 45 10 34 12 -10 39 11 42 58 -15 -16 -17 27 57 19 38 21 22 23 -25 53 -27 -28 -29 29 30 56 -33 33 -35 -36 -37 -38 -39 -40 -41 -42 -43 -44 51 -46 -47 -48 48 49 -51 -52 -53 -54 -55 55 -57 -58 -59 -60 60 -62 -63
leaf_value=-0.097102692836332286 -0.098897969116395243 -0.090064763924020297 0.010761029676639774 -0.0014412594829974858 0.0380515079782206 0.23748987901932039 -0.040132501568279022 -0.092314230337871409 0.0088921220297072494 -0.017771711498461653 -0.066132101431873203 0.10438158216917182 -0.075869326350979815 0.089227872930710342 0.032317305983491938 0.082587240898857495 -0.068758733151808124 0.066471352876976295 0.072951665067856372 -0.20732012593674889 0.09710392524691587 -0.19693423667245369 -0.24782154159742786 -1.2059952552280429 0.086256695493593341 0.097417290066823869 -0.090137996673043952 0.0060592273922668626 0.10058439231109638 0.11037904897245834 -0.015025170671804429 0.017296196851105925 -0.094503689209341157 0.015277615425359103 0.093427723168447552 0.096364365211358202 -0.035136855026886619 0.024708100967433536 0.060273343699334139 0.10584080012099265 0.074484503646527075 0.084071593232102781 0.080784553639425175 -0.07799922918653758 -0.044987244513422266 0.097163881869894539 0.02732052110427843 -0.058469410799771263 0.2429427133006905 -0.0080655550338273631 -0.27450837993155663 0.010450576308836806 0.054186592791223114 -0.085008290930670929 -0.062832038077281757 0.046377927661160057 0.072172837169902027 -0.083124927910723151 -0.0063209906680890887 0.11369903643467785 0.70852607172153137 0.018739810749258057
leaf_weight=9058.2210004344815 526.36870755429845 83.42674641252961 140.97727562685031 244.46354611986317 169.94925150531344 12.999887776095418 159.50587296113372 409.86933528305963 1071.970198570285 329.18798158015124 379.81685031717643 228.67417088046204 19.819660210749134 139.3168296138756 461.68457513244357 931.96542077208869 176.45001267711632 139.62127116869669 91.11387331970036 8.9630903045181167 17.842474959092215 44.49424937623553 4.2338099638000122 3.2746557546779513 57.782667158753611 610.5157561826054 2385.1223946419777 362.49100956250913 572.76532974641304 24.803691231529228 69.736797391204163 215.71341076563112 151.0700136750238 147.54641126806382 350.22087519615889 121.67824303312227 227.4574709313456 140.62595696654171 478.03037956589833 46.195393755915575 122.22871113265865 61.215700570261106 333.71958042425103 98.535189397865906 49.466440245276317 3486.4260501679964 468.07429044600576 1334.4912332448876 11.087099815951658 61.944529176922515 13.592724207788704 196.22305251006037 90.065029823221266 24.995833820779808 207.18927927664481 56.186469946987927 1156.4858101173304 24.500188557431102 318.93939771899022 50.06015314720571 2.5274115437641731 40.725303973536938
leaf_count=4747386 239850 35620 14263 9590 3960 228 6293 169455 7870 69773 62962 5427 5540 3762 43125 18756 2444 9796 1464 160 271 514 84 61 3827 13635 1033067 5080 13397 576 2473 16015 77408 42721 6634 1864 3078 29313 7633 1735 2229 1397 7609 9578 3904 91664 19029 215014 155 6132 135 5619 1541 6415 5252 825 21193 3038 20147 5605 64 3782
internal_value=-0.0177736 -0.0608869 -0.0209175 0.0505762 0.0666198 0.0116582 -0.000208093 -0.0906688 -0.0220323 -0.0587941 0.0373713 0.014367 -0.0393267 -0.017168 -0.0239853 0.0457716 0.0370699 -0.0391632 0.0471422 0.0155135 -0.0344309 -0.172214 -0.264619 -0.665708 -0.0803023 0.0690279 -0.0839458 -0.0247358 0.058151 0.0645669 0.0524165 -0.0359126 -0.0952886 -0.0402607 0.0594962 0.0274866 -0.0042227 -0.0180279 0.0553483 -0.00255972 0.0139436 -0.00723537 0.0473941 0.0279438 0.0778168 0.0944163 0.0329998 -0.0479922 -0.0538769 0.0300406 -0.0834749 -0.0191174 -0.00609467 0.0345414 -0.026631 -0.0395341 0.0672138 0.0441395 0.0101261 0.0825722 0.142287 -0.082277
internal_weight=29024.6 17798.1 7599.32 11226.6 8531.36 4907.36 2695.19 10198.8 1973.72 901.752 2593.74 1502.15 841.941 2313.62 2174.31 4874.98 3943.02 1712.62 3390.49 875.41 388.417 69.8452 52.0027 7.50847 2691.95 1091.59 2609.18 552.534 2515.08 2270.61 1697.85 595.53 9356.84 298.616 721.47 371.249 318.571 224.053 486.993 375.383 471.624 349.395 906.618 572.899 278.141 3656.38 481.074 1548.5 1407.52 73.0316 190.043 294.758 249.571 82.7785 288.179 263.376 1226.22 164.121 391.347 72.4072 52.5876 450.595
internal_count=7147437 6619641 1547533 527796 192236 439291 335560 5072108 319228 311358 144006 111114 204593 295285 291523 96612 77856 248398 70197 13265 5472 930 659 145 1108242 32892 1098000 7659 56932 47342 33945 78977 4867515 120129 16332 9698 4542 64933 7793 71508 10279 8050 32137 24528 9331 95624 19257 235564 221301 6287 2579 15197 7834 10242 6653 6077 23666 12834 31356 11209 5669 173237
is_linear=0
shrinkage=0.1


Tree=29
num_leaves=63
num_cat=0
split_feature=9 16 16 6 16 16 9 16 9 14 13 12 1 17 2 12 1 2 9 7 3 9 14 9 12 12 12 3 13 12 2 7 1 2 15 13 14 5 15 9 14 9 12 2 1 19 12 9 12 1 2 12 12 14 16 7 17 2 3 16 12 4
split_gain=9536.49 2102.89 974.871 395.07 361.946 339.498 301.24 531.217 269.567 264.983 191.709 185.031 159.954 149.01 135.927 125.091 107.383 105.836 97.6476 97.4409 92.3349 85.0944 264.321 99.4566 106.672 98.6378 68.3267 68.201 68.0494 66.0414 80.9521 64.0733 79.6387 58.6572 69.4207 57.8114 57.4286 56.8666 56.615 54.9883 54.4352 61.6483 91.526 54.0207 53.9842 53.8363 52.4797 50.4263 48.6521 47.9548 71.9064 86.5199 47.0027 45.9183 44.2327 43.364 39.685 44.035 39.5637 39.1583 38.6717 36.9343
threshold=0.32200460135936743 -0.024798546917736527 -0.19202169775962827 1.0000000180025095e-35 0.20255462080240252 -0.68509677052497853 0.15268065780401233 -0.34731881320476526 0.82480818033218395 1.0000000180025095e-35 1.0000000180025095e-35 17.677288055419925 0.46428571641445165 192.50000000000003 0.90892314910888683 33.766628265380866 0.11805555596947671 0.33043844997882849 0.60434782505035411 1.0000000180025095e-35 0.52565789222717296 0.13100686669349673 1.0000000180025095e-35 0.061553031206130988 6.692434787750245 11.362485885620119 57.847097396850593 0.64051282405853283 1.0000000180025095e-35 45.056007385253913 0.0070401676930487165 1.0000000180025095e-35 0.90000000596046459 0.27259100973606115 17.500000000000004 1.0000000180025095e-35 1.0000000180025095e-35 0.94804319739341747 23.500000000000004 0.11651583760976793 0.96871945261955272 0.55902779102325451 56.644712448120124 0.35922518372535711 0.58571431040763866 0.41666667163372045 13.142824172973635 0.43874999880790716 12.739194869995119 0.46428571641445165 0.36145716905593878 14.068008899688722 24.567871093750004 0.97366598248481762 -0.079667527228593812 1.5000000000000002 282.50000000000006 0.50649741291999828 0.71209660172462474 0.059652052819728858 26.077725410461429 0.93419912457466137
decision_type=2 2 2 2 2 2 2 2 2 2 2 2 2 2 2 2 2 2 2 2 2 2 2 2 2 2 2 2 2 2 2 2 2 2 2 2 2 2 2 2 2 2 2 2 2 2 2 2 2 2 2 2 2 2 2 2 2 2 2 2 2 2
left_child=1 6 5 8 13 -2 9 49 14 12 47 28 54 21 16 38 17 19 26 -4 -13 22 44 -24 -25 -23 -17 -21 -9 30 -22 32 -16 34 60 -26 -6 -34 -12 -38 41 43 -43 -18 -3 -35 48 -7 -37 -8 51 -51 -49 -27 -1 59 57 -14 -15 -45 -32 -41
right_child=2 4 3 -5 36 10 7 11 -10 -11 15 20 56 58 31 18 40 -19 -20 27 29 25 23 24 35 53 -28 -29 -30 -31 33 -33 37 45 -36 46 39 -39 -40 61 -42 42 -44 55 -46 -47 -48 52 -50 50 -52 -53 -54 -55 -56 -57 -58 -59 -60 -61 -62 -63
leaf_value=-0.091796625384721761 -0.086160013913580746 0.057226590868087679 0.072146647584048859 0.098470441556559485 0.099109703849671091 -0.058700982388755679 -0.095024708622457307 0.0091882048822602182 0.096560157902894628 -0.0985679547215952 0.093967804523759108 -0.065922153817547888 0.11329095093847411 -0.082316807224579028 0.089574482696363797 0.0092142858080784453 0.14606599621471117 0.098037326736969743 0.046590207971111366 -0.067706139487732561 0.81870437442889221 0.12439397687762932 -0.095949919950031742 0.27270855396953875 -0.075720371613719445 0.019338763244908019 -0.074154229030417393 0.064795168675576831 0.13195027518988742 -0.075321684926299134 0.14912589228938275 0.083766206698283704 -0.29130131043980317 -0.021818165220594432 -0.046053919753588357 0.086611548214042031 -0.0125381657978701 0.061551805645196994 -0.064710546384264767 0.034551721228423336 -0.0084047382190882963 0.069056708007452089 -0.00022784758750707095 0.02320570194871617 0.0025746943377525939 0.31943478217023513 -0.046284818836819605 0.16537300418400913 0.80056527442579029 1.2557462765240386 -0.062977879638228387 0.16636616807393625 -0.010999252628390103 -0.07208118223364704 0.019074070534775282 0.057831770405284248 -0.060790028446899395 0.0080039774580541144 -0.034369962955968683 -0.023766278232160452 0.048301679197328244 0.09680698242506143
leaf_weight=374.88292542577256 383.19894311740063 242.29680867306888 211.91433203942142 3309.5854588951916 254.64319557696581 298.40428742673248 1650.986230679322 72.982261131634004 1155.3143491186202 8903.8307876654435 373.23217154375743 324.95881375111639 46.748542210785672 324.62830941821449 22.739527761936188 344.20265167474281 28.397473864257336 420.02345371805131 568.66260825144127 127.67706472077407 1.2441934628877778 86.630919176153839 412.00815684779081 12.282917954144066 122.67552597087342 585.58051473856904 137.61010953004006 55.834249686449766 118.42033385636751 100.1050916404929 56.276830384274945 796.60829496011138 14.480327576398851 312.200245433487 57.191519195446745 47.677151444368064 139.60240772645921 6.6718438044190398 23.926605610060506 228.16850931942463 498.6655878694728 614.73914013244212 276.38927512988448 308.68822767212987 711.43423237092793 4.6924716175999484 48.245112312259153 15.778872106922789 0.97396628372371097 0.79561793699394812 26.537187611684203 8.7135935126570967 356.41310672368854 60.630556041840464 39.804799717385322 135.45161079242826 67.444115753052756 264.34893427183852 366.27661801537033 417.5435801781714 117.4066316743847 163.64447705820203
leaf_count=169869 144167 2620 2997 97150 5593 49902 859677 8513 29242 5105287 11350 80148 5457 93566 417 19868 188 8080 6924 2747 135 911 188741 1156 23864 6841 10984 740 6897 6463 1650 17151 207 16282 10801 4843 2529 121 3027 2412 5327 10151 4136 2973 4597 108 4108 321 62 92 4422 973 14636 1424 3621 1619 10623 14965 43712 4684 4156 3381
internal_value=-0.017193 -0.0654814 0.0552562 0.0715737 -0.000385019 0.000456097 -0.0852309 -0.056665 0.054089 -0.0936339 0.0161254 -0.00474534 -0.0382508 -0.0161116 0.0416221 0.036601 0.0319382 0.063082 0.0185262 0.0259522 -0.0224077 -0.00401961 -0.0169617 -0.0664667 -0.0140747 0.0241941 -0.0145965 -0.0273919 0.0851408 -0.000623584 0.0129966 0.0772853 -0.04034 0.0111666 0.0495046 -0.0301174 0.0600627 -0.180004 0.0844083 0.0413522 0.0207989 0.0289747 0.0475677 0.0103599 0.0164591 -0.016765 0.0276182 -0.0280758 0.100904 -0.0925335 0.021569 0.257513 -0.00352205 0.0107613 -0.0811544 0.00588763 0.00874963 0.0238254 -0.0568982 -0.00380062 0.0809707 0.0605532
internal_weight=27259.1 16357 10902.2 8400.72 3807.4 2501.43 12549.6 2852.51 5091.14 9697.06 2118.23 1165.48 793.229 3021.34 3935.82 1447.63 3095.32 815.449 1050.48 395.426 974.076 2330.44 1597.59 643.863 231.855 732.842 481.813 183.511 191.403 649.117 549.012 840.5 43.8917 547.768 230.875 219.572 786.059 21.1522 397.159 531.415 2279.87 1781.21 891.128 890.081 953.731 316.893 96.8962 670.596 48.6511 1687.03 36.0464 9.50921 372.192 646.211 414.688 861.683 378.542 311.097 690.905 726.232 173.683 391.813
internal_count=7149608 6700499 449109 187930 390360 261179 6310139 1000317 90780 5309822 117012 135153 204535 376445 61538 52153 43642 14564 37776 6484 119743 239167 229991 222774 34033 9176 30852 3487 15410 39595 33132 17896 745 32997 16607 32877 13915 328 14377 8322 29078 23751 14287 9464 7217 16390 9013 64859 4905 865164 5487 1065 14957 8265 173490 9276 31045 20422 137278 7657 5806 5793
is_linear=0
shrinkage=0.1


Tree=30
num_leaves=63
num_cat=0
split_feature=15 12 16 12 6 11 11 17 12 2 3 0 16 16 0 5 0 0 5 15 15 12 14 15 17 8 0 3 3 14 2 3 0 2 3 1 16 0 0 5 18 6 15 2 3 0 1 3 5 8 1 15 18 5 17 8 1 3 0 3 18 12
split_gain=6775.8 1737.88 1195.97 756.238 460.643 381.471 361.546 306.863 219.955 203.924 201.963 173.223 163.032 145.634 143.282 137.939 227.76 123.247 117.295 113.822 188.293 106.697 117.266 101.145 100.179 88.0039 90.7442 222.868 88.3231 82.1109 78.9462 71.1259 69.187 67.3229 81.9919 66.3977 65.9202 65.4791 62.6715 63.6442 62.0832 61.7487 60.8553 60.0979 85.4605 59.759 56.4115 52.9825 52.9372 52.1226 48.4619 47.9072 45.9872 45.8522 45.0902 43.7956 217.34 73.2291 73.0428 70.2336 62.2661 43.4753
threshold=2.5000000000000004 13.142824172973635 -0.51478981971740712 8.3782887458801287 1.0000000180025095e-35 1.0000000180025095e-35 1.0000000180025095e-35 156.50000000000003 1.0000000180025095e-35 0.90892314910888683 0.61938297748565685 0.11805555596947671 -0.26738134026527399 0.12352748587727548 0.14835165441036227 0.9495762586593629 0.73214286565780651 0.48076923191547399 0.30068494379520422 20.500000000000004 22.500000000000004 5.3291354179382333 0.46332737803459173 18.500000000000004 474.50000000000006 0.75000000000000011 0.57738095521926891 0.83096903562545787 0.84660634398460399 0.63286262750625621 0.82228240370750438 0.62575301527977001 1.0000000180025095e-35 0.24281592667102816 0.49742268025875097 0.46428571641445165 -0.44145378470420832 0.16025641560554507 0.30384616553783422 0.99484536051750194 4.4171528816223153 1.0000000180025095e-35 10.500000000000002 1.0000000180025095e-35 0.46247655153274542 0.48076923191547399 0.46428571641445165 0.41206791996955877 0.18957772105932238 1.0000000180025095e-35 0.46428571641445165 22.500000000000004 4.4561243057250985 0.61620295047760021 87.500000000000014 1.0000000180025095e-35 0.90000000596046459 0.77581480145454418 0.48076923191547399 0.91847583651542675 7.6358382701873788 43.032077789306648
decision_type=2 2 2 2 2 2 2 2 2 2 2 2 2 2 2 2 2 2 2 2 2 2 2 2 2 2 2 2 2 2 2 2 2 2 2 2 2 2 2 2 2 2 2 2 2 2 2 2 2 2 2 2 2 2 2 2 2 2 2 2 2 2
left_child=3 5 46 6 9 29 8 10 -1 11 17 24 -7 -8 -12 25 -17 18 19 47 -21 -10 -23 32 -5 26 28 -28 -13 -2 -18 45 33 34 -20 41 -31 -33 39 -34 -39 -16 -37 44 51 -9 48 -4 -3 54 -27 -25 -6 -40 -36 56 -54 -58 -59 60 61 -60
right_child=1 2 7 4 52 12 13 31 21 -11 14 15 -14 -15 35 16 30 -19 23 20 -22 22 -24 43 -26 50 27 -29 -30 36 -32 37 38 -35 49 42 -38 40 53 -41 -42 -43 -44 -45 -46 -47 -48 -49 -50 -51 -52 -53 55 -55 -56 -57 57 58 59 -61 -62 -63
leaf_value=-0.096891026364220201 -0.096515008821215248 -0.0086071781904883873 -0.05085599871901865 0.094183497713784745 0.057975751854809424 -0.087447136972243489 0.0080333257539759728 -0.059472373193961738 0.14176288989680483 0.078842064331149028 0.084241853780812004 -0.030841002206651549 0.00037208963929428264 0.088303853977240471 -0.037252745952396256 0.067598561757072392 -0.05604604287617361 0.088808047748973301 -0.059177542194019363 0.11281992392512225 -0.023973096240632086 -0.055786874544017075 0.10365141077208279 0.027069520062319996 -0.064364891840499691 -0.061838229440376306 0.070404417145310705 -0.1425138801122536 0.065669484854439353 -0.093579666285133867 0.01763442172420911 0.050837454939970488 -0.093846465026856424 0.099278804179654956 0.053049363172973756 0.019971552930525282 0.0056323187295265337 -0.073299136223813149 0.14369421015084663 0.10168198488488732 0.012281462121248849 0.057832701072108042 0.091679477615830895 -0.077931826761825737 0.22889954562296874 0.041245454910959899 0.020477370853091183 0.21227465832303022 -0.091806356482500295 0.20622525902504507 -0.24983681999450769 -0.081365828919441954 0.091755706437946394 -0.014690193582035875 -0.036132899183026888 0.099287230239728075 0.023660776654729029 0.084719711908361348 -0.22856875913252989 0.063776820037969292 -0.88540458867047356 -0.61887266738543234
leaf_weight=521.65025330043864 7466.8519394049654 79.771324865054339 159.47306068590842 507.86814222112298 372.89133352367207 312.04127183218952 877.22808616177645 788.69599215022754 51.378446978516877 1138.552649979596 659.68121127446648 643.86461735202465 655.39672528777737 304.47102094814181 252.58820040826686 1070.3751525665866 221.16550952708349 148.95926387526561 132.937641230179 256.67115614807699 165.51186205563135 187.3912165472284 61.194552016095258 80.874458519392647 43.245539597701281 96.199499080656096 361.34345201880205 56.902736568474211 111.20300364610739 124.74271803942975 424.61140481382608 150.23017226357479 162.56000053312164 93.995051701902412 181.76757900556549 339.75149237748701 144.60841918201186 161.72160942899063 24.688783582765609 18.546368141076528 178.13643670221791 93.606779081048444 181.61136217741296 370.5375647895271 14.119308651890604 63.665616424288601 48.818360094213858 8.0379502635914815 1851.0800409689546 16.93132969585713 15.990951179293914 82.109140367829241 235.50062937976327 70.395006212638691 82.389347859541886 2601.8365249404451 12.247564662131479 4.4625961892306831 8.4550708159804362 3.1637755373958489 2.7437496215570709 4.3079780265688887
leaf_count=275524 4711813 24017 18719 17236 11132 158570 12876 166212 2121 27387 14814 29821 41317 6618 36547 22118 3850 3630 17354 11146 26745 38591 4493 10189 6376 8704 5940 921 2462 77318 6778 5793 26382 6910 6953 11962 42302 32622 478 528 14301 3130 4184 75265 269 3671 6864 519 985211 227 382 18634 6448 5640 6116 83066 292 110 255 81 54 54
internal_value=-0.0163509 -0.0574164 -0.020012 0.0481935 0.0620508 -0.087155 -0.00670774 0.00630491 -0.0576557 0.0420127 0.0215291 0.0302101 -0.0279535 0.0287155 0.0491161 0.0207486 0.039302 0.00118042 -0.00561252 0.0315178 0.0591918 0.0105762 -0.0165378 -0.0220525 0.0817423 -0.00402019 0.00407049 0.0414367 -0.0166274 -0.0945583 -0.00759964 -0.0344956 0.000976547 0.0228773 0.0055321 0.022407 -0.040315 -0.00413999 -0.0393075 -0.0738232 -0.0284421 -0.0115428 0.0449503 -0.0550296 -0.00711305 -0.0519494 -0.0856849 -0.0382298 -0.0883691 0.0361358 -0.0886344 -0.0275589 0.0910146 0.0264348 0.0252338 0.0953032 0.0570367 -0.174059 -0.27874 -0.365613 -0.453219 -0.36031
internal_weight=25563.8 15623.5 6919.86 9940.25 7936.93 8703.64 2003.31 4940.19 821.614 4691.32 3597.74 3552.77 967.438 1181.7 1527.24 3001.66 1716.15 2070.5 1921.55 589.694 422.183 299.964 248.586 1331.85 551.114 1285.5 1173.31 418.246 755.068 7736.2 645.777 1342.45 784.211 508.021 414.026 867.558 269.351 490.088 276.19 181.106 339.858 346.195 521.363 547.64 177.103 852.362 1979.67 167.511 1930.85 281.088 112.19 162.984 3245.61 95.0838 264.157 2872.72 270.881 35.3807 23.1332 18.6706 15.5068 12.763
internal_count=7150042 6576352 1545032 573690 233467 5031320 340223 528940 320729 131975 306341 104588 199887 19494 70637 80976 32746 235704 232074 57129 37891 45205 43084 174945 23612 48230 39144 6861 32283 4831433 10628 222599 70588 37560 30650 55823 119620 52716 33028 26910 46923 39677 16146 104357 29092 169883 1016092 19238 1009228 13296 9086 28823 101492 6118 13069 90360 7294 846 554 444 363 309
is_linear=0
shrinkage=0.1


Tree=31
num_leaves=63
num_cat=0
split_feature=9 16 6 16 9 16 14 16 9 11 11 9 9 7 13 9 9 13 15 4 7 14 15 15 9 17 5 0 1 16 15 9 17 14 7 4 1 8 0 9 15 4 17 5 16 5 8 0 0 6 0 15 8 0 13 4 0 5 5 0 15 7
split_gain=7610.29 1666.28 932.278 665.807 377.549 269.407 253.332 196.185 403.874 307.774 173.338 375.167 108.022 97.8612 97.3204 88.7826 79.055 73.8368 62.3632 57.011 55.7928 54.9146 53.34 73.7195 69.3174 47.1134 44.1684 44.314 43.163 41.9693 45.2332 39.8562 39.1821 38.0396 37.0318 58.7133 54.6198 65.7325 36.3289 36.1553 88.7329 126.93 46.3752 51.8105 42.6408 35.7852 36.8866 36.7083 35.4871 43.6306 34.3478 57.467 40.063 33.9184 31.6806 30.137 30.0286 29.6531 29.4259 56.7377 38.4257 38.6975
threshold=0.2806250005960465 -0.033559301868081086 1.0000000180025095e-35 -0.54676491022109974 0.7947368621826173 0.27499860525131231 0.97366598248481762 -0.26738134026527399 0.12060606107115747 1.0000000180025095e-35 1.0000000180025095e-35 0.087595909833908095 0.43874999880790716 1.0000000180025095e-35 1.0000000180025095e-35 0.43874999880790716 0.61721614003181469 1.0000000180025095e-35 16.500000000000004 0.26138716936111456 1.5000000000000002 0.94590643048286449 16.500000000000004 10.500000000000002 0.22792208194732669 661.50000000000011 0.95101958513259899 0.76388889551162731 0.73214286565780651 0.029923408292233947 1.5000000000000002 0.90238094329833995 62.500000000000007 0.74352160096168529 1.0000000180025095e-35 0.85270008444786083 0.90000000596046459 0.75000000000000011 0.48076923191547399 0.14459930360317233 15.500000000000002 0.628892481327057 108.50000000000001 0.77849927544593822 -0.24455455690622327 0.9495762586593629 0.75000000000000011 0.6904762089252473 0.12916667014360431 1.0000000180025095e-35 0.27922078967094427 3.5000000000000004 1.0000000180025095e-35 0.069047622382640853 1.0000000180025095e-35 0.9256495237350465 0.48076923191547399 0.94201681017875682 0.94570022821426403 0.6904762089252473 10.500000000000002 1.0000000180025095e-35
decision_type=2 2 2 2 2 2 2 2 2 2 2 2 2 2 2 2 2 2 2 2 2 2 2 2 2 2 2 2 2 2 2 2 2 2 2 2 2 2 2 2 2 2 2 2 2 2 2 2 2 2 2 2 2 2 2 2 2 2 2 2 2 2
left_child=1 7 3 16 6 10 12 -1 9 -9 11 33 18 17 -13 54 -2 -10 53 32 26 48 23 -19 25 39 34 -28 -15 30 -12 -6 -20 -3 36 50 37 -14 -11 40 42 -42 43 -25 -41 46 -17 -47 -16 -50 51 -36 -53 -5 -8 -29 -21 -7 60 -60 -55 -62
right_child=2 5 -4 4 31 57 15 8 13 38 29 14 20 28 21 45 -18 22 19 56 -22 -23 -24 24 -26 -27 27 55 -30 -31 -32 -33 -34 -35 35 -37 -38 -39 -40 44 41 -43 -44 -45 -46 47 -48 -49 49 -51 -52 52 -54 58 -56 -57 -58 -59 59 -61 61 -63
leaf_value=-0.09652211850130632 -0.084388831846109791 -0.092988642534326302 0.095707732340374219 0.060288805124619316 0.063064466690924678 0.01266542521266034 -0.088515754770124924 -0.098275790932452214 -0.021752371266670609 -0.046679194066282161 -0.027030489973656726 -0.036118954661939776 0.068136016810033714 -0.049925656753900233 0.086092371817562421 -0.0045794358803466452 0.0061691891355382849 0.032857141937395466 0.15322660292348397 -0.046341218280675583 0.078220538727412886 -0.067695119453270391 -0.020519327438900552 0.29798758404712705 0.084239530524559625 -0.057524961735318125 0.072932803542507793 -9.8414385996039558e-05 0.053697098738342358 0.044869155435256589 0.018688712356302466 0.096907622048454711 0.0094605321105959359 0.039577636725195688 0.08577600906409813 0.092226292267851534 -0.01221751155820841 -0.056116064104239465 0.016275668476377968 0.7076221652828607 0.66866630031422758 3.7213260696632582 -0.10065340409355872 1.9819026873426411 0.24358410662027677 0.064039905658353047 -0.12409745462912088 -0.0036993108169199314 -0.0012618131466960714 0.056472393248737512 -0.060065330501545756 -0.045240381078104304 0.0930320534523979 -0.019054933290085622 -0.029226176714114229 0.083741177734253602 0.18268647308857255 0.081929655904672327 0.073191219456389636 -0.00077621547158659423 0.080449725421175386 -0.035530019784698517
leaf_weight=6415.4216420123121 525.32008259685244 749.61369829252362 2973.6014631828293 265.07047080760822 571.08830033056438 75.585532639175653 152.01393945084419 2454.6746933585964 151.09769447660074 137.85003372142091 338.87744042277336 434.30322770064231 505.59028986655176 356.1929900549585 103.81652082980145 569.38189018354751 118.06539282598533 92.748281146050431 25.802120349835604 269.27879779972136 585.79754816624336 59.721940642572008 52.266717857448384 0.49953008454758974 48.700109535362571 3.9687086677877224 652.64928935468197 166.92037723213434 45.311291489750147 305.00209874473512 598.759675280191 890.71866741403937 71.459847228135914 22.289239865262061 69.103899884968996 64.700212648138404 140.22060946002603 46.491935968166217 273.57786934054457 2.1348743510898229 0.39011928311083455 0.20927848317660391 1.0526183043839408 0.28809477086178958 27.339583693770692 166.19721260666847 27.049434670014307 154.24443600326777 321.10432344733272 220.97379810421262 102.36097278306261 133.42510196729563 24.858207831857726 297.40611852100119 221.35689357435331 57.693752586841583 5.849138368619605 339.11670310795307 219.87858296162449 196.27204252779484 94.486260453006253 41.362330985721201
leaf_count=4284337 261421 392377 100410 4797 13155 1198 18882 1685382 17936 28156 1926 31891 8165 71478 4049 11235 6723 4278 1586 39086 10896 1680 11426 106 644 549 13753 2443 1327 3536 5886 23839 6259 2522 1653 1399 1851 556 12658 157 151 39 320 62 1218 2532 399 2452 7997 3177 1274 3188 294 3129 14417 1480 68 7216 2988 2845 1021 1170
internal_value=-0.0160157 -0.065173 0.048387 0.0294539 0.0386681 -0.00646792 0.0263143 -0.0859931 -0.0674783 -0.0848599 -0.0164295 -0.0353282 0.0386434 -0.00378928 0.00112472 -0.0122586 -0.0677708 0.0325355 0.0172213 -0.0182081 0.0511352 0.024048 0.0682621 0.0944297 0.161946 0.26741 0.0430566 0.0597477 -0.0382314 0.0126466 0.00216504 0.083686 0.0475995 -0.0891607 0.029583 0.00512761 0.0435168 0.0576725 -0.00481753 0.307817 0.677777 1.7345 0.333586 0.913924 0.277195 0.00448093 -0.00999983 0.0314337 0.0325309 0.0222731 -0.0119621 0.00969212 -0.0235249 0.0290597 -0.0533653 0.0214364 -0.0414722 0.0693052 0.0193142 0.0383054 0.00107266 0.0451369
internal_weight=24038.6 13632.9 10405.7 7432.11 6788.73 3569.16 5326.92 10063.7 3648.3 2866.1 3154.46 1911.82 4036.68 782.2 1139.92 1290.24 643.385 380.696 1486.87 372.39 2549.81 705.617 229.598 177.331 84.5829 35.8828 1964.01 877.263 401.504 1242.64 937.637 1461.81 97.262 771.903 1086.75 394.448 692.303 552.082 411.428 31.9141 2.43964 0.599398 1.84024 0.787625 29.4745 916.873 596.431 320.442 645.895 542.078 329.748 227.387 158.283 1114.48 373.371 224.614 275.128 414.702 849.405 416.151 433.255 135.849
internal_count=7149045 6583679 565366 464956 196812 463455 159818 6120224 1835887 1726196 455041 443693 109901 109691 48794 49917 268144 36886 62949 46999 46952 16903 18950 7524 3246 2602 36056 17676 72805 11348 7812 36994 7845 394899 18380 7808 10572 8721 40814 2053 678 190 488 168 1375 16618 11634 4984 15223 11174 6409 5135 3482 15950 33299 3923 39154 8414 11153 5833 5320 2191
is_linear=0
shrinkage=0.1


Tree=32
num_leaves=63
num_cat=0
split_feature=9 15 6 9 11 15 9 15 9 3 14 12 19 12 1 17 18 12 11 9 12 3 2 9 3 4 19 9 12 12 13 15 15 15 3 18 2 1 3 6 17 2 1 18 3 12 17 19 18 3 18 9 3 1 2 3 13 18 2 4 1 4
split_gain=6731.46 1424.47 906.615 608.135 318.796 306.873 238.328 314.62 208.357 180.595 154.209 143.532 121.981 119.824 107.211 98.2485 103.016 96.2252 95.5485 175.758 90.1124 81.1997 74.203 71.395 71.2124 70.2894 64.0852 59.8209 55.3796 54.3881 48.6548 46.7307 46.3058 55.7333 45.2836 44.9389 53.4802 44.6999 44.6389 43.0582 42.6733 40.6829 44.2065 39.6704 59.2096 39.5373 39.0484 38.1528 37.9132 36.1563 36.1108 42.0099 47.7012 118.403 73.4818 36.0855 35.7177 34.9984 52.2245 33.229 241.776 66.1015
threshold=0.2639319002628327 2.5000000000000004 1.0000000180025095e-35 0.49137930572032934 1.0000000180025095e-35 16.500000000000004 0.12060606107115747 16.500000000000004 0.86811593174934398 0.62102442979812633 0.97366598248481762 11.53653144836426 1.0000000180025095e-35 34.086711883544929 0.46428571641445165 196.50000000000003 1.0000000180025095e-35 25.588391304016117 1.0000000180025095e-35 0.061553031206130988 12.046047210693361 0.59675306081771862 0.93307995796203624 0.64495798945426952 0.63686314225196849 0.26138716936111456 0.41666667163372045 0.042572464793920524 61.905717849731452 94.872734069824233 1.0000000180025095e-35 14.500000000000002 23.500000000000004 20.500000000000004 0.62575301527977001 1.0000000180025095e-35 0.93307995796203624 0.46428571641445165 0.41533938050270086 1.0000000180025095e-35 75.500000000000014 0.37966145575046545 0.30952382087707525 1.0000000180025095e-35 0.71010184288024913 65.954647064208999 962.00000000000011 0.41666667163372045 1.0000000180025095e-35 0.89022758603096019 5.1009213924407968 0.15707236528396609 0.73097601532936107 0.30952382087707525 0.18916201591491702 0.72834226489067089 1.0000000180025095e-35 1.0000000180025095e-35 0.90892314910888683 0.99484536051750194 0.90000000596046459 0.88047617673873912
decision_type=2 2 2 2 2 2 2 2 2 2 2 2 2 2 2 2 2 2 2 2 2 2 2 2 2 2 2 2 2 2 2 2 2 2 2 2 2 2 2 2 2 2 2 2 2 2 2 2 2 2 2 2 2 2 2 2 2 2 2 2 2 2
left_child=1 9 3 5 6 17 -3 11 10 37 13 24 15 -5 55 16 27 31 19 -18 56 -12 39 45 -8 32 30 -11 35 -25 -13 -2 33 -22 -27 38 41 -1 -19 -21 -35 42 -37 44 -32 -15 -40 -16 -36 -43 51 52 53 54 -26 -6 -7 -23 -59 60 -4 -62
right_child=2 4 59 8 14 20 7 -9 -10 12 21 26 -14 23 47 -17 18 28 -20 22 25 57 -24 29 50 34 -28 -29 -30 -31 43 -33 -34 40 48 36 -38 -39 46 -41 -42 49 -44 -45 -46 -47 -48 -49 -50 -51 -52 -53 -54 -55 -56 -57 -58 58 -60 -61 61 -63
leaf_value=-0.083827345154723107 0.039322996863858574 -0.099017773524155486 0.088018144512505697 0.084274265572959015 -0.090970605134339383 -0.012263468333715482 0.01783649679156896 -0.088593485926421522 0.090400244042707023 -0.092238913092971955 -0.031030995587308187 -0.057848103825538948 0.077533631521939331 0.02358174756422286 -0.0031400567718653134 -0.043118588763768784 -0.091979760376776021 -0.054000987642640587 0.029827316874930718 -0.0337097857665851 -0.070627849502499507 0.082004123453970179 0.057913548409014692 0.063116037632668556 1.5603037347501905 -0.075823299362857075 0.29874223532419586 0.15862681413308385 -0.093347713684978212 0.00071311057233691092 0.0044470599495001571 0.12780823311101766 -0.085060521917719831 0.13086806386169622 0.0665178895377396 -0.01910108712484038 0.064767209855079264 -0.014407844286433179 0.062722848385627014 0.035037667064381599 0.011223878521016827 -0.035394913695987587 0.12786046841220342 -0.025969092317107478 0.16249842282278393 -0.039160522216666022 -0.10875036901688229 0.23316917645709037 -0.063887504749037372 0.058998761687219452 0.11161717013917315 0.21395796810015716 0.34234733375039417 3.1531878914719624 0.16486623458170599 -0.019889301454555985 0.32890423041479072 0.00057218114751654808 0.070590116580158388 0.10190379124425482 -0.28778516410843091 0.02486327470230397
leaf_weight=300.84474491921719 513.50335232610814 6405.7841381133767 973.40028884913772 769.95935369108338 250.06689699972048 4.7757712702732507 33.485818873392418 1439.7228934903396 959.87464720476419 11.079770486219784 380.72416238952428 285.84753008396365 225.79130724002607 635.17899784329347 558.47950045752805 420.7411413147347 232.78186927014031 45.605911377700977 832.02257978613488 317.95972823700868 51.544016110012308 97.73049418348819 211.51431826234329 924.24891063501127 0.58422264084220188 759.10667587665375 6.1233192220097399 66.894862249842845 60.942624659277499 164.52971597877331 104.82678915688302 67.533781773527153 57.619790793745779 45.151125137927011 43.367612896370701 45.490559963858686 87.55424652993679 134.10268024599645 242.99920971947722 127.69289294758346 87.7418962509837 522.29379717225675 37.210937649360858 274.04549302777741 30.627885735360906 119.29909377836157 14.048152458621187 6.9168965285643926 45.881432728958316 43.99701074953191 17.702510322094895 14.852341108373365 4.3585293581709266 0.21513736655469973 1.0657624377636237 99.973174255923368 8.5847157209645957 444.48620487947483 140.10332181863487 1775.0847164317966 22.084577612578872 9.7469021528959257
leaf_count=129448 7047 4884312 30669 17729 140764 2289 8891 914674 27266 6746 21878 57050 6480 17672 31087 70498 128443 4799 11294 22750 12815 1952 4956 19771 64 293553 438 2428 1946 3428 13769 1980 21437 5690 339 3320 1768 18145 3627 2760 18523 6981 569 33861 457 3765 276 119 16364 638 2308 210 529 89 343 27701 735 6020 3391 70292 358 252
internal_value=-0.0152134 -0.0646638 0.0449725 0.0267254 -0.083284 -0.0102094 -0.0892431 -0.060955 0.0489123 -0.00304923 0.0380798 -0.00952687 0.00750672 0.0511427 -0.0271761 0.000386637 0.0105561 0.0166876 0.00546527 -0.0173111 -0.0511767 0.00596804 0.00913809 0.037303 0.124663 -0.0543395 -0.0233509 0.12298 -0.000699 0.0536861 -0.0261873 0.0496076 -0.00680819 0.0176385 -0.0679014 0.00473427 -0.00859585 -0.062424 0.0371749 -0.0140116 0.0518736 -0.0184931 0.0470232 -0.00408683 0.0401843 0.0136609 0.0533515 -0.000249118 -0.00052133 -0.0280612 0.21691 0.30535 0.52345 0.946663 0.658959 -0.0706694 0.206952 0.0266129 0.0173528 0.0936769 0.0791495 -0.192051
internal_weight=22617.5 12416.1 10201.4 7421.09 9534.68 2784.95 8619.24 2213.46 4636.13 2881.43 3676.26 773.735 2446.48 2613.22 915.436 2220.69 1799.95 1681.18 1721.97 889.949 1103.77 1063.04 657.167 1843.26 72.2643 1090.41 701.471 77.9746 1100.14 1088.78 695.348 581.037 242.057 184.437 848.356 1039.2 736.547 434.947 302.653 445.653 132.893 648.992 82.7015 409.5 135.455 754.478 257.047 565.396 89.249 566.291 38.7785 21.076 6.22365 1.86512 1.64999 350.04 13.3605 682.32 584.59 2780.32 1005.23 31.8315
internal_count=7149753 6520614 629139 527568 6116666 404696 5916995 1032683 122872 403948 95606 118009 256355 62365 199671 249875 179377 32951 170203 158909 371745 33241 30466 44636 12434 368721 105575 9174 23924 23199 105137 9027 58465 37028 310256 21978 13276 147593 8702 25510 24213 11508 3889 48087 14226 21437 3903 31206 16703 7619 3543 1235 1025 496 407 168465 3024 11363 9411 101571 31279 610
is_linear=0
shrinkage=0.1


Tree=33
num_leaves=63
num_cat=0
split_feature=15 12 16 4 11 13 12 12 16 11 12 2 0 0 5 14 15 15 2 3 2 2 4 0 18 16 4 16 3 2 18 12 3 12 14 12 7 1 3 0 8 3 2 15 5 3 0 1 4 18 16 2 4 12 7 1 5 1 18 5 5 3
split_gain=4572.01 1336.36 830.336 560.192 395.875 332.52 267.594 183.801 136.533 131.37 189.13 129.046 172.242 115.647 161.103 106.932 95.6012 86.1608 198.525 135.248 109.106 81.2556 124.122 76.9148 107.894 73.4561 73.3936 70.0378 69.9408 91.0991 67.577 59.8059 59.3618 56.5931 56.444 61.4145 54.453 65.0724 95.019 60.4682 91.8357 51.3689 45.8822 45.7607 45.6177 43.4886 43.3906 42.7736 43.0332 41.3475 41.2456 40.5976 40.4127 39.1243 38.2744 63.4918 44.0126 37.6244 37.5118 45.6858 39.491 37.438
threshold=2.5000000000000004 13.142824172973635 -0.56075480580329884 0.90070420503616344 1.0000000180025095e-35 1.0000000180025095e-35 11.640582084655763 8.3782887458801287 -0.29310645163059229 1.0000000180025095e-35 1.0000000180025095e-35 0.90892314910888683 0.11805555596947671 0.73214286565780651 0.94570022821426403 0.63286262750625621 22.500000000000004 21.500000000000004 1.0000000180025095e-35 0.54923510551452648 0.20314723253250125 0.85990032553672802 0.7933771312236787 0.12916667014360431 4.2397837638854989 0.27499860525131231 0.85270008444786083 -0.44145378470420832 0.61938297748565685 0.18916201591491702 4.4561243057250985 61.905717849731452 0.68783602118492138 37.085800170898445 0.60232558846473705 5.3291354179382333 1.0000000180025095e-35 0.90000000596046459 0.78705966472625744 0.48076923191547399 1.0000000180025095e-35 0.1768428906798363 0.47302520275115972 14.500000000000002 0.40212766826152807 0.24068965017795566 0.30384616553783422 0.46428571641445165 0.72255688905715953 7.5405113697052011 0.20255462080240252 0.0090742730535566824 0.680425524711609 11.362485885620119 1.0000000180025095e-35 0.90000000596046459 0.94201681017875682 0.46428571641445165 6.5910098552703866 0.88273492455482494 0.86526826024055492 0.68783602118492138
decision_type=2 2 2 2 2 2 2 2 2 2 2 2 2 2 2 2 2 2 2 2 2 2 2 2 2 2 2 2 2 2 2 2 2 2 2 2 2 2 2 2 2 2 2 2 2 2 2 2 2 2 2 2 2 2 2 2 2 2 2 2 2 2
left_child=3 4 41 6 15 28 9 25 -6 10 -1 12 42 14 26 -2 17 19 -19 20 -7 22 -15 32 -25 -5 36 -17 -4 -30 33 -24 51 -9 35 -12 37 39 49 -14 -41 -3 61 -29 -22 -18 -46 48 -26 -39 -11 -21 -38 -36 55 -13 -57 -43 59 -40 -60 -8
right_child=1 2 5 7 8 16 11 30 -10 50 34 54 13 21 -16 27 45 18 -20 23 44 -23 31 24 47 -27 -28 43 29 -31 -32 -33 -34 -35 53 -37 52 38 58 40 -42 57 -44 -45 46 -47 -48 -49 -50 -51 -52 -53 -54 -55 -56 56 -58 -59 60 -61 -62 -63
leaf_value=-0.097941753495797271 -0.095305657132893351 0.018567798593259504 -0.051462710650331846 0.0084795105151784841 -0.08762963458631938 -0.03800930082494041 -0.012538163462543474 -0.0052208589775486055 0.0016770356975238895 0.0081072296933265044 0.14737609873729701 0.092682225737803992 -0.026173286784180995 0.040521605767522777 0.060918669233652072 -0.090147696074563743 0.027530665770359033 0.12008837336776156 -0.092264541969275415 0.25351264674942331 0.14683301293055939 0.024014802591981799 -0.080464345437565338 -0.029088548189551058 -0.036615764138968311 0.092317112461002382 0.053340337793732387 -0.020586938796453701 0.054182240040709512 -0.034211887599824735 0.091011060410110811 -0.2398550640754451 0.10038875713347312 0.081671425460968144 0.095942435041372509 -0.030705534233229005 -0.078264135291827353 0.054785516902772051 -0.22470958309564559 0.079210797626162024 -0.040385006108480448 -0.091782449163953228 0.10259282993122953 0.10410346722167965 -0.013381045242031521 -0.063539293579552361 0.073822651449580182 0.057252938492720701 0.056723627212049835 -0.048554171473239316 0.089858676156452544 0.036230605670981124 -0.010645882024184221 -0.10471909835591427 0.084158175356745579 -0.24283067784408813 0.063180027730805208 0.019982362366112807 0.00044787620086817956 0.03464456465478926 -0.21864566983501341 0.089777882085666019
leaf_weight=352.89962824457325 5607.5822808700614 45.683161981753074 1001.3131093363045 506.90315791778266 230.29617830191273 557.20907638338394 76.853397156693973 141.72354539309163 666.96284249401651 560.77196942199953 20.850145465228707 26.955334066879004 135.2932839266723 87.990747228381224 862.18617154937238 95.086259669740684 73.490235224831849 226.615595046198 54.639972827979364 8.7625518579734472 34.580113785341382 193.01371207286138 183.71232609404251 322.97701428749133 117.82457184512168 131.65056870132685 263.50968609296251 84.49979039025493 168.43742669362109 378.78384762757923 2402.3778053426649 27.000414924696088 252.71970525069628 159.10048505093437 80.816978841321543 272.00277986674337 142.79916441906244 95.923099795123562 9.385875722859053 282.9064964997815 83.056523048551753 1325.8329595123651 335.65417103411164 45.163569700322114 133.96603747876361 183.02198061917443 99.392905411543325 481.6908577401191 85.046975450706668 64.923986461712047 69.346203051507473 460.98491057089996 231.96498643374071 11.04459432128351 570.11934743728489 13.88765815482475 7.1044553029350928 30.820468475809321 10.380136703490278 24.576163682038896 39.660767876426689 66.886868259985931
leaf_count=252730 4711939 15859 248387 30146 151621 85165 4163 4971 48205 11279 1596 710 4601 1310 19738 77277 9231 8920 13500 195 3148 3168 2259 44112 15449 3694 6628 28564 10275 47364 94648 310 6952 5714 4125 67849 6484 1497 130 5453 2889 915428 9987 13688 22016 48721 4725 15680 5267 874 1654 18837 5756 543 15461 203 142 4752 125 345 418 1843
internal_value=-0.0145514 -0.0524291 -0.0182982 0.042068 -0.0830818 0.00207557 0.0215494 0.0740176 -0.021245 -0.0164271 -0.0450718 0.0350909 0.0270521 0.0173714 0.0269859 -0.0925949 0.0210146 0.0263017 0.0788342 0.0205192 -0.0127938 -0.0265554 -0.0592325 0.0364083 0.0185533 0.0257643 0.00585266 -0.0249598 -0.0357518 -0.00700374 0.0854161 -0.100888 0.0613085 0.0407349 0.00342597 -0.0180267 -0.0053114 0.0103097 -0.0319453 0.0309501 0.0520681 -0.0857313 0.0823478 0.0228445 0.0396446 -0.0374479 0.023761 0.0410308 0.00251359 0.0130737 0.0171042 0.0402837 -0.036411 0.0718167 0.0769415 -0.00886824 -0.139266 -0.0892434 -0.118147 -0.0370315 -0.173198 0.0350727
internal_weight=21318.6 12773.4 6043.79 8545.23 6729.59 4641.46 5203.48 3341.76 897.259 1367.73 737.614 3835.74 3217.68 2738.28 2246.57 5832.33 3092.92 2836.41 281.256 2555.15 825.148 491.717 298.703 1730.01 1007.54 638.554 1384.38 224.75 1548.53 547.221 2703.2 210.713 722.467 300.824 384.714 292.853 1120.87 746.106 244.85 501.256 365.963 1402.34 479.394 129.663 267.939 256.512 233.359 684.562 202.872 160.847 630.118 469.747 374.764 91.8616 618.067 47.9474 20.9921 1356.65 84.0029 33.962 50.0409 143.74
internal_count=7148720 6575277 1543983 573443 5031294 607944 434270 139173 199826 339776 326843 94494 77978 61985 54938 4831468 301918 243966 22420 221546 115054 7047 3879 106492 80508 33840 35200 119529 306026 57639 105333 2569 25984 10685 74113 69445 28572 16332 3389 12943 8342 936039 15993 42252 29889 57952 26741 36396 20716 2371 12933 19032 12240 4668 16516 1055 345 920180 1018 475 543 6006
is_linear=0
shrinkage=0.1


Tree=34
num_leaves=63
num_cat=0
split_feature=9 16 4 16 9 11 9 12 9 16 9 11 16 12 13 12 12 14 12 9 13 12 7 9 12 14 12 12 0 9 9 12 19 1 17 0 16 17 15 4 9 1 0 17 4 7 16 5 5 15 15 5 14 7 14 12 14 15 9 12 1 16
split_gain=5224.15 1350.36 782.205 487.055 347.417 220.271 416.017 205.903 167.154 163.257 267.171 229.618 129.884 123.125 111.056 106.343 106.173 83.3957 69.5938 63.7281 62.3701 55.978 52.1339 51.649 47.0185 60.9269 45.8767 44.8041 44.6196 43.0069 41.093 39.8271 39.1515 38.7122 46.0915 36.8646 43.6241 36.7187 36.056 42.6583 35.4407 33.6097 32.0403 31.9244 31.4158 30.8094 30.0959 59.2983 31.0832 46.864 53.7708 42.6413 29.1143 29.8507 27.9812 29.6117 96.1861 27.6315 26.6635 61.5621 26.5081 25.3435
threshold=0.2639319002628327 -0.052180111408233636 0.89512962102890026 -0.64381474256515492 0.76696833968162548 1.0000000180025095e-35 0.065591398626565947 25.588391304016117 0.43874999880790716 -0.26403135061264033 0.12060606107115747 1.0000000180025095e-35 0.12352748587727548 11.53653144836426 1.0000000180025095e-35 14.068008899688722 65.954647064208999 0.98837208747863781 43.541666030883796 0.43874999880790716 1.0000000180025095e-35 14.960259914398195 1.5000000000000002 0.88562092185020458 63.778976440429695 0.97366598248481762 5.3291354179382333 33.766628265380866 0.93750000000000011 0.61721614003181469 0.61721614003181469 19.821578979492191 0.41666667163372045 0.73214286565780651 150.50000000000003 0.76388889551162731 -0.14723841845989225 72.500000000000014 13.500000000000002 0.57294833660125744 0.098387096077203764 0.58571431040763866 0.73214286565780651 214.50000000000003 0.2237871661782265 1.0000000180025095e-35 -0.49193744361400599 0.32305502891540533 0.22684391587972644 20.500000000000004 22.500000000000004 0.2674796879291535 0.97056278586387645 5.5000000000000009 0.74352160096168529 5.3291354179382333 0.78019323945045482 17.500000000000004 0.11651583760976793 11.197420597076418 0.30952382087707525 -0.51134386658668507
decision_type=2 2 2 2 2 2 2 2 2 2 2 2 2 2 2 2 2 2 2 2 2 2 2 2 2 2 2 2 2 2 2 2 2 2 2 2 2 2 2 2 2 2 2 2 2 2 2 2 2 2 2 2 2 2 2 2 2 2 2 2 2 2
left_child=1 9 3 30 7 6 54 19 18 -1 11 -11 37 45 26 -16 17 22 20 21 52 -5 29 24 -6 -26 -8 40 -4 -10 -2 38 58 34 -23 36 -18 41 -15 -40 -17 -7 43 -22 -32 -12 47 48 -24 -50 51 -51 53 -9 -3 56 -56 -33 -28 -60 -13 -21
right_child=2 5 28 4 23 12 14 8 16 10 13 60 -14 31 15 27 35 -19 -20 61 42 33 46 -25 25 -27 32 -29 -30 -31 44 57 -34 -35 -36 -37 -38 -39 39 -41 -42 -43 -44 -45 -46 -47 -48 -49 49 50 -52 -53 -54 -55 55 -57 -58 -59 59 -61 -62 -63
leaf_value=-0.095934823314520939 -0.090699290507492925 -0.095123469748072745 0.073185430052450942 0.10036406152662003 0.085708285004818419 0.083688617577031638 0.18287286708827588 -0.021190694811798347 0.018025866042080077 -0.097719828400882114 0.21561378702739181 -0.07768606653775087 0.086125157961049748 -0.013351675358424889 0.073650412320543951 -0.092747701374130867 -0.049776264237540217 0.0038558960840338278 -0.05142265302546406 0.31887587584481147 0.031845773776850231 0.063739303492438198 0.17319994787964618 0.091493607051041648 0.050452989689312389 -0.05163262138741425 -0.077503113413282726 -0.075793698616840918 0.10149572822259632 0.056264678272296934 0.11723624567857704 -0.020660835245798266 0.059799902061093736 -0.018251851696891596 -0.019754712737000898 -0.15450985010755391 0.015157311665409118 -0.0064668602823233726 0.015995737447752106 0.19700700869608978 0.016585573893314678 0.01528288691206215 -0.057012566097032952 -0.034536816596523197 -0.045473970863353599 0.063951657480587773 0.071461009852035837 -0.11705638810727488 -0.039022217647773104 1.3078693151393608 0.22999735743813798 0.52119702165693094 -0.085158347161805592 0.79941952558889784 2.6604092699973165 0.007802172085071989 0.12639138400911135 -0.080300276393916625 0.092099794225810938 -0.044514321939186627 0.0063872959674567843 0.092970375307398337
leaf_weight=4832.4779858476832 373.30437270412222 704.15609808964655 893.02855553175323 130.67647025606129 259.37461397796869 92.012121020350605 9.5743930474854988 219.18631588469725 658.59488916187547 1628.9808046021499 26.415487988269888 43.392669163295068 247.18390632793307 95.231703178025782 286.14573254331481 31.717561861150898 194.7582700381754 709.36450618435629 450.41957510856446 5.0441881450824431 482.36886134347878 278.80356147093698 8.8744727306766453 802.45751909725368 292.28409464843571 73.080486015416682 170.58194699126761 70.611515393014997 1478.306409239769 531.47678760439157 16.216527611250058 283.00226362678222 37.986871862201951 137.83975126128644 86.669669435010292 19.929597601294518 220.71817358210683 772.06459783529863 32.344938313122839 21.790560457273386 454.40285343921278 327.39112478960305 56.619068063795567 85.249314521905035 44.235891794785857 27.173498227726668 344.46261165640317 4.5757625962141892 1.4309235308319319 1.3360626727808269 2.0929953999584541 1.4228158452315254 97.655315580312163 0.44418117322493245 0.18071557255461701 12.071707198745569 0.87542695924639702 107.07853485981468 37.355414664838463 281.96716799307615 276.28467548312619 320.69687669561245
leaf_count=4254390 254415 525272 31472 3413 6482 1146 883 26898 13673 1484460 2001 14772 6704 9403 14841 7496 5381 16218 52549 230 24548 15006 235 25779 7369 1578 53536 1572 70032 11646 437 29489 769 1711 8956 223 4484 8179 9531 1095 11299 1991 639 5943 5119 4191 6669 701 191 45 316 108 19845 104 17 1867 263 41428 1044 8800 22589 5931
internal_value=-0.0138651 -0.0607816 0.0412766 0.0242737 0.0311429 -0.00997886 -0.0306479 0.0188324 0.00905294 -0.085144 -0.0646275 -0.0825132 0.0201576 -0.00585696 0.00145498 0.0241051 0.0235691 0.0322676 -0.0190945 0.0605188 -0.00362882 0.042048 0.0452346 0.0747084 0.0531483 0.0300338 -0.0340659 -0.00135991 0.0908343 0.035103 -0.0783131 -0.0202183 -0.0380006 0.0269073 0.0439392 -0.0216537 -0.0152809 0.00647186 0.0236918 0.0888562 0.00945198 0.0302903 0.0147206 0.0218759 -0.00182651 0.13871 0.0783414 0.198446 0.293692 0.463887 0.612206 0.902165 -0.0397301 -0.0195311 -0.0924267 0.0522256 0.559985 -0.0370321 -0.0455839 -0.0285327 -0.00502473 0.0964686
internal_weight=20193.5 10910.5 9283 6911.66 6477.91 3536.28 2097.63 5050.71 4090.98 7374.17 2541.7 1948.66 1438.65 593.037 1380.34 842.878 2699.04 2263.63 1391.94 959.731 941.523 633.989 1554.27 1427.2 624.739 365.365 537.466 556.732 2371.33 1190.07 433.757 539.448 527.891 503.313 365.473 435.406 415.476 1191.47 149.367 54.1355 486.12 419.403 624.237 567.618 60.4524 53.589 364.196 19.733 15.1573 6.2828 4.85187 2.75888 317.286 219.63 717.284 13.1278 1.05614 390.081 489.905 319.323 319.677 325.741
internal_count=7147374 6519028 628346 526842 266871 645679 627659 225663 190416 5873349 1618959 1521821 18020 97138 100240 35208 59890 49802 130526 35247 77977 29086 33584 41208 15429 8947 65032 20367 101504 25319 259971 90946 64149 25673 23962 10088 9865 11316 20029 10626 18795 3137 31130 30491 5556 6192 8265 1596 895 660 469 153 46847 27002 527419 2147 280 70917 63380 9844 37361 6161
is_linear=0
shrinkage=0.1


Tree=35
num_leaves=63
num_cat=0
split_feature=9 16 6 16 9 3 14 16 9 14 16 12 9 9 12 7 9 17 4 12 0 3 15 12 12 8 18 9 3 15 7 8 0 14 9 9 12 0 18 15 0 16 14 3 13 15 4 0 9 17 17 18 12 9 14 4 12 20 14 9 5 13
split_gain=4554.64 1227.55 769.853 420.602 308.942 178.635 169.63 164.536 237.154 237.63 122.961 101.244 120.546 100.426 99.9826 86.9105 78.7162 75.8003 70.0363 61.1627 59.629 51.2136 57.2183 61.655 49.7178 48.8135 45.5884 44.9175 44.5064 64.119 87.5556 51.907 42.9243 57.4552 118.035 56.425 45.2163 41.9894 40.9383 40.6659 37.8381 37.3288 48.5864 37.3014 37.0532 35.3153 34.0315 33.9039 35.5561 123.55 33.5278 41.2701 31.6877 37.5969 30.5359 32.88 29.9004 29.691 31.7678 60.8605 43.0128 38.1151
threshold=0.26201373338699346 -0.052180111408233636 1.0000000180025095e-35 -0.58854410052299488 0.86811593174934398 0.62102442979812633 0.98837208747863781 -0.25116544961929316 0.11651583760976793 1.0000000180025095e-35 0.27499860525131231 44.03827095031739 0.55902779102325451 0.60434782505035411 11.53653144836426 1.5000000000000002 0.43874999880790716 130.50000000000003 0.2237871661782265 65.954647064208999 0.48076923191547399 0.61311829090118419 14.500000000000002 19.821578979492191 15.765255451202394 0.75000000000000011 5.9891819953918466 0.7947368621826173 0.44337606430053716 10.500000000000002 1.0000000180025095e-35 1.0000000180025095e-35 0.11805555596947671 0.093073595315217986 0.04446640424430371 0.053342817351222045 32.208909988403327 0.76388889551162731 3.8709022998809819 22.500000000000004 0.30384616553783422 -0.076836884021759019 0.84924244880676281 0.58759590983390819 1.0000000180025095e-35 4.5000000000000009 0.44327485561370855 0.095454547554254546 0.1490740776062012 57.500000000000007 98.500000000000014 6.6588690280914316 110.45745086669923 0.72902098298072826 0.10818713530898096 0.94028520584106456 30.212942123413089 1.0000000180025095e-35 0.081666667014360442 0.087595909833908095 0.56543695926666271 1.0000000180025095e-35
decision_type=2 2 2 2 2 2 2 2 2 2 2 2 2 2 2 2 2 2 2 2 2 2 2 2 2 2 2 2 2 2 2 2 2 2 2 2 2 2 2 2 2 2 2 2 2 2 2 2 2 2 2 2 2 2 2 2 2 2 2 2 2 2
left_child=1 7 3 18 6 20 11 -1 9 -9 17 12 15 41 43 25 -8 32 39 27 -3 -16 -23 -24 -17 28 -22 -18 31 -30 56 -5 35 -34 -35 -7 44 -4 -20 -2 -40 42 -13 -10 46 -37 -36 48 49 -45 51 -26 53 -15 -12 -56 -31 58 -19 -60 -61 -62
right_child=2 5 37 4 -6 10 16 8 14 -11 54 13 -14 52 21 24 19 57 38 -21 26 22 23 -25 50 -27 -28 -29 29 30 -32 -33 33 34 36 45 -38 -39 40 -41 -42 -43 -44 47 -46 -47 -48 -49 -50 -51 -52 -53 -54 -55 55 -57 -58 -59 59 60 61 -63
leaf_value=-0.09482460942590458 0.084412510695234075 -0.077859178053335754 0.072744962356595153 -0.057679526306705843 0.088643099776537351 -0.089947607366473017 -0.048310415416407584 -0.00093570615399148126 0.015117648141110399 -0.09785774875194285 0.09751122659740058 -0.04735204241597487 0.07757483044478436 0.016243864137396095 -0.052938886288636626 0.17938425963945726 0.0075154090557906263 -0.012088770577344555 -0.089596162646065902 -0.055785347489651763 -0.05850424322763173 -0.018306035707084931 0.25542923906473902 0.037428469489486298 0.1027449645777451 -0.042496772599543424 0.069587116873539814 0.083960711818157563 0.014813777871866477 0.14071040259651721 -0.011497500912438112 0.12490492808794651 0.018102690021216651 -0.096515533278853885 0.89736227432513049 0.13853050885578341 -0.088257533422875845 0.10108199281961604 -0.097808195176040835 -0.086484195126537794 0.16677577316490877 0.013041864544595969 0.098522787759279654 2.6235660181678226 0.030421352433280081 -0.015942942280523991 -0.025842025418117143 0.11964158702592342 0.25920868586524665 0.34806228779796156 0.024037358323820021 0.0075835023252260134 -0.033248535872494794 0.059921370712307798 -0.001066925168629534 0.0830646220912169 0.067449649326278768 0.11926011569730224 -0.093069036806847277 0.21482382260724775 -0.07117290145480025 0.0058021211686930486
leaf_weight=4516.1599612314603 43.628078868729062 454.05551076639676 854.89327349537052 112.50555134832393 761.09543473739177 18.587627846747637 380.06731228122953 309.69997845904436 19.646996694791596 1380.79457441665 123.26190751697868 380.60154012276325 719.06510970974341 399.71873732539825 228.3794890603167 36.243504686513916 784.02360145398416 363.36807840160327 400.92851936339866 141.96427936479449 57.087883132975549 183.63704517419683 16.560586350387894 59.891733182827011 196.17019745195284 124.69462136051152 54.131821306014899 85.216698786243796 856.23113025340717 104.66156609624159 98.329707746393979 18.071355072082952 864.66031930933241 157.97677575913258 0.40007889491971482 63.926477584405802 51.758718714583665 1346.5820751301944 9.6321007701335493 20.450932544074021 12.316576398094183 213.91520889801905 24.289704218041152 0.29340004798723285 327.953419860336 19.258348143310286 201.69843385665445 23.339529996970668 9.4381721277022717 1.277731536189094 177.25535840576049 59.365181974833831 68.248822776833549 388.74272627010942 112.39551279321313 79.17659311555326 119.11190838960465 12.782588246918747 201.2347599582281 7.5546722323633722 112.59256343613379 150.06373313849326
leaf_count=4349239 9675 262527 31227 21098 26681 16047 46316 33843 4337 1390564 4370 32404 17631 7523 66735 987 15965 4691 270472 3367 11729 14987 644 2141 9507 2752 4823 2212 13228 2036 5618 1316 9528 123772 116 1953 662 70293 3309 10559 300 3491 1588 53 13375 1963 22677 1439 137 204 12480 1059 1461 9529 1656 1809 3853 370 147373 524 11178 5054
internal_value=-0.0133549 -0.0590798 0.0387392 0.021962 0.0289368 -0.0104045 0.0206573 -0.0838456 -0.0616406 -0.0801016 -0.000279889 0.0309017 0.0426946 0.00994803 -0.00411045 0.0295123 -0.00951189 -0.00754916 -0.0675535 0.00507077 -0.0617848 -0.0183842 0.0119576 0.0846503 0.0668778 0.0172874 0.00383919 0.0150098 0.0229828 0.0291212 0.0671539 -0.0324105 0.0045936 0.000598882 -0.0198595 0.0675705 0.000954622 0.0900779 -0.0823162 0.0298705 0.050664 -0.0207485 -0.0386009 0.125016 0.00966605 0.102768 -0.0240144 0.187876 0.332532 0.773 0.0574561 0.0806374 0.0321203 0.0377786 0.0586858 0.0337046 0.101715 -0.0319927 -0.0343086 -0.0514347 -0.0204282 -0.0271947
internal_weight=19121.1 10183 8938.02 6736.55 6249.59 3433.93 5488.49 6749.12 2232.96 1690.49 2868.65 4097.22 2621.71 1475.52 542.465 1902.64 1391.27 2553.82 486.956 1011.2 565.275 488.469 260.089 76.4523 469.034 1433.61 111.22 869.24 1308.91 1178.33 322.103 130.577 1706.22 1604.45 739.787 101.772 581.811 2201.48 422.877 64.079 21.9487 618.806 404.891 53.9958 530.052 83.1848 202.099 34.3488 11.0093 1.57113 432.791 255.535 856.71 788.461 314.834 191.572 223.773 847.596 834.814 471.446 270.211 262.656
internal_count=7148457 6510520 637937 536417 242102 646197 215421 5864323 1515084 1424407 367118 147561 91565 55996 90677 73934 67860 359283 294315 21544 279079 84507 17772 2785 24033 49901 16552 18177 47149 24735 11507 22414 190093 170130 160602 19963 36830 101520 274081 20234 3609 37483 33992 6170 36168 3916 22793 1833 394 257 23046 10566 18513 17052 7835 3465 5889 169190 168820 164129 16756 16232
is_linear=0
shrinkage=0.1


Tree=36
num_leaves=63
num_cat=0
split_feature=9 16 6 16 3 9 2 12 16 9 11 1 9 12 9 16 9 12 12 9 0 16 2 0 3 4 2 12 14 0 3 4 13 9 12 6 9 0 2 4 2 0 1 3 15 14 13 11 1 2 16 0 16 16 15 2 9 14 14 2 16 12
split_gain=3943.78 1181.82 727.472 392.881 327.542 284.822 160.749 152.182 132.763 109.885 321.049 107.561 102.411 79.4584 78.0857 141.277 74.4102 72.8941 71.1155 60.6241 64.8979 58.8955 56.9103 56.6789 75.6565 67.1216 56.2637 54.3662 51.5002 59.3863 47.2394 46.6662 45.3923 44.513 53.3228 44.1763 44.0116 43.8277 41.9808 41.9565 41.0593 39.6019 190.286 57.806 39.0059 38.0078 36.979 36.3713 59.1744 54.7474 67.1096 46.0789 103.82 98.6814 41.0715 34.1562 34.1238 35.1956 33.9482 118.492 33.8301 33.7071
threshold=0.26201373338699346 -0.14329794794321057 1.0000000180025095e-35 -0.53698527812957753 0.62102442979812633 0.86811593174934398 0.90892314910888683 25.588391304016117 0.029923408292233947 0.10435571894049646 1.0000000180025095e-35 0.46428571641445165 0.43874999880790716 11.53653144836426 0.17316342145204547 -0.44457955658435816 0.49137930572032934 14.960259914398195 54.435443878173835 0.69397994875907909 0.069047622382640853 -1.0000000180025095e-35 0.31283183395862585 0.73214286565780651 0.5604878067970277 0.8841681480407716 0.22008311003446582 43.541666030883796 0.097619049251079573 0.11805555596947671 0.24068965017795566 0.14870093762874606 1.0000000180025095e-35 0.43874999880790716 14.557664394378664 1.0000000180025095e-35 0.13100686669349673 0.16025641560554507 0.85990032553672802 0.52689418196678173 0.93307995796203624 0.76388889551162731 0.90000000596046459 0.78705966472625744 3.5000000000000004 0.97220078110694896 1.0000000180025095e-35 1.0000000180025095e-35 0.46428571641445165 0.40142038464546209 -0.46985749900341028 0.30384616553783422 -0.27058753371238703 -0.31664787232875818 18.500000000000004 0.80639642477035534 0.13840996474027636 0.47213622927665716 0.50531914830207836 0.14794753491878512 1.0000000180025095e-35 63.778976440429695
decision_type=2 2 2 2 2 2 2 2 2 2 2 2 2 2 2 2 2 2 2 2 2 2 2 2 2 2 2 2 2 2 2 2 2 2 2 2 2 2 2 2 2 2 2 2 2 2 2 2 2 2 2 2 2 2 2 2 2 2 2 2 2 2
left_child=1 14 3 16 11 6 7 33 9 10 58 36 27 22 47 -16 -2 31 19 20 26 39 -11 24 -20 38 -14 45 -10 -30 -18 -17 -31 34 -5 40 -3 -26 61 -15 -34 42 -4 -44 -41 -9 -33 -1 -49 50 -50 -52 53 54 -53 -12 57 -24 -6 -60 -36 -25
right_child=2 4 41 5 8 -7 -8 12 28 13 55 -13 18 21 15 17 30 -19 23 -21 -22 -23 56 25 37 -27 -28 -29 29 32 -32 46 35 -35 60 -37 -38 -39 -40 44 -42 -43 43 -45 -46 -47 -48 48 49 -51 51 52 -54 -55 -56 -57 -58 -59 59 -61 -62 -63
leaf_value=-0.097719912152802124 -0.085983655860339472 -0.096822477975445104 0.081914056842343791 0.10202517799473886 -0.09386194759709364 0.088152119420318059 0.066150077981767599 0.0073814801913425201 0.055497134208507506 0.34595321590105482 0.020986873524921516 -0.0079156247358734243 0.02782740444467361 0.21161056365070652 -0.097429942125265984 0.90392993109959985 0.077690319469146465 -0.035015395086152569 -0.040377402546087286 0.060360774690681421 0.00062332564110071905 -0.028630042807659413 -0.043742443334556388 -0.070050646246027276 0.061168558345763457 0.022625226188520975 0.10970197326117233 -0.049486056180505222 0.13374935744231953 -0.034147324348707618 -0.038395186928688735 -0.024789945821798436 -0.025749835463862076 0.087598776953789814 0.042088274556892021 0.068510796454398504 -0.032912422131038392 0.0020864642401555917 -0.018371703959273372 0.082886214600718974 0.081247865578520803 0.10052494142428336 0.0060876493340778414 -0.26973724507320801 0.0010850441788873982 -0.044377853009631915 0.14781217839391789 -0.092593387051076365 -0.068336975641310693 -0.028975928028166172 -0.014524683386078997 1.1311345903228729 0.22183640905958979 2.5614571468060503 0.074667498278970776 -0.013895173382133278 0.13000452474108454 0.17837829284691498 3.0376347097067136 -0.015147330183651801 -0.016594209600478246 -0.27789947697210116
leaf_weight=3907.2537266070431 370.02974901610287 657.42336217296543 767.38160794484429 102.01047187257791 580.32817146083107 695.53910791315138 663.09165157750249 636.64362839283422 380.66612989862915 8.5741332987672632 515.20344426878728 224.85286588617601 351.05697105685249 12.947220294503493 519.3365420117043 0.6969708182150488 47.744749539881013 348.16966736922041 279.36202230944764 438.63427780382335 830.29540857276879 286.98156835359987 30.962569621566217 11.294265344738958 197.99350331781898 36.01300210878253 110.30481655662879 390.71393904439174 35.793133308412507 224.89064964931458 131.89183761272579 20.404308200580999 177.45827717916109 257.35768500482664 282.16472695115954 134.28431780182291 128.87588289112318 343.18033096764702 15.760392252355812 85.772737913939636 44.948383127222769 1221.49484260194 12.199747246690093 20.143967658281326 181.94433855975512 182.5520144412294 31.691790462355129 198.26300325500779 6.2200045831268644 82.103023843606934 2.3225344998063502 1.0535701336339114 4.1166661749593914 0.37549281876999874 0.56549646414350707 616.77060272265226 52.161325671710074 9.2692009385791589 0.12747630261583154 48.906201684323605 150.71198040060699 25.236160028725863
leaf_count=4301813 291301 637131 30442 2107 561365 26726 20217 32742 8085 249 11079 57169 8369 688 530043 267 3313 101956 6209 9070 12795 4177 10046 117 4535 787 3021 40904 1905 18444 27610 5711 6107 4716 13818 3090 12744 6108 271 3751 659 70238 303 283 12190 19923 4165 163784 3299 20068 989 235 177 75 172 5144 623 801 88 22308 1960 238
internal_value=-0.0125041 -0.0566581 0.0367548 0.0205703 -0.0188919 0.0279834 0.0200938 0.0135138 -0.00413917 -0.0167514 -0.0298534 -0.0689064 0.00529867 0.0177633 -0.0893857 -0.063003 -0.0603479 -0.0184124 0.0163431 0.02824 0.0173322 0.00322432 0.0995026 -0.00630687 0.00188547 -0.0824316 0.0474024 -0.0187921 0.0265682 0.00873094 -0.00754138 0.0910844 0.00103674 0.0534263 0.0369845 0.02322 -0.0863475 0.0237022 -0.154785 0.0357957 -0.0041256 0.089199 0.0718997 -0.165699 0.027293 -0.00415272 0.0802097 -0.0951635 -0.0613066 0.00280277 0.180854 0.364636 0.508734 1.10088 0.762139 0.00198094 0.0766319 0.00743308 -0.0871109 -0.0072108 0.0216572 -0.213638
internal_weight=18132.5 9561.71 8570.8 6549.58 4439.14 5999.92 5304.38 4641.29 3427.99 2429.95 1761.34 1011.15 3849.04 668.613 5122.57 920.299 549.666 400.963 2639.13 1730.29 1291.66 567.646 100.967 908.84 820.536 88.3038 461.362 1209.91 998.041 617.375 179.637 52.7931 581.582 792.245 534.887 356.691 786.299 541.174 52.2908 280.664 222.407 2021.22 799.725 32.3437 267.717 819.196 52.0961 4202.27 295.02 96.7568 14.6538 8.43376 6.11123 1.99456 1.61907 1131.97 92.3931 40.2318 629.362 49.0337 432.877 36.5304
internal_count=7148720 6510597 638123 536857 1377843 214633 187907 167690 670799 632509 599984 707044 145089 32525 5132754 642142 322224 112099 51520 33255 24185 20806 11719 18265 16852 1413 11390 93569 38290 30205 30923 10143 28300 22601 17885 9856 649875 10643 626 16629 6766 101266 31028 586 15941 52665 9876 4490612 188799 25015 4947 1648 659 482 407 16223 11470 10847 583761 22396 15778 355
is_linear=0
shrinkage=0.1


Tree=37
num_leaves=63
num_cat=0
split_feature=16 12 12 11 2 16 12 6 14 17 0 5 0 2 3 12 16 7 3 8 7 17 7 3 1 3 2 2 2 8 2 2 3 0 2 7 7 3 0 18 8 2 2 3 8 1 18 5 2 3 2 5 19 2 0 16 12 14 16 12 7 12
split_gain=2548.11 861.103 659.541 511.414 412.712 360.33 272.536 158.46 151.595 122.163 107.029 156.577 152.962 179.162 115.623 100.327 94.6322 86.7441 111.396 110.622 108.559 81.0535 79.5221 168.288 109.698 92.2239 75.6373 70.2651 66.455 61.7934 66.9331 60.3525 58.1545 56.7531 54.9366 54.8012 54.11 51.3152 50.1792 56.0958 54.3498 45.8333 51.1312 44.8118 43.834 147.593 51.4961 40.1319 39.838 37.7043 37.7001 37.4335 34.9398 34.2441 33.2633 33.1845 32.8007 32.5602 33.4238 32.2777 32.1621 31.6036
threshold=-0.17747497558593747 9.3750600814819354 13.142824172973635 1.0000000180025095e-35 0.93307995796203624 -0.584895759820938 1.0000000180025095e-35 1.0000000180025095e-35 0.45773810148239141 162.50000000000003 0.73214286565780651 0.9495762586593629 0.11805555596947671 0.42236129939556127 0.68783602118492138 5.3291354179382333 0.20255462080240252 2.5000000000000004 0.49742268025875097 1.0000000180025095e-35 1.0000000180025095e-35 69.500000000000014 1.0000000180025095e-35 0.80735492706298839 0.46428571641445165 0.83096903562545787 0.0090742730535566824 0.82228240370750438 0.24912852793931964 0.75000000000000011 0.02547429129481316 0.69012686610221874 0.63686314225196849 0.57738095521926891 1.0000000180025095e-35 1.5000000000000002 1.5000000000000002 0.79277813434600841 0.48076923191547399 9.4952049255371112 1.0000000180025095e-35 0.71115154027938854 0.42849364876747137 0.91476997733116161 1.0000000180025095e-35 0.90000000596046459 4.1988844871521005 0.21132376790046695 0.1344389542937279 0.91010102629661571 0.82228240370750438 0.85145786404609691 1.0000000180025095e-35 0.24281592667102816 0.30384616553783422 0.011577461380511524 27.277399063110355 0.63286262750625621 -0.44145378470420832 63.778976440429695 1.0000000180025095e-35 24.567871093750004
decision_type=2 2 2 2 2 2 2 2 2 2 2 2 2 2 2 2 2 2 2 2 2 2 2 2 2 2 2 2 2 2 2 2 2 2 2 2 2 2 2 2 2 2 2 2 2 2 2 2 2 2 2 2 2 2 2 2 2 2 2 2 2 2
left_child=2 3 57 6 7 47 -2 10 15 17 11 12 13 14 21 -8 52 18 19 35 26 60 23 24 28 41 -20 49 -14 30 32 38 -28 -33 -19 54 -22 56 39 55 -40 42 -24 51 45 -9 -46 -4 -36 59 -47 -25 -5 -16 -7 -26 -32 -1 -59 -12 -3 -6
right_child=1 4 5 16 61 9 8 44 -10 -11 27 -13 22 -15 53 -17 -18 34 20 -21 36 -23 25 43 31 -27 29 -29 -30 -31 37 33 -34 -35 48 -37 -38 -39 40 -41 -42 -43 -44 -45 46 50 -48 -49 -50 -51 -52 -53 -54 -55 -56 -57 -58 58 -60 -61 -62 -63
leaf_value=-0.094066162079048499 -0.098157533149255544 0.089284172510428084 -0.012208165151435448 0.0043394626150314621 0.056153221795467889 -0.081228105745035972 0.11566274182871079 0.054356627335798116 0.082010127506990521 -0.047143302111701729 -0.061942429329716692 0.056327138289526291 0.12441591790151543 0.095838295034583521 0.115524208589438 -0.054527138470772174 0.090028105722180909 0.077615474688030747 0.19834770071958768 0.063765396539390715 -0.059105829704250712 -0.044986893212161379 -0.0052148788109997136 0.010401749860210136 -0.0333973677915963 0.04094270061616842 -0.052154885684541102 0.0027249736392246627 -0.072404843318885984 -0.051224489855636768 0.13719230905266916 -0.057451068352334114 0.11963845190315546 0.044369954626924744 -0.070926567559093004 -0.015601344489275163 0.036948479857717549 -0.10087698584725971 0.10342264303693685 0.096104496971431697 -0.1252159775489535 -0.00078457701102606749 -0.087787185501920911 0.061564280122934335 0.019597806917977578 -0.073186115541523933 0.088619375600415995 -0.089005683177586226 0.053061673024828171 0.065849756650469604 -0.26699511115265334 -0.10788211340715365 0.10307792696997498 0.006684598737677465 0.07415791976519702 -0.26114235003421049 0.059982606971958646 -0.091625306722539435 0.011538845583550103 -0.17328076266480519 0.00098091854928329387 0.088138994657319461
leaf_weight=3146.1966822463146 965.43583804083755 75.822469389764592 73.803666532679927 1475.3603138144827 402.10877952282317 369.79588694340782 37.965744970773812 368.04549219837645 134.26417585456511 694.57157280738465 178.34008461545454 1010.0778250141884 19.814981773262843 372.61724154028343 107.00056695641251 395.13335240888409 149.93812340125442 218.14165384008083 28.863261604972649 95.562212385295425 218.69372956117149 316.39854058803758 97.571637800894678 32.530857635370921 28.479989070619922 130.04765916493488 99.682568324264139 437.74502622807631 127.78193879377795 76.489265903655905 68.134347314597107 79.05731158942217 24.559532770654187 177.97683335439069 53.419302039255854 254.43314722354989 80.136910195229575 17.437865637009963 278.05990905407816 32.299142494390253 10.80061509599909 130.11140395473922 324.06544722191757 22.874158282065764 135.48143868922489 31.021187651960645 534.74142953928094 872.04229451430729 50.329300445562694 19.902655216341373 14.837334390555041 150.69914445560426 36.730578386690468 39.608222769398708 14.309666987508534 8.2515885171014798 285.91530961717945 65.539845287974458 60.298404942033812 30.490026781335473 90.452172816847451 1332.6870319721056
leaf_count=3797109 1114434 2223 38330 29709 16695 113551 7145 14473 26892 219792 3238 31399 1345 17082 3376 249497 5557 22942 1791 9819 47843 50814 17457 1594 1986 4631 14764 9412 16697 15426 10537 1517 351 3356 11923 51303 13472 2277 6326 578 331 4551 37586 1318 4963 698 26854 853697 5215 555 173 6448 399 2063 998 168 11297 77445 27957 365 5718 70160
internal_value=-0.0123671 0.0189887 -0.0595837 -0.0241706 0.0382794 -0.0300258 -0.0658325 0.0246762 -0.0108277 -0.0111168 0.0161139 0.0228215 0.0100617 0.040884 0.00834381 -0.0396082 0.0142519 0.00167682 -0.00767018 -0.0365789 0.015912 -0.0152801 -0.00864917 0.00976683 0.0314372 -0.0348127 0.0404014 -0.020746 -0.0459815 0.0324344 0.0453427 0.0500195 -0.0181957 0.0130523 0.0491251 -0.0515962 -0.0333471 0.0665927 0.076569 -2.75681e-05 0.0948737 -0.0526684 -0.068679 -0.0704068 0.0588653 0.033278 0.0746671 -0.0830132 -0.0107789 -0.0656643 -0.135892 -0.0868819 0.00673794 0.0861198 -0.0754393 -0.0845593 0.0748411 -0.0920711 -0.0421917 -0.0781983 0.0412479 0.080725
internal_weight=17211 10342.6 6868.36 3194.83 7147.8 3596.32 1532.8 5413 567.363 2650.48 4328.88 3662.4 2652.32 1001.9 629.282 433.099 1662.03 1955.9 1634.01 734.101 899.913 482.673 1650.42 968.626 762.522 681.796 601.082 666.478 147.597 572.219 495.73 614.925 124.242 257.034 321.89 638.539 298.831 371.488 357.891 69.0307 288.861 551.748 421.637 206.104 1084.13 413.904 670.223 945.846 103.749 228.733 45.8585 183.23 1512.09 146.609 384.106 36.7316 354.05 3272.03 125.838 208.83 166.275 1734.8
internal_count=7147622 1799783 5347839 1433633 366150 1445328 1397968 279295 283534 553301 232134 218564 187165 81276 64194 256642 35665 333509 293429 175671 117758 58755 105889 41664 32304 64225 56443 13570 18042 54652 39226 14262 15115 4873 40080 165852 61315 24111 9389 2732 6657 59594 55043 9360 47161 15344 31817 892027 17138 4158 871 8042 30108 5439 114549 2154 21834 3902511 105402 3603 7941 86855
is_linear=0
shrinkage=0.1


Tree=38
num_leaves=63
num_cat=0
split_feature=9 16 6 9 16 3 12 9 16 11 12 17 1 9 16 14 12 12 9 0 1 9 1 14 14 3 14 3 12 15 12 17 20 14 15 15 0 9 3 0 0 12 16 16 1 0 15 3 9 12 0 4 14 16 0 16 14 14 6 16 9 0
split_gain=3047.45 979.727 616.129 308.474 242.013 183.93 159.238 130.049 213.845 124.675 106.827 102.902 91.189 89.2015 74.8479 73.25 63.1695 55.7959 54.3975 52.314 151.146 48.1508 47.857 45.4945 43.2701 43.0257 42.2024 41.3276 40.8795 40.4855 53.4551 64.5182 39.8988 35.9932 54.4718 35.7355 54.6089 40.1639 35.0648 33.7072 35.8738 32.5531 38.893 49.9761 32.215 32.1079 31.5472 31.2349 30.5721 33.0436 30.409 30.2625 28.9671 28.5122 56.3987 28.3808 34.658 39.8257 28.207 28.0221 27.13 26.5637
threshold=0.26201373338699346 -0.085906960070133195 1.0000000180025095e-35 0.69397994875907909 -0.584895759820938 0.58380147814750682 25.588391304016117 0.13840996474027636 -0.44457955658435816 1.0000000180025095e-35 11.362485885620119 196.50000000000003 0.46428571641445165 0.90238094329833995 0.12352748587727548 0.98837208747863781 60.448089599609382 45.056007385253913 0.55902779102325451 0.76388889551162731 0.90000000596046459 0.43874999880790716 0.46428571641445165 0.081666667014360442 0.97366598248481762 0.78705966472625744 0.081666667014360442 0.52069061994552623 13.388028621673586 10.500000000000002 33.467851638793952 188.50000000000003 1.0000000180025095e-35 0.82555782794952404 10.500000000000002 4.5000000000000009 0.12916667014360431 0.061553031206130988 0.55403152108192455 0.48076923191547399 0.069047622382640853 17.548258781433109 -0.027838533744215962 -0.033559301868081086 0.46428571641445165 0.14835165441036227 16.500000000000004 0.54641148447990429 0.41421568393707281 53.511808395385749 0.11805555596947671 0.88047617673873912 0.52012881636619579 -1.0000000180025095e-35 0.57738095521926891 -0.25116544961929316 0.30940172076225286 0.80476191639900219 1.0000000180025095e-35 -0.18464712053537366 0.087595909833908095 0.6904762089252473
decision_type=2 2 2 2 2 2 2 2 2 2 2 2 2 2 2 2 2 2 2 2 2 2 2 2 2 2 2 2 2 2 2 2 2 2 2 2 2 2 2 2 2 2 2 2 2 2 2 2 2 2 2 2 2 2 2 2 2 2 2 2 2 2
left_child=1 7 3 4 -2 22 21 9 -9 -1 39 14 -11 17 32 16 18 -5 33 20 48 28 -3 -16 -19 -22 -13 -12 -6 -29 31 44 35 -8 -35 36 37 -7 -17 40 47 42 43 -39 -31 -40 -15 -10 49 -4 -25 -27 -46 54 -38 56 -49 -58 -52 -41 -28 -30
right_child=2 5 19 13 6 11 15 8 10 12 27 26 -14 46 23 38 -18 24 -20 -21 25 -23 -24 50 -26 51 60 29 61 30 -32 -33 -34 34 -36 -37 53 41 45 59 -42 -43 -44 -45 52 -47 -48 55 -50 -51 58 -53 -54 -55 -56 -57 57 -59 -60 -61 -62 -63
leaf_value=-0.098012204182650678 -0.076456361880807469 -0.086644660582682775 0.048316551394945145 0.070314407286969624 0.092400905199127692 -0.080041080515726892 0.0010868194143262338 -0.097006579889187386 0.070907304592244938 -0.084286135740100646 -0.059409790567168788 -0.0095532962822755287 0.016436340936539503 0.097613156926066938 0.078615821154218807 -0.050341731023036879 -0.031211437119200398 0.038009424485802613 0.04468386129630661 0.099828809181389783 0.027194936520761704 0.084027683865392416 -0.011954454358028041 0.13852849899064601 -0.012001905326411481 -0.25629703422785088 -0.094408965582378712 -0.04773272391924939 0.031602220038686644 0.075316312562376961 -0.0547360824541007 -0.049339353976078186 0.092592244440340615 0.002179948031890686 0.11906193765277401 -0.033925789221432599 -0.017243764778008951 0.31151388934578361 0.031315750382203959 0.50661155671843205 -0.061952643447131132 0.052508376182034223 0.14134487477319696 1.234118229569704 0.35194391695162058 -0.024223543922910751 0.040385441339744046 -0.11091047863803312 0.086528801337382111 -0.13085941492584557 -0.011257322218080573 -0.015543901192033678 0.06139743934325699 -0.012479853205273289 0.068286529942547414 0.21999013459052291 1.7208690854174069 0.47932171277582009 0.047181368701057498 0.14381861479165223 -0.039215742752591834 -0.030517191579853144
leaf_weight=3333.2180254641862 346.64792139001656 393.59310117084533 126.39410873665474 363.25956534361467 97.076073851785623 14.064309183217118 1329.6972816513735 581.6916392815765 18.921491495275408 187.81815143261338 209.88023002300179 230.88657101814169 172.38497795537114 453.95746390987188 172.81079486035742 331.46912560123019 328.96685396862449 591.05637186672539 498.73680498334579 1024.1011092439294 12.860725691542028 265.00271155056544 109.69519629731076 19.410324360709637 244.59488234273158 20.356578011065725 163.54844979394693 126.45112089125905 427.22909472399624 94.323767732072156 61.608993943140376 42.057263933762442 40.611951866187155 96.029654329642653 68.183413744554855 407.21615571173606 169.69413729681401 3.2280910094268624 144.61271408561151 3.90932602644898 11.144821619382126 46.769854435580783 24.842118494678289 0.71765386493644001 8.6200138471904193 371.47284481069073 122.2724791020155 0.39126887114252795 539.81873865239322 11.205120120197533 227.02206277521327 7.0221264977008095 5.7007565314415833 1161.1098967810976 141.28334328724304 9.3622585977427644 0.43847311439458259 0.62899922113865614 129.83032532199286 4.6751245330087823 195.53692318260437 82.061280942056328
leaf_count=4469092 294096 357161 3280 10162 2382 14277 69318 714092 7402 169219 108003 4953 27673 22163 5998 43897 14692 16064 12048 70267 302 6103 26080 265 5354 153 168603 16678 20084 13159 13013 9103 1920 1599 4298 165245 65394 497 3213 148 1927 874 1495 89 425 7698 2124 64 27086 190 5145 146 558 100984 19556 282 94 33 3015 69 18036 1292
internal_value=-0.0119231 -0.0533934 0.0328054 0.017962 0.00373022 -0.0142324 0.0106096 -0.0827396 -0.0538358 -0.0919725 -0.0118504 -0.00525978 -0.0360827 0.0531354 0.00342117 0.00020006 0.00938592 0.0375945 0.0160882 0.085321 0.0646183 0.0484692 -0.0703654 0.0361417 0.0233711 -0.123678 -0.0429076 -0.024541 0.032929 -0.00293799 0.0237415 0.0558242 -0.00551919 0.00654158 0.0507109 -0.00754288 -0.000663529 0.0751228 -0.0249618 0.128889 0.0910668 0.104005 0.187668 0.479318 0.096534 -0.00866084 0.0854698 0.148405 0.0758033 0.0337257 0.0166341 -0.194548 0.236284 -0.00527747 0.0216144 0.283916 0.694196 0.989298 0.0100039 0.309033 -0.064354 0.021593
internal_weight=16429.2 8525.1 7904.09 6162.33 4387.19 3651.87 4040.54 4873.23 1179.81 3693.42 598.114 3148.58 360.203 1775.14 2558.61 3169.17 2321.61 1198.91 1992.65 1741.76 717.657 871.369 503.288 549.074 835.651 40.2394 589.972 548.642 606.366 338.762 212.311 150.702 2009.54 1493.91 164.213 1968.93 1561.71 89.622 847.555 49.4718 40.8873 75.5577 28.7879 3.94574 108.645 516.086 576.23 29.7425 677.418 137.599 376.263 27.3787 14.3208 1472.09 310.977 10.821 1.45874 1.06747 356.852 8.58445 359.085 509.29
internal_count=7148632 6510621 638011 536587 480720 959587 186624 5551034 885050 4665984 170958 576346 196892 55867 384754 156763 101955 31580 87263 101424 31157 29861 383241 14423 21418 601 191592 160939 23758 52936 36258 23245 370331 75215 5897 368411 203166 17232 54808 10019 9802 2955 2081 586 14142 10911 24287 7875 30556 3470 8425 299 983 185934 84950 473 191 127 8160 217 186639 21376
is_linear=0
shrinkage=0.1


Tree=39
num_leaves=63
num_cat=0
split_feature=9 15 4 9 15 11 9 9 15 11 14 9 12 12 12 13 12 7 0 15 19 9 12 0 2 9 12 0 2 9 12 4 2 5 14 7 2 12 1 2 8 12 13 12 19 4 14 13 15 4 14 2 9 2 7 0 0 14 14 9 15 7
split_gain=2625.47 873.761 577.958 294.719 215.261 151.17 392.2 139.538 199.368 196.758 139.302 89.5317 102.191 86.1931 79.8481 70.93 90.5048 61.1989 58.0219 56.4183 51.0465 50.9982 50.3813 57.8739 42.878 42.6991 53.261 45.8091 42.0022 39.056 51.1936 38.3904 48.7077 37.7405 36.5621 34.38 42.0832 39.1081 32.5957 36.1438 32.4653 31.4124 30.6421 29.9043 28.8303 27.3308 26.7271 25.3497 59.7852 35.381 29.4115 35.9183 34.9472 24.9903 24.516 24.1378 23.4862 36.7735 23.4246 23.039 32.5442 43.5558
threshold=0.26201373338699346 4.5000000000000009 0.9256495237350465 0.82480818033218395 22.500000000000004 1.0000000180025095e-35 0.065591398626565947 0.13100686669349673 17.500000000000004 1.0000000180025095e-35 0.98837208747863781 0.43874999880790716 33.20094299316407 15.765255451202394 11.53653144836426 1.0000000180025095e-35 13.739194869995119 1.0000000180025095e-35 0.30384616553783422 16.500000000000004 0.41666667163372045 0.43874999880790716 43.032077789306648 0.76388889551162731 0.30013357102870947 0.60434782505035411 49.720722198486335 0.76388889551162731 0.95631209015846264 0.11651583760976793 11.362485885620119 0.33508773148059851 0.35218171775341039 0.26138716936111456 0.96871945261955272 1.0000000180025095e-35 0.59735581278800975 16.981006622314457 0.46428571641445165 0.39501297473907476 1.0000000180025095e-35 5.3291354179382333 1.0000000180025095e-35 63.778976440429695 1.0000000180025095e-35 0.87585616111755382 0.77171215415000927 1.0000000180025095e-35 1.5000000000000002 0.60922586917877208 0.82842725515365612 0.010588669683784248 0.36939570307731634 0.0090742730535566824 1.5000000000000002 0.30384616553783422 0.069047622382640853 0.84327486157417308 0.74352160096168529 0.35857143998146063 20.500000000000004 3.5000000000000004
decision_type=2 2 2 2 2 2 2 2 2 2 2 2 2 2 2 2 2 2 2 2 2 2 2 2 2 2 2 2 2 2 2 2 2 2 2 2 2 2 2 2 2 2 2 2 2 2 2 2 2 2 2 2 2 2 2 2 2 2 2 2 2 2
left_child=1 5 3 4 10 6 58 9 14 -3 11 13 53 33 17 29 -17 -9 -11 -5 24 42 23 47 45 56 -27 -28 -29 41 -31 32 -26 59 46 36 37 -16 -39 55 -6 -8 -12 -23 -7 -20 -18 49 -49 -15 -50 52 -52 -13 -21 -40 57 -14 -1 60 -2 -62
right_child=2 7 -4 19 40 44 15 8 -10 18 21 12 25 22 35 16 34 -19 20 54 -22 43 -24 -25 31 26 27 28 -30 30 -32 -33 -34 -35 -36 -37 -38 38 39 -41 -42 -43 -44 -45 -46 -47 -48 48 50 -51 51 -53 -54 -55 -56 -57 -58 -59 -60 -61 61 -63
leaf_value=-0.095140009106665216 -0.010311183331623381 -0.097692845871072131 0.092046482525997841 0.08550167585378099 -0.070329532293240585 0.011128047022231569 0.1375355825988844 0.2053186058674169 -0.084236045439945839 -0.087977150409508376 -0.077268902583016108 0.13019776967415678 0.018177824251579811 -0.037138006009121087 0.15563829665400264 0.070569467884974979 -0.0040770678050167514 -0.0074120321933249453 0.14913397544722698 -0.020212277767267986 0.31423703106292694 0.0077835906507866572 -0.036267935047268995 -0.09638931990751437 -0.12523062853067271 0.070596109166158133 0.028293566767447743 -0.13817261109296369 0.093486762001075169 0.091667621651041448 -0.021820368625879404 -0.020286049080434507 1.7992108345934783 0.07309910940079585 -0.084171435812246787 -0.044198832308050696 -0.075979247739335745 -0.0049506372861844146 -0.10633895921858934 0.044436140609382051 0.031586500294400612 -0.073129417784532844 -0.019841147456439154 -0.044117040138109832 0.079870604061102066 1.2850402821327043 0.059675043510903303 -0.0098094940638068211 0.038805175817556679 0.027629275469958803 0.59386619491426385 0.084706116798958439 0.14646047847895857 0.065590553890557943 0.054855391762055561 0.37426001655937963 -0.0092349796443709463 0.15887945272580001 0.035949616742469416 0.13620927413886436 0.98784590738167355 0.20213578615607411
leaf_weight=636.79766962779104 1.0322141200304016 3022.8969882885576 1298.4065856602974 697.87779448088259 355.87409594975179 1304.6737002266455 7.3885409730137317 30.435942562529817 710.71230168722104 120.45069404772948 157.15938688471215 67.0606052504736 217.48229180061026 188.92716846230906 21.686934049765114 256.20493241678923 395.27951592212776 24.336566862883046 12.465079748537388 76.803239318542182 4.8629611089709206 763.75782718224218 297.94218385877321 49.150302397087216 0.26368119131075118 332.94692514184862 567.03185995901003 31.304580880329013 10.435644699260591 46.218385101819877 283.92670439032372 331.24846677412279 0.2623980367789045 113.04251676279819 49.040542943694163 233.70740703411866 47.310848218912724 153.50951605959563 1.2476758991251724 22.122754261363298 34.265629751724191 168.45065509487176 227.28122235776391 129.89826567517594 64.002471444720868 0.21548178355442438 78.88340012577828 307.01116103678942 423.19040887261508 152.36863320029806 2.9362993936520061 37.709658908774145 4.3062841857899912 558.35116957838181 100.34757232526317 6.4344208375550807 414.16712170862593 20.310049714345951 13.929410872107836 4.3362077556084841 1.6145261203055272 1.2531681476393712
leaf_count=778077 232 4427201 89020 34130 166044 36466 1395 2017 806721 114218 49728 1672 9972 63733 4300 20884 20941 5443 5339 1255 91 24619 48005 557 30 10064 14201 379 375 2191 12936 60557 82 4826 2916 78194 3927 25799 177 2088 11504 89203 28738 3847 2453 12 2024 5373 34438 3413 456 1323 120 16262 1815 406 10754 528 2981 68 284 44
internal_value=-0.0107086 -0.0505711 0.0312571 0.0188217 0.0102049 -0.011095 -0.0290773 -0.0780702 -0.0494199 -0.0883362 0.0157003 0.0252971 0.0382622 0.00714322 -0.00366442 0.00294622 0.0218733 0.110798 -0.0281278 0.0727084 -0.00749071 -0.0128621 0.000429921 0.00981036 -0.0120328 0.0248191 0.0384385 0.020851 -0.0802545 -0.0262087 -0.00593271 -0.0189304 0.834643 0.0881566 -0.00197251 -0.0165639 0.00903335 0.0286528 0.0136299 0.109329 -0.0613783 -0.0642775 -0.0433176 0.000239523 0.0143426 0.168437 0.00652896 0.0144857 0.0244843 -0.0082232 0.0469743 0.123881 0.327848 0.0725181 0.02231 0.296204 0.00514661 0.0301953 -0.0923339 0.294824 0.471183 0.644494
internal_weight=15694.5 8048.97 7645.58 6347.18 5472.15 3304.8 1936.12 4744.17 1251.5 3492.67 5082.01 3803.91 2219.09 1584.82 540.792 1285.39 779.408 54.7725 469.769 875.029 349.318 1278.1 1463.54 1165.6 344.455 1593.68 941.719 608.772 41.7402 505.984 330.145 331.775 0.526079 121.279 523.203 486.02 252.312 205.001 183.314 29.8049 390.14 175.839 384.441 893.656 1368.68 12.6806 474.163 1116.45 775.154 341.296 468.143 44.9522 7.24258 625.412 177.151 7.6821 651.959 237.792 650.727 8.23612 3.89991 2.86769
internal_count=7146848 6509069 637779 548759 511559 972467 933548 5536602 929072 4607530 334011 227079 64207 162872 122351 152490 46765 7460 180329 37200 66111 106932 157418 109413 66020 46273 25019 14955 754 105725 15127 60669 112 5454 25881 114891 36697 32770 28470 2671 177548 90598 78466 28466 38919 5351 22965 108856 41710 67146 36337 1899 576 17934 3070 583 21254 10500 781058 628 560 328
is_linear=0
shrinkage=0.1


Tree=40
num_leaves=63
num_cat=0
split_feature=9 16 6 3 9 9 9 16 2 14 11 16 2 7 11 9 12 12 13 3 12 3 12 9 4 3 2 12 0 7 12 16 12 13 12 17 2 12 7 1 5 12 18 1 2 7 7 17 16 6 18 14 7 18 0 1 14 3 9 14 2 4
split_gain=2232.1 973.409 463.79 244.038 207.407 165.385 135.428 133.647 130.803 104.361 103.898 92.6577 116.424 82.7383 74.7555 264.031 88.0284 69.5958 57.2103 54.3396 52.3459 50.1705 48.5193 45.3525 46.8622 44.5444 43.7372 43.2207 43.1342 42.751 42.529 42.18 50.6039 41.9334 41.6574 40.613 39.1831 38.2818 38.1314 58.194 54.1501 37.0907 35.3715 35.3608 34.7169 34.4074 33.9654 32.3033 31.9333 31.1462 33.3321 31.0763 30.9502 30.8837 29.4156 125.62 29.1847 48.0396 46.5828 124.634 29.1388 27.8093
threshold=0.36939570307731634 -0.20936173945665357 1.0000000180025095e-35 0.62102442979812633 0.88562092185020458 0.22792208194732669 0.13100686669349673 -0.44145378470420832 0.93307995796203624 0.98837208747863781 1.0000000180025095e-35 0.029923408292233947 0.17807604372501376 1.5000000000000002 1.0000000180025095e-35 0.0745370388031006 6.692434787750245 18.83840370178223 1.0000000180025095e-35 0.4654348641633988 44.03827095031739 0.91010102629661571 15.563266277313234 0.61721614003181469 0.39152845740318304 0.67717123031616222 0.12562644481658938 45.582742691040046 0.11805555596947671 1.0000000180025095e-35 44.03827095031739 -0.38038800656795496 65.954647064208999 1.0000000180025095e-35 59.07807922363282 103.50000000000001 0.95631209015846264 10.341713428497316 1.0000000180025095e-35 0.90000000596046459 0.94201681017875682 17.548258781433109 7.0581107139587411 0.46428571641445165 0.79176026582717907 1.5000000000000002 2.5000000000000004 34.500000000000007 0.059652052819728858 1.0000000180025095e-35 3.889803528785706 0.73879140615463268 1.0000000180025095e-35 4.9834661483764657 0.73214286565780651 0.90000000596046459 0.67424243688583385 0.27475491166114813 0.2981481552124024 0.88117647171020519 0.64046260714530956 0.88047617673873912
decision_type=2 2 2 2 2 2 2 2 2 2 2 2 2 2 2 2 2 2 2 2 2 2 2 2 2 2 2 2 2 2 2 2 2 2 2 2 2 2 2 2 2 2 2 2 2 2 2 2 2 2 2 2 2 2 2 2 2 2 2 2 2 2
left_child=1 5 4 6 8 -1 10 43 9 13 -3 12 25 19 15 -14 -17 33 -18 -2 37 28 -8 24 -21 46 -6 -25 -13 -29 35 -11 45 -9 51 -19 42 53 39 -10 -41 -26 49 -7 47 -33 -5 -16 -43 -30 -51 -15 -24 -20 55 -4 -35 58 59 -58 -57 -62
right_child=2 3 54 11 26 7 22 17 38 31 -12 21 14 34 44 16 18 30 20 23 -22 -23 52 27 41 -27 -28 29 36 -31 -32 32 -34 56 -36 -37 -38 -39 -40 40 -42 48 -44 -45 -46 -47 -48 -49 -50 50 -52 -53 -54 -55 -56 60 57 -59 -60 -61 61 -63
leaf_value=-0.092522035459055726 -0.03694868276649528 -0.095606652930702515 0.08274451749927339 0.006462356478195411 0.030883045558852434 -0.088371913663317439 0.070309955068879534 -0.010146087551259488 0.085667305206935343 -0.057764564222060014 0.0015742045647029535 0.10049232009855791 -0.093972161900631943 0.045684559983952738 0.14418279308592663 0.25520596510933941 -0.037223003177373974 0.049170681184175738 0.17963973417799861 0.13815285144418832 -0.10110633772030718 0.050394497361453273 0.013143118857464796 0.065620745495982166 0.07245473835458309 0.13005014248851124 0.096667667818717801 0.046151316217922636 -0.041035417183143984 -0.015139155826322548 -0.07159016273397574 -0.010475374867801056 -0.067433644964821807 0.11690435871782275 0.00095802458664348891 -0.034354019488190141 0.083489893990079778 0.010328396566786989 0.077667755849900558 -0.51134878255341665 0.017853978970745414 0.0081030672574153705 0.019838207344102368 0.082472035933655416 -0.013573793605104757 0.039308522420492577 0.32074769753492993 0.016033039243181706 -0.02883321982226433 -0.19509031100865762 0.046435367608323314 0.098135753127468417 -0.04540621891657614 0.031322922255696183 0.10033740814264054 0.089656647148810859 2.5337469156092132 0.21744336736041397 0.40102542321544149 -0.1017490665498426 -0.21696152904809476 0.00079248388588145735
leaf_weight=2983.2453066722373 236.47516456310404 650.07557927374728 496.82369630318135 74.85587160452269 135.65815240470693 352.86507146729855 63.982782543520443 16.551736249472015 10.240873405709864 213.13978581083938 132.42381875810679 45.600680494797416 476.10093003034126 431.91306459403131 20.510028580087237 12.928958396834785 395.37472549983067 120.99618015781743 25.047958832059521 24.28005339205265 38.937714621890336 381.57253372849664 143.49620706232963 264.04180066555273 62.170752973353956 71.425391497206874 396.33552616462111 222.27099218813237 302.06961837672861 233.21047365642153 91.098089162143879 583.58998453291133 124.24986275122501 19.544681438477713 154.08864132530289 112.19582988205366 52.500915153650567 539.25874936417677 352.22479508072138 4.3558670766651622 3.4769503176212311 563.59957350319019 295.56000342097832 12.545725625474004 665.37218057201244 182.1601273601409 3.6042256284272289 480.46547789114993 400.32088870182633 6.1770473916549227 76.216033055912703 152.96285716461716 243.47984310676111 31.944060632435139 787.79341645352542 5.8422220014035693 0.41677288117352795 8.1635317222680879 1.2954109907150269 0.3150974492309615 20.687219422310594 8.185438444837926
leaf_count=4482987 39781 923647 28125 8359 3078 397988 3945 3345 346 59602 10929 2299 680812 24943 475 1407 77100 19975 2501 1044 574 13549 12091 7990 1072 4629 22625 4942 17330 5532 24341 10550 3147 1662 7148 23423 1167 26220 14635 77 104 17451 8435 767 6869 4449 292 16110 6390 168 2158 6029 29900 6130 66437 121 51 468 20 70 209 214
internal_value=-0.011188 -0.0429404 0.0356196 -0.0151242 0.021053 -0.082048 -0.0540059 -0.0395929 0.0136332 0.00817129 -0.0791606 -0.00312107 -0.0128594 0.0186099 -0.0176459 -0.0322617 -0.00410589 0.00272229 -0.0073591 0.00807425 0.0112298 0.0206923 -0.0103577 0.0140898 0.000840912 0.0729135 0.0798926 0.0334306 0.00612714 0.0147701 -0.0136502 -0.0178068 -0.00823764 0.117429 0.0472154 0.00898439 0.000252771 0.0185658 0.0703987 -0.0712628 -0.276438 -0.00240825 -0.00617352 -0.0825063 0.00139657 0.00136745 0.0208997 0.0212795 -0.00723675 -0.0261703 0.0283281 0.0594021 -0.0236953 0.0965081 0.0880722 0.0698941 0.188441 0.32564 0.761329 1.39907 -0.114016 -0.155228
internal_weight=15018.3 8948.21 6070.1 5228.98 4750.77 3719.23 1233.46 735.988 4218.77 3848.47 782.499 3995.52 2835.83 2745.33 2685.94 1519.59 1043.49 370.577 1030.56 2006.37 635.188 1159.7 450.959 1769.89 1050.37 149.885 531.994 719.523 778.124 455.481 324.29 1103.14 890 46.2872 738.965 233.192 732.524 596.251 370.298 18.0737 7.83282 1026.09 680.023 365.411 1166.35 765.75 78.4601 500.976 963.92 384.463 82.3931 584.876 386.976 56.992 1319.33 531.539 29.7355 10.1908 2.02728 0.73187 34.7149 28.8727
internal_count=7148234 6812193 336041 1857096 240935 4955097 980512 472110 215232 200070 934576 876584 831478 122322 818198 794744 113932 73355 112525 84202 35425 45106 45936 44421 25957 13280 25703 18464 31557 10474 67739 77748 18146 5616 38120 43398 29258 34851 15162 527 181 24913 28091 398755 23454 14999 8651 16585 23841 19656 2326 30972 41991 8631 95106 28669 2271 609 141 121 544 423
is_linear=0
shrinkage=0.1


Tree=41
num_leaves=63
num_cat=0
split_feature=9 16 6 9 3 16 17 14 0 9 2 16 9 16 7 2 9 2 0 9 18 15 15 2 2 0 14 9 13 3 2 15 2 7 3 9 13 4 16 15 16 6 14 3 5 2 13 3 5 2 5 18 11 0 3 18 14 0 18 6 15 7
split_gain=1993.41 861.442 514.47 240.391 220.844 177.008 102.226 89.0351 71.505 71.3718 71.1949 74.3801 68.0853 121.171 58.73 66.1649 51.4148 50.3896 49.3831 48.5121 47.9555 42.2636 39.3942 89.4884 60.0931 44.1267 37.6694 186.869 38.84 37.3092 45.8152 40.0483 46.3134 81.743 41.7289 36.2788 35.5494 35.7712 40.6649 58.9848 35.0277 48.4467 59.3855 37.5919 34.5198 33.7133 33.1737 40.894 32.9703 32.2582 35.5229 31.5894 31.0378 38.3323 87.4932 83.1572 30.4325 36.7946 59.0473 40.9275 29.8909 29.6952
threshold=0.26201373338699346 -0.17747497558593747 1.0000000180025095e-35 0.69397994875907909 0.62102442979812633 -0.61867660284042347 196.50000000000003 0.98837208747863781 0.48076923191547399 0.93933823704719555 0.1621542572975159 0.059652052819728858 0.1490740776062012 -0.44457955658435816 1.5000000000000002 0.93307995796203624 0.13100686669349673 0.85990032553672802 0.76388889551162731 0.17902930825948718 6.3425405025482187 23.500000000000004 20.500000000000004 1.0000000180025095e-35 0.11543677747249605 0.069047622382640853 0.093073595315217986 0.0745370388031006 1.0000000180025095e-35 0.46841755509376531 0.0070401676930487165 19.500000000000004 0.4643161147832871 1.0000000180025095e-35 0.62575301527977001 0.55902779102325451 1.0000000180025095e-35 0.25158227980136877 -0.43843811750411982 21.500000000000004 -0.076836884021759019 1.0000000180025095e-35 0.43360751867294317 0.67017546296119701 0.41421362757682806 0.10509515926241876 1.0000000180025095e-35 0.69614070653915416 0.92637759447097789 0.75534760951995861 0.94392031431198131 6.0930974483489999 1.0000000180025095e-35 0.48076923191547399 0.71209660172462474 10.469880580902101 0.081666667014360442 0.11805555596947671 4.5461242198944101 1.0000000180025095e-35 22.500000000000004 1.0000000180025095e-35
decision_type=2 2 2 2 2 2 2 2 2 2 2 2 2 2 2 2 2 2 2 2 2 2 2 2 2 2 2 2 2 2 2 2 2 2 2 2 2 2 2 2 2 2 2 2 2 2 2 2 2 2 2 2 2 2 2 2 2 2 2 2 2 2
left_child=1 12 3 5 8 51 10 14 16 17 19 26 52 -14 15 29 -3 60 -4 40 -10 22 24 -24 -16 -26 49 -28 -29 -7 -31 32 33 -32 -35 -34 -15 38 39 -38 41 42 -6 -44 -30 -11 47 -9 -27 -12 -51 -2 -1 -54 55 61 -13 -58 -59 -60 -5 -55
right_child=2 4 18 9 6 7 -8 46 20 45 11 56 13 36 21 -17 -18 -19 -20 -21 -22 -23 23 -25 25 48 27 28 44 30 31 -33 35 34 -36 -37 37 -39 -40 -41 -42 -43 43 -45 -46 -47 -48 -49 -50 50 -52 -53 53 54 -56 -57 57 58 59 -61 -62 -63
leaf_value=-0.098406156253050714 -0.08225908498448968 -0.089814876862707588 0.060610461043268588 0.027305879361589677 0.34836754532375325 -0.035642473230246954 -0.042243498006060955 -0.071967752756940034 -0.047156253822267818 0.037035251349068328 0.029390348971362446 0.061303494683158023 -0.096523653003712323 -0.05313425209121897 -0.027942102269630339 0.060075090308674563 -0.026145981974600253 0.071461656327866011 0.098697396919804253 0.076686030645528147 0.06843125078528578 -0.055513734553064631 0.10909655821180225 -0.090145660809766603 0.095923460539025451 -0.02625178015506472 -0.092312264732520063 -0.025265868905821748 0.5029376617838025 0.24788858971422645 0.058771629003259863 -0.071204591931479586 -0.012961129712488743 -0.073243200676260847 0.029272336391463139 0.025923359792587676 -0.10022438610602152 -0.0015743390461581521 0.12860631723627114 2.8291396618715194 0.005595764031449413 0.17736985865664492 0.56082588869064498 1.5706760841863423 0.023545232638550982 0.10033484784269263 -0.0078234012822707508 0.015718755869465372 0.05221435845222791 -0.058798970954098972 0.0022576596761975853 0.1645833822172113 -0.084113554116024128 0.28293058575017527 -0.077130032981640617 2.5202644131010148 0.14121759916081464 -0.11573480957201682 -0.0036065361206961918 0.066085170290588052 -0.053310118607706986 0.020958213910694745
leaf_weight=2182.7418839749298 260.62599392124685 550.39680821314687 606.23326036334038 836.19513677526265 1.9178865860449135 236.0027447049506 605.00661029905314 204.16711299039889 85.527801571472082 116.59254888631403 351.52244093600893 217.20260971598327 420.32902845198987 147.24650996993296 129.76729275670368 214.96029777638614 164.8126217344543 281.26760658342391 776.43135594669729 26.27140854485333 61.850525015499443 43.935185631795321 173.46414257981814 25.909704682067968 138.10362127458211 82.447966304316651 273.56823328702012 243.20990923390491 1.5076959619182151 7.8368815543362862 371.92013365769526 65.468827201169915 879.45984649006277 87.413364925363567 72.75305341638159 329.96008058264852 0.13843728363281371 174.173470714828 17.420903240214102 0.13652582373470068 2.2341211740276776 3.1129164678859524 0.60112977412063606 0.95303622214123607 401.45098728837911 302.28228565119207 657.8298541289405 71.921049538068473 152.78057932236698 114.10176198458066 577.94413115771022 5.2896565185510545 135.35606553644175 10.522694096434867 34.258220976800658 0.1525048806797703 22.05772012216039 34.921492759254761 246.41043772915145 128.05923273018561 48.670548716909252 7.3485823824885292
leaf_count=3907102 274668 778571 31117 21240 541 40712 254232 34902 30919 2471 12161 6491 670762 75680 11582 8324 19915 11789 70328 226 7798 9477 7941 5031 3639 1942 404264 47099 40 535 7978 12347 11878 4112 1389 8165 85 59262 7654 80 808 105 73 54 20633 19104 30182 1156 3528 2226 5600 881 157498 2936 20081 14 465 1675 9135 3693 1383 3024
internal_value=-0.0101559 -0.0471646 0.0271866 0.0141134 -0.0170897 0.00162151 -0.00515809 0.00694308 -0.0620733 0.0473094 0.00331811 0.00141723 -0.0867027 -0.0606455 0.015307 0.00729264 -0.075143 0.0345915 0.0819981 0.14481 0.00135256 0.0396352 0.0455861 0.083204 0.0306785 0.0510546 -0.00828245 -0.0230371 0.00629189 0.00176014 0.00662407 0.0055777 0.00846419 0.0330502 -0.0266771 -0.00235247 -0.0161751 0.0121885 0.147651 1.35428 0.347747 0.46383 0.72066 1.18008 0.0253389 0.0827156 -0.0200332 -0.0491254 0.0247119 0.0047214 -0.00780911 -0.0773488 -0.0950511 -0.0560231 0.0167021 0.195051 0.0307757 0.0154072 0.00862866 0.0202263 0.0228717 0.175209
internal_weight=14424.2 7244.47 7179.69 5797.03 4114.64 4212.02 3252.05 3946.1 862.588 1585.01 2647.05 2611.96 3129.82 759.445 3012.18 2265.78 715.209 1166.13 1382.66 35.0905 147.378 746.408 702.473 199.374 503.099 373.332 1963.31 919.737 646.169 2050.81 1814.81 1806.98 1741.51 532.087 160.166 1209.42 339.116 191.869 17.6959 0.274963 8.81909 6.58497 3.47205 1.55417 402.959 418.875 933.918 276.088 235.229 1043.57 692.046 265.916 2370.38 187.638 52.282 18.0238 648.651 431.449 409.391 374.47 884.866 17.8713
internal_count=7148703 6510902 637801 536356 1606724 480369 769521 204820 837203 55987 515289 513482 4904178 813523 138580 95440 798486 34412 101445 1807 38717 43140 33663 12972 20691 9109 492023 472036 67772 87116 46404 45869 33522 13479 5501 20043 142761 67081 7819 165 1581 773 668 127 20673 21575 66240 36058 5470 19987 7826 275549 4090655 183553 26055 5974 21459 14968 14503 12828 22623 5960
is_linear=0
shrinkage=0.1


Tree=42
num_leaves=63
num_cat=0
split_feature=9 16 4 16 9 11 9 15 0 14 9 12 16 12 13 12 17 9 16 13 12 2 4 9 15 12 12 2 14 14 9 11 1 2 16 9 16 12 12 1 2 9 12 14 3 0 5 1 2 7 2 15 0 0 4 17 14 0 2 17 2 9
split_gain=1693.12 778.74 526.431 310.063 217.053 213.251 327.659 120.783 94.2923 92.5506 73.18 82.0385 72.216 71.3643 63.6311 63.686 61.6917 60.9814 58.0978 85.2181 52.4205 46.1926 47.9171 41.8917 40.4851 40.2846 39.4579 35.8095 35.3919 34.1379 33.9002 33.5927 42.3647 43.3679 42.7442 36.0026 51.1253 33.2077 46.3904 32.911 31.6002 30.7068 30.6367 30.5775 29.8056 34.0663 40.1481 57.595 54.4781 42.7687 34.7205 29.4507 29.0568 28.517 30.3767 28.4021 28.2935 28.0609 31.5627 27.8331 27.3999 36.3573
threshold=0.21132376790046695 -0.15106625109910962 0.9256495237350465 -0.6802665889263152 0.90238094329833995 1.0000000180025095e-35 0.070197045803070082 23.500000000000004 0.76388889551162731 0.98837208747863781 0.55902779102325451 43.032077789306648 0.20255462080240252 6.692434787750245 1.0000000180025095e-35 19.512748718261722 771.50000000000011 0.38278388977050787 -1.0000000180025095e-35 1.0000000180025095e-35 45.582742691040046 0.95631209015846264 0.83096903562545787 0.3964285701513291 15.500000000000002 14.960259914398195 54.435443878173835 0.7356814742088319 0.94281044602394115 0.77171215415000927 0.71825397014617931 1.0000000180025095e-35 0.46428571641445165 0.54045319557189953 -0.30634342133998865 0.13840996474027636 -0.38704490661621088 6.7073435783386239 7.346194028854371 0.26785714924335485 0.76717239618301403 0.71825397014617931 11.362485885620119 0.73879140615463268 0.90070420503616344 0.12916667014360431 0.95488464832305919 0.90000000596046459 0.84012389183044445 1.0000000180025095e-35 0.80639642477035534 16.500000000000004 0.64583334326744091 0.11805555596947671 0.85028737783432018 226.50000000000003 0.47213622927665716 0.57738095521926891 0.7356814742088319 56.500000000000007 0.0090742730535566824 0.3514705896377564
decision_type=2 2 2 2 2 2 2 2 2 2 2 2 2 2 2 2 2 2 2 2 2 2 2 2 2 2 2 2 2 2 2 2 2 2 2 2 2 2 2 2 2 2 2 2 2 2 2 2 2 2 2 2 2 2 2 2 2 2 2 2 2 2
left_child=1 31 3 -2 7 6 -3 8 9 10 11 16 27 -8 -15 24 18 -11 19 29 -12 22 -10 -13 37 -21 41 39 -17 59 53 35 -33 34 -34 -1 -37 -16 -39 -7 -28 -19 -38 56 45 -20 47 49 57 -47 -48 -6 -29 -22 -55 -40 -27 58 -49 -5 61 -45
right_child=2 5 -4 4 51 12 13 -9 21 17 20 23 -14 14 15 28 -18 26 44 25 30 -23 -24 -25 -26 43 40 52 -30 -31 -32 32 33 -35 -36 36 42 38 55 -41 -42 -43 -44 60 -46 46 50 48 -50 -51 -52 -53 -54 54 -56 -57 -58 -59 -60 -61 -62 -63
leaf_value=-0.098347963841548147 -0.083158116278758409 -0.091651716616050177 0.084824787850285771 0.04066263131716813 0.095474205176817914 -0.046031271603227703 0.1403623534774763 -0.07332711069079817 0.020452574153079266 -0.047507138859538209 0.065676101531311468 -0.052971567145563385 0.084080761119057615 -0.039723918305383445 -0.10666689491334114 -0.010724039701769258 -0.070806818726586548 0.0082781451488476814 0.062520290741056431 0.12419079631610222 0.039223164944487139 0.073486140663013719 -0.080586518764334619 0.0027841675903423229 0.26462480902940805 0.056496272116972085 -0.045458006013152134 -0.036916540737442327 -0.11943372503225516 0.067785347556841624 0.044743505226536757 -0.087102362246118836 -0.018411455265697717 -0.055093325626112591 0.21026073415602142 -0.094568929273753863 0.087182684051086423 0.20140325507254803 0.046318506877779171 0.032881340424927463 0.041230502055340082 0.069099309717760404 -0.040951412967589446 0.38855441228325199 0.063986786263162829 0.028270057799353179 -0.029372411085068734 -0.0053343233283935929 -0.18994791298005761 -0.059242269059844005 0.037920363628448972 0.036156700862572236 0.0024701886370274454 -0.035760687966532506 0.051814557705499725 -0.042744536327349224 0.011151852092491647 0.025873413409507707 -0.19778159338386647 -0.024957611917193884 0.070520342789269025 0.11685577289879581
leaf_weight=2031.2563539432012 335.2557651764364 742.84990673238644 1113.8842944388743 84.495416220917832 353.50380939058959 59.515248956624418 32.961244603444356 167.66887499735458 61.587698808405548 293.43290460831486 555.1362232711399 233.22890323249158 119.78500559180975 404.27097037158092 15.604732606210744 223.46232692390913 68.771489052160177 659.03822392324219 76.462827517883852 82.067523084580898 143.63182007416617 30.540091246366501 197.30356724793091 319.1661068390822 7.9098614844842805 381.41417693078984 217.02238305134233 259.37326362158637 34.582646056893282 67.881570549856406 442.51082407543436 123.02371158596361 16.493166519387159 46.923366268048994 16.206542747910134 272.25200608174782 21.124199127603788 17.409531439014245 244.56688643057714 471.93792236165609 52.15569113381207 94.970954418182373 159.96427765593398 6.4429891040199463 78.198735559359193 147.38633244577795 113.64899362670258 16.71626122482121 37.767967643216252 89.91436830535531 235.67315686773509 109.66727045550942 674.09878136659972 187.1572076973971 50.239654411561787 41.947284648893401 215.27236006321618 33.031955320388079 17.385580237954855 275.03421501687262 127.02493443567073 20.906036777654663
leaf_count=4017621 428806 1191221 91220 10194 24272 6685 4018 73477 730 66308 19529 41277 5678 132036 4805 17327 11944 21911 2646 6207 3094 1283 2809 11110 800 25795 7329 3565 3230 9068 14868 163302 9459 13220 1966 464768 4841 619 21849 10207 1294 2980 80793 1727 2436 2845 1724 144 298 796 4454 1985 5401 3707 1764 12709 13810 344 152 53392 4692 367
internal_value=-0.00961673 -0.0493672 0.021181 0.0105664 0.0155198 -0.0172025 -0.0411047 0.0103283 0.0127837 0.0157517 0.0231486 0.0136585 0.00942759 -0.00438982 -0.00921042 0.0118589 0.022397 -0.00731959 0.0254396 0.0390456 0.0419262 -0.0428292 -0.0565503 -0.0207567 0.0411373 0.0576688 0.00420553 0.00332329 -0.0252931 0.00274439 0.0259167 -0.0894681 -0.0503185 0.00651535 0.0949224 -0.0926612 -0.0671806 0.0356049 0.0429098 0.0240442 -0.0286613 0.0159389 -0.0260044 0.0504 0.00517109 -0.000817697 -0.00782107 -0.0321655 -0.0938689 -0.00488878 0.0160272 0.0814293 -0.00847375 0.00405211 -0.0172274 0.0332792 0.0401369 -0.039817 -0.103447 -0.00953577 0.0900688 0.180864
internal_weight=13830.1 6037.52 7792.6 6678.71 6343.46 3350.28 1765.57 5880.29 5712.62 5423.19 4106.57 2727.89 1584.71 1022.72 989.754 585.483 2175.5 1316.62 2106.73 1260.54 1378.68 289.431 258.891 552.395 327.438 833.128 1023.19 1464.93 258.045 427.411 823.54 2687.24 202.647 79.6231 32.6997 2484.6 453.34 319.528 303.924 531.453 269.178 754.009 181.088 751.06 846.186 767.987 691.525 342.202 104.902 237.301 349.322 463.171 933.472 381.029 237.397 286.514 596.687 67.1338 34.1018 359.53 154.374 27.349
internal_count=7148908 6176120 972788 881568 452762 1420150 1388614 426505 353028 348206 248384 205422 31536 197393 193375 61339 153035 99822 141091 125252 42962 4822 3539 52387 40782 52598 33514 25858 20557 72654 23433 4755970 187947 24645 11425 4568023 550402 39982 35177 16892 8623 24891 85634 46391 15839 13403 10757 4579 938 3641 6178 26257 8966 8565 5471 34558 39605 640 296 63586 6786 2094
is_linear=0
shrinkage=0.1


Tree=43
num_leaves=63
num_cat=0
split_feature=16 4 13 17 4 16 1 5 3 0 5 0 2 13 3 16 6 0 8 17 16 5 0 3 3 8 2 18 5 4 13 18 4 3 0 2 3 3 0 0 0 16 3 1 18 5 2 4 19 15 15 2 14 1 2 17 17 2 0 13 2 2
split_gain=1181.74 378.511 277.351 256.324 184.973 151.543 106.218 104.462 102.536 163.114 107.863 86.5995 94.8092 77.9498 76.9923 69.3413 59.1014 59.0686 77.4203 57.0967 56.9567 55.5814 99.6747 186.424 111.569 64.6357 53.7791 53.6113 51.3838 50.8211 50.5257 48.7133 48.6523 46.8839 57.6387 46.4499 45.2323 74.8271 81.2401 40.5866 39.743 38.5799 37.8504 36.2007 35.7263 35.5604 35.4573 35.1085 33.7636 33.6448 51.2726 33.2355 37.0588 37.7188 31.5369 31.3571 30.218 29.9397 29.8264 29.7478 38.2319 28.5718
threshold=-0.27058753371238703 0.88047617673873912 1.0000000180025095e-35 162.50000000000003 0.27812939882278448 0.12352748587727548 0.46428571641445165 0.9529346525669099 0.49742268025875097 0.11805555596947671 0.9495762586593629 0.6904762089252473 0.95631209015846264 1.0000000180025095e-35 0.68108487129211437 -0.7690114676952361 1.0000000180025095e-35 1.0000000180025095e-35 1.0000000180025095e-35 61.500000000000007 -0.56075480580329884 0.88047617673873912 0.48076923191547399 0.74646764993667614 0.73097601532936107 1.0000000180025095e-35 0.67178922891616832 9.8104701042175311 0.26138716936111456 0.80735492706298839 1.0000000180025095e-35 4.1439111232757577 0.85270008444786083 0.78456193208694469 0.30384616553783422 0.35460186004638677 0.90070420503616344 0.83096903562545787 0.57738095521926891 0.81666666269302379 0.30384616553783422 -0.48258580267429346 0.65485891699790966 0.90000000596046459 4.0277757644653329 0.3647450208663941 0.47520640492439276 0.92907443642616283 1.0000000180025095e-35 20.500000000000004 22.500000000000004 0.84012389183044445 1.0000000180025095e-35 0.90000000596046459 0.85990032553672802 1218.5000000000002 376.50000000000006 0.60422116518020641 0.30384616553783422 1.0000000180025095e-35 0.22650077193975451 0.0090742730535566824
decision_type=2 2 2 2 2 2 2 2 2 2 2 2 2 2 2 2 2 2 2 2 2 2 2 2 2 2 2 2 2 2 2 2 2 2 2 2 2 2 2 2 2 2 2 2 2 2 2 2 2 2 2 2 2 2 2 2 2 2 2 2 2 2
left_child=2 3 28 8 15 13 17 30 59 14 21 -12 29 57 19 -4 39 18 20 61 -6 22 24 25 27 26 -24 -11 41 -13 48 -18 -25 34 -8 -26 37 38 -23 -7 -29 -1 -22 -39 -15 -21 56 -41 -5 58 -51 52 -31 -54 -9 -32 -36 -3 -17 -2 -61 -10
right_child=1 5 4 7 6 16 33 54 9 10 11 12 -14 44 -16 49 31 -19 -20 45 42 36 23 32 35 -27 -28 40 -30 51 55 -33 -34 -35 46 -37 -38 43 -40 47 -42 -43 -44 -45 -46 -47 -48 -49 -50 50 -52 -53 53 -55 -56 -57 -58 -59 -60 60 -62 -63
leaf_value=-0.079588675829514288 -0.062211345403993847 0.070713872345570583 -0.085195514276914408 -0.070573004245617063 -0.091903447201840779 0.047042046896150762 -0.093289775802473954 -0.0097778068226903048 0.23015954989434373 -0.06413452652587763 0.041862495742261654 0.021075415525705271 0.062539479183778904 0.00027436769745717369 0.080543875264409787 -0.01720033961799548 -0.062198260246716291 -0.082776152030763994 0.10302725528717378 0.16588363241290188 -0.028452712301802515 -0.076895008790295899 0.10356150234237652 -0.057504432148062092 0.126046358957354 -0.045298419776582124 0.022924701667758032 -0.052963818846419888 -0.088119734971320918 0.01901731600165657 -0.022148899549100744 0.087118412184811631 0.042511771374822732 -0.13797650388641589 0.1328082579313643 0.0080942695479446804 0.055226015245815718 -0.066403300649642713 0.023778812639029721 -0.13768481518949713 0.083884450064819358 0.0039110169525178968 0.13116844654751755 -0.17288201914397128 0.061958663550572259 -0.004399563583326647 -0.0048598552551445528 0.052617489385951489 0.11273937431735313 0.098284567431457706 0.0054942633016182001 -0.021283311547298775 -0.059472788644889529 -0.17312427421876733 0.050984495112397582 -0.096373472128030685 -0.037129217849042793 -0.0066039819463731102 0.37511040172160609 -0.038499996940957126 0.035548023053399491 0.055288714074761061
leaf_weight=108.6489970102848 215.42327727226075 53.709579656191636 43.718051430216292 688.208052393049 172.30670480421395 399.53282901691273 25.179411124496255 277.05125629613758 9.7060557121585571 493.81208051680005 945.94323795166565 152.7986125430034 155.77695351760485 121.43154392126598 420.59484570508357 79.454043849691516 22.472136902622879 498.21774770299089 37.80345677328296 12.679983048903521 309.78233953582821 155.22434265201446 272.64325692030252 235.35884168514167 37.834176225733245 46.758197160495911 118.72333721627365 38.948708620882826 1796.3674885345099 28.145060294249561 593.91794149225461 787.89846907509491 61.305218513793079 15.452816337929105 73.784506742755184 284.01503106486052 44.252845965180313 69.702374758460792 165.74528438955895 23.355960776330903 46.627456885384163 112.76278869036469 15.603874701395396 58.919354333425872 414.04769909547758 373.60227749173646 40.412869815947488 16.573903635144234 10.196539923606904 170.88029678160092 91.40250488879974 195.88810041864053 67.582469680142822 51.419537832174683 123.49265409790678 62.949399690784048 12.192866137775125 741.66029971724492 1.9863891456916452 210.61588430008851 104.23488742951304 250.02287682442693
leaf_count=151725 189818 6235 69436 700006 294766 16307 31022 59346 794 351169 87007 5793 7605 19123 46584 27855 860 697432 17901 2936 119831 52435 17535 35479 6901 13439 5505 13159 3048998 472 261855 71872 4902 11314 9745 79502 8832 20612 15350 584 1544 29945 1677 3787 38376 91397 24261 852 678 19385 37690 8585 6571 2873 9772 63682 11004 90587 101 50243 44305 28937
internal_value=-0.00906145 0.00917256 -0.0579126 -0.00277776 -0.0266524 0.0419583 -0.0460382 -0.0359112 0.00814877 0.0127641 0.00289697 0.0225387 -0.00551355 0.0184749 0.0472465 0.033427 0.066964 -0.0579936 -0.0349362 0.0255678 -0.0454155 -0.0118358 -0.00296035 0.0243757 -0.0252477 0.0658236 0.0790999 -0.0514715 -0.0825173 -0.0268939 -0.0491714 0.0829778 -0.0368362 0.0279542 0.0448711 0.0219598 -0.0412385 -0.0507334 -0.0249081 0.0374347 0.0216 -0.0370631 -0.0207981 -0.115179 0.0479704 0.0011901 0.0723955 -0.058695 -0.0678967 0.0485145 0.0659482 -0.0482609 -0.0841746 -0.10858 0.00895596 -0.029262 0.108709 -0.00138288 -0.00763161 -0.0335772 -0.0139856 0.0618236
internal_weight=13266.8 9660.8 3605.96 7080.12 1588.18 2580.68 1200.74 1755.82 5324.3 4794.03 3727.42 1597.55 651.611 1330.85 1066.61 387.441 1249.83 1033.71 535.496 646.011 497.693 2129.87 1636.03 734.789 901.237 438.125 391.367 579.388 2017.78 495.834 1355.27 810.371 296.664 167.022 151.57 321.849 493.844 449.591 320.97 439.463 85.5762 221.412 325.386 128.622 535.479 386.282 126.39 39.9299 698.405 343.723 262.283 343.035 147.147 119.002 400.544 656.867 85.9774 795.37 81.4404 530.274 314.851 259.729
internal_count=7148294 2544206 4604088 2299410 1373420 244796 1218953 1095339 1204071 919705 749057 118906 31899 154321 170648 154467 90475 1131607 434175 124064 416274 630151 529135 76860 452275 36479 23040 365872 3230668 24294 1026221 72732 40381 87346 76032 86403 101016 92184 67785 17743 14703 181670 121508 24399 57499 94333 45010 1436 700684 85031 57075 18501 9916 9444 69118 325537 20749 96822 27956 284366 94548 29731
is_linear=0
shrinkage=0.1


Tree=44
num_leaves=63
num_cat=0
split_feature=9 15 6 9 9 11 3 15 11 9 2 4 12 2 7 15 3 3 3 2 18 4 1 7 3 2 3 1 13 12 3 4 2 15 18 1 1 12 13 15 2 18 2 1 2 4 19 12 2 15 3 7 15 1 15 2 1 9 12 12 1 14
split_gain=1361.89 584.467 390.132 164.025 131.528 206.339 139.685 127.05 85.1173 258.523 84.9941 92.8023 82.7379 79.0325 93.1748 82.531 79.4838 76.6428 71.344 60.5859 56.7501 54.958 113.106 54.7968 152.324 149.734 53.2928 61.0652 50.1805 50.6141 44.3618 42.3341 40.6067 52.3253 43.4522 60.2651 56.3978 40.585 40.519 49.7452 44.0896 40.0395 39.8034 39.7283 53.4325 37.1242 36.755 36.2401 35.6121 33.8413 33.3696 32.6903 32.3882 36.5439 31.7464 50.3217 59.3084 31.5124 39.777 28.6241 28.4786 28.306
threshold=0.26201373338699346 4.5000000000000009 1.0000000180025095e-35 0.93933823704719555 0.13840996474027636 1.0000000180025095e-35 0.51087471842765819 22.500000000000004 1.0000000180025095e-35 0.048199767246842391 1.0000000180025095e-35 0.53747394680976879 11.53653144836426 0.93307995796203624 1.5000000000000002 21.500000000000004 0.4654348641633988 0.52565789222717296 0.51087471842765819 1.0000000180025095e-35 1.0000000180025095e-35 0.99484536051750194 0.90000000596046459 1.0000000180025095e-35 0.8019607961177827 0.75534760951995861 0.91847583651542675 0.30952382087707525 1.0000000180025095e-35 19.247373580932621 0.85270008444786083 0.36461389064788824 0.010588669683784248 18.500000000000004 7.5138094425201425 0.38750000298023229 0.90000000596046459 85.983661651611342 1.0000000180025095e-35 20.500000000000004 0.22341194003820422 1.0000000180025095e-35 0.0045078478287905463 0.46428571641445165 0.60422116518020641 0.77849927544593822 0.41666667163372045 35.598848342895515 0.094953596591949477 1.5000000000000002 0.21483516693115237 1.0000000180025095e-35 21.500000000000004 0.46428571641445165 17.500000000000004 0.36837221682071691 0.46428571641445165 0.11651583760976793 11.362485885620119 27.277399063110355 0.30952382087707525 0.42264753580093389
decision_type=2 2 2 2 2 2 2 2 2 2 2 2 2 2 2 2 2 2 2 2 2 2 2 2 2 2 2 2 2 2 2 2 2 2 2 2 2 2 2 2 2 2 2 2 2 2 2 2 2 2 2 2 2 2 2 2 2 2 2 2 2 2
left_child=1 8 3 7 5 -3 -6 13 9 -1 11 17 -12 14 16 18 52 -8 38 -17 -20 22 -4 24 31 30 27 -26 57 41 37 -18 -33 34 59 -36 -37 61 -16 40 -40 -30 -41 -7 51 -27 54 -22 -5 -47 -9 -45 53 -2 55 56 -14 -11 -59 -34 -43 -25
right_child=2 4 21 48 6 43 10 50 -10 28 12 -13 46 -15 15 19 23 -19 20 -21 47 -23 -24 25 26 45 -28 -29 29 -31 -32 32 33 -35 35 36 -38 -39 39 42 -42 60 -44 44 -46 49 -48 -49 -50 -51 -52 -53 -54 -55 -56 -57 -58 58 -60 -61 -62 -63
leaf_value=-0.093694996985205725 -0.074052372317269549 -0.09571560392189607 0.066932233439312636 0.029744696597484899 -0.076373541956939239 -0.060804470339316456 -0.10005776016834811 0.014194629987780819 0.0099189609630864119 -0.062803045103664842 0.12614311571211445 0.408593427583406 0.0220143118702745 0.057406154307255902 -0.057448496750286571 0.10870480196274046 0.16446992132354316 4.1689991146512959 0.088284070316991481 -0.082319994437826796 0.055018222947219253 0.097848545919499041 -0.10731343168904367 -0.0099910193538263956 0.055556010727155859 0.057053353870530447 0.073852984238577418 -0.098189883872680295 0.11819414022508018 -0.014360533411829753 0.044017822301463144 0.14837624443960837 0.084961191536191902 -0.045963322376520115 -0.19059266610122361 0.055525226163549393 -0.061400358546413875 -0.14174307914689552 -0.04390138673228388 0.13662760162638893 0.064965943199629478 -0.062220957690837388 -0.087541762624383401 0.12134496251983709 -0.025537141872076466 0.00013711597882038934 0.30281028872221666 -0.012325075036084931 0.099088512562474196 0.070605831275107653 -0.067657419647753847 -0.0049492907941707451 0.0046756033934357488 0.053383098246323604 -0.073495026607963698 -0.041106230764868655 0.29936360952718222 0.081792098365772684 -0.022659365494351161 0.035839870433114096 0.03434996612715293 -0.058369272875936719
leaf_weight=403.36826527689118 240.0392038570717 1985.2069377680891 491.58866701694205 105.44471401069313 482.55026859563077 139.50686487427447 0.060023653670213117 61.330600712331943 1324.4595708639827 162.75048348784912 45.755692290549632 0.60519081758684479 153.01653018430807 357.86884033773094 131.00006649753777 184.61147517879726 24.334653427358717 0.14047228801064193 189.81205215875525 18.244014295982197 150.66588720097207 601.69050999125466 40.307413809001446 174.85587939439574 30.603738854813855 205.96313342545182 27.737465908750892 165.74441913049668 53.454549600195605 342.94757182738977 53.748713621404022 28.856750095786992 141.66619916784111 87.697961165104061 16.684005579911172 102.55013192456681 69.013002675026655 45.369942675810307 131.0103871471365 44.14057914330624 51.951062361942604 33.564433052262757 9.652931471122427 50.820709671534132 182.20784892264055 580.82448105420917 3.6000229685159857 170.15820373297902 248.81917369784787 77.20683366060257 265.08683191417367 34.346695667365566 100.05726617493201 24.830423539038748 83.044581625290448 178.3964234511659 8.1192401387961564 42.178725128644146 268.84865760750836 729.50907652609749 338.5489765509119 392.24569036212051
leaf_count=745911 84238 4472083 30494 2379 727712 154476 120 12988 38779 108756 5625 33 22721 17352 38116 13648 1087 95 6954 6859 3898 70122 598 10032 983 4517 684 2042 8612 16085 1378 1815 2326 20399 382 1760 924 1402 14838 3315 1123 14711 2716 5443 10194 12097 157 6845 19312 1471 163815 10287 30204 386 99710 28510 740 2165 12934 18171 25072 25779
internal_value=-0.00808676 -0.0412414 0.0237795 0.0126576 -0.0698926 -0.0824192 -0.0385252 0.00807406 -0.00895107 -0.024138 0.000108686 1.02633 -0.00164329 0.0122139 0.0085389 0.0340342 0.00023451 2.89095 0.0207574 0.0915248 0.044943 0.0771464 0.0537278 0.00567269 0.0197879 -0.00746645 -0.055897 -0.0742263 -0.00155313 0.0142272 -0.0430894 0.0339175 0.031216 0.0282687 0.0344136 -0.00915367 0.00849073 -0.0507337 -0.012825 0.0118659 -0.012989 0.0372649 0.0964017 -0.0175453 0.00502581 0.0200022 -0.0153628 0.0193008 0.0784487 0.00840521 -0.0522782 0.0704124 -0.0437954 -0.0621058 -0.0180734 -0.00451812 0.0359893 -0.0271504 -0.0084946 0.0438277 0.0256393 -0.0434527
internal_weight=12890.4 6317.5 6572.92 5439.34 3347.38 2392.09 955.288 5085.07 2970.12 1645.66 472.738 0.805687 471.932 4758.65 4400.79 1081.25 3319.54 0.200496 878.391 202.855 510.636 1133.59 531.896 2954.61 1424.4 1530.21 224.086 196.348 1242.29 768.516 666.22 1200.31 1175.98 1147.12 1059.42 188.247 171.563 612.472 367.755 236.755 182.961 425.568 53.7935 406.882 267.375 863.994 426.177 320.824 354.264 658.031 326.417 85.1674 364.927 264.87 422.577 339.532 161.136 473.778 311.027 871.175 372.113 567.102
internal_count=7148380 6510931 637449 536235 5537906 4652483 885423 514544 973025 934246 157711 248 157463 337741 320389 98312 222077 215 77805 20507 17697 101214 31092 107249 50573 56676 3709 3025 188335 64480 38591 46864 45777 43962 23563 3066 2684 37213 60108 21992 15961 48395 6031 180400 25924 18085 151838 10743 21691 13568 176803 15730 114828 84624 151681 51971 23461 123855 15099 20497 39783 35811
is_linear=0
shrinkage=0.1


Tree=45
num_leaves=63
num_cat=0
split_feature=9 3 9 4 9 11 9 12 13 9 0 0 12 14 18 2 0 3 2 5 12 14 12 18 5 12 18 5 1 7 7 3 8 3 2 0 3 2 12 4 5 2 1 0 4 18 12 2 0 4 12 3 2 7 4 18 3 3 17 18 4 5
split_gain=1175.8 504.028 252.109 229.341 153.708 391.838 120.893 116.547 107.801 91.8219 90.0712 88.0152 87.004 82.888 55.4207 53.4054 49.0868 48.851 57.5155 62.2693 47.9081 47.7278 47.3337 45.2815 45.2133 49.1266 52.6018 43.0513 51.0846 72.0243 120.133 62.8905 50.96 44.6699 41.2726 38.0609 41.7126 36.2367 35.572 34.1689 33.8226 39.8539 40.0969 33.4133 32.4954 38.3937 31.3874 31.1997 34.3131 36.6206 31.0559 31.0378 46.2277 48.5251 30.7442 29.902 28.616 43.2521 28.3839 27.8885 27.5161 26.7394
threshold=0.43874999880790716 0.61938297748565685 0.1863425895571709 0.92031747102737438 0.11651583760976793 1.0000000180025095e-35 0.87867647409439098 33.20094299316407 1.0000000180025095e-35 0.050641026347875602 0.12916667014360431 0.48076923191547399 24.783481597900394 0.98837208747863781 4.1439111232757577 0.93307995796203624 0.6904762089252473 0.91847583651542675 0.57426643371582042 0.81530213356018078 5.3291354179382333 0.47722567617893225 17.677288055419925 6.5910098552703866 0.76253134012222301 12.046047210693361 6.5126390457153329 0.95101958513259899 0.90000000596046459 1.0000000180025095e-35 1.5000000000000002 0.4246212244033814 0.75000000000000011 0.84660634398460399 0.12562644481658938 0.069047622382640853 0.50820556282997142 0.67178922891616832 110.45745086669923 0.6926884949207307 0.95488464832305919 0.90892314910888683 0.90000000596046459 0.48076923191547399 0.81754159927368175 4.5899100303649911 38.476963043212898 0.88285672664642345 0.73214286565780651 0.91010102629661571 24.187274932861332 0.72255688905715953 0.1531234607100487 1.5000000000000002 0.8589511811733247 7.5138094425201425 0.67962265014648449 0.89512962102890026 73.500000000000014 5.8790318965911874 0.78830561041831981 0.57735043764114391
decision_type=2 2 2 2 2 2 2 2 2 2 2 2 2 2 2 2 2 2 2 2 2 2 2 2 2 2 2 2 2 2 2 2 2 2 2 2 2 2 2 2 2 2 2 2 2 2 2 2 2 2 2 2 2 2 2 2 2 2 2 2 2 2
left_child=1 2 11 6 5 9 7 50 43 -3 22 -1 -10 14 -12 16 27 18 19 59 -11 -22 -6 38 25 -13 -27 28 29 31 33 -9 -33 -31 -8 36 -32 -30 -18 -39 41 54 -43 -4 45 -34 -14 48 -42 60 -2 52 53 -24 -20 -26 -47 -58 -7 -16 -50 -54
right_child=3 4 8 -5 10 58 34 15 12 20 13 24 46 -15 17 -17 23 -19 40 -21 21 -23 51 -25 55 26 -28 -29 37 30 35 32 44 -35 -36 -37 -38 39 -40 -41 47 42 -44 -45 -46 56 -48 -49 49 -51 -52 -53 61 -55 -56 -57 57 -59 -60 -61 -62 -63
leaf_value=-0.091402813231429694 0.084541288219032229 -0.095447062946438399 -0.067067240510933962 0.087766285086295914 0.12453854632139956 0.023648676297562038 0.027103271678843684 -0.081350146628712316 0.040762380552863416 0.10917082515372678 -0.033420895859481423 0.11736808261181504 -0.0066762948334262457 -0.066455032013935988 -0.058830814181339265 0.06503671473748579 -0.074020301066495084 0.052669834540385499 -0.03321802565346911 0.11946021736713111 -0.065385697383383234 0.015551923910520252 0.031515980805997261 -0.0028338380199677193 -0.049128271969072136 0.25616732440823081 2.3758870537499179 0.044368736929050079 0.02856101677989506 -0.064199066372782429 0.017611734520375465 0.052101859510672199 -0.0023226355891265114 0.06022443422217319 0.093778065491055468 -0.046806561260492804 0.096597148728644736 -0.209733849990827 -0.32557260496540846 -0.052983176137129995 0.02096861341506627 0.042910971891632545 -0.31160526308179692 0.038913224370130152 0.048346027149822168 0.0062257715317882286 -0.054570558996246181 0.041786427327717944 0.028842992269116477 0.06784257745537578 0.039175761197287343 0.074258419706583603 0.039746496840090489 0.23857428022394453 0.043660863368175096 0.091802396521920931 -0.30610520904443844 0.11065110731606372 -0.0046684246212076305 0.042164359622548525 -0.092769808585191252 -0.075334299805339622
leaf_weight=1705.8313201877463 209.19944894395303 680.46925185871078 563.45499361248221 680.74718681536615 69.435066097852541 555.17703315339168 133.31904636556283 45.270457075093873 271.35180403594859 21.919702396524372 298.91600324961473 15.630585043749306 301.80775791383348 175.88789788068971 41.877695152390515 146.66582334972918 101.25011418573558 265.01005547796376 332.43198754257173 83.451502377574798 263.9717752088327 100.63141940542846 144.90698177489685 149.58859080728143 109.80898898950545 0.27970504030236121 0.20133958739461377 280.65231776423752 51.030433769337833 337.88512739620637 274.69436879758723 544.68813269294333 30.835211981029715 31.548414628952742 305.77900014305487 63.990271682327148 88.370672267104965 15.441810579970477 5.9519464652985326 139.84898514207453 176.58194617644767 4.8255082529503825 9.4150262915063649 31.406847502861638 33.355818897252902 6.7007908225059536 250.32222390765673 204.23706746567041 23.258591749588959 23.745875267661177 541.49653523240704 131.33752182606258 28.960015161515912 12.277231687970923 61.666753526078537 17.447389018314425 14.838903639465572 2.9924347139894953 976.7364548171754 78.769776239845669 92.986302370729391 66.675137996324338
leaf_count=3815525 7261 1559513 524979 78345 2082 22148 3692 7358 113376 7881 82143 9201 100468 21056 5605 7589 1313 13331 11306 4238 275905 51718 2619 2764 76359 204 26 7891 860 21864 15961 17276 1422 1053 24755 2721 3466 192 67 2073 3099 113 131 669 1965 80 113009 4511 248 1150 21293 2332 772 172 1484 4262 245 87 78152 4967 900 1576
internal_value=-0.00818307 -0.030299 -0.0607514 0.0345914 -0.0100974 -0.0268118 0.02441 0.0174882 -0.0290349 -0.0733377 0.00857278 -0.085078 -0.00560332 -0.00110964 0.00566248 0.00659407 0.00273117 0.0140176 0.00497881 0.0530464 -0.0344145 -0.0430467 0.0485553 -0.0383825 -0.00982416 0.148001 1.14337 0.00811181 0.00206029 0.0085788 -0.011818 0.0325161 0.0406542 -0.0535737 0.0735342 0.0243037 0.0368369 -0.0445462 -0.0879867 -0.0685702 -0.00557983 -0.027127 -0.191475 -0.0614718 -0.0296251 -0.0765984 -0.0283904 0.0113142 -0.00834505 -0.0453208 0.051818 0.0348216 0.0143345 0.0476887 -0.0211884 -0.0298061 -0.169958 -0.236166 0.00559391 0.00710813 -0.0684372 -0.0404858
internal_weight=12429.2 8193.1 3267.54 4236.14 4925.56 2598.91 3555.39 3116.3 1418.34 1066.99 2326.65 1849.2 823.482 1873.06 1697.17 2365.6 2218.93 1398.26 1133.25 204.099 386.523 364.603 453.592 256.791 143.368 16.1116 0.481045 1962.14 1681.49 1475.17 796.489 678.682 633.411 369.434 439.098 427.055 363.065 206.321 107.202 155.291 929.149 408.339 14.2405 594.862 88.7232 55.3673 552.13 520.81 316.573 139.991 750.696 384.157 252.819 157.184 394.099 127.256 24.5321 17.8313 1531.91 120.647 116.245 95.6352
internal_count=7148823 6917230 4758078 231593 2159152 1995317 153248 124801 852501 1895017 163835 3905577 326853 154282 133226 96247 88658 51083 37752 14810 335504 327623 9553 4144 90052 9431 230 84514 76623 73498 45065 28433 21075 22917 28447 22148 19427 3125 1380 2265 22942 13034 244 525648 3799 1834 213477 9908 5397 2298 28554 7471 5139 2791 12790 80621 412 332 100300 10572 1148 2348
is_linear=0
shrinkage=0.1


Tree=46
num_leaves=63
num_cat=0
split_feature=16 12 14 4 12 3 17 14 12 1 3 16 12 16 18 16 3 8 15 1 7 7 2 5 2 2 4 15 6 7 3 18 18 8 2 7 2 8 5 3 5 3 15 8 15 2 4 7 7 16 18 2 16 18 17 5 2 2 1 16 4 3
split_gain=802.82 360.793 416.908 258.307 167.362 167.121 93.6397 85.7519 83.6663 80.3499 74.7288 64.1171 62.626 53.4686 50.7683 50.4937 45.8871 50.2858 45.8646 47.3924 73.8256 144.33 69.0805 64.2842 82.434 79.8789 72.5274 57.4973 42.018 52.5221 37.5969 37.4329 56.2727 36.9365 50.491 38.5405 36.1092 35.2537 34.7048 34.0331 37.1199 33.9711 33.7284 39.5918 35.5114 31.3282 58.7802 50.2007 30.8772 35.0413 30.6419 33.5639 61.6669 35.8541 29.1804 28.9747 28.8791 28.8366 46.6267 28.6719 28.625 49.8085
threshold=-0.37704564630985254 8.3782887458801287 1.0000000180025095e-35 0.99484536051750194 1.0000000180025095e-35 0.24068965017795566 162.50000000000003 0.45773810148239141 17.390725135803226 0.46428571641445165 0.65733855962753307 0.20255462080240252 6.2920234203338632 -0.6802665889263152 4.4171528816223153 -0.7690114676952361 0.91476997733116161 0.75000000000000011 23.500000000000004 0.77500000596046459 1.0000000180025095e-35 1.5000000000000002 0.7189350724220277 0.96051946282386791 0.84012389183044445 0.85990032553672802 0.77849927544593822 18.500000000000004 1.0000000180025095e-35 1.5000000000000002 0.72046512365341198 1.7213028669357302 4.1439111232757577 1.0000000180025095e-35 1.0000000180025095e-35 2.5000000000000004 0.54297888278961193 1.0000000180025095e-35 0.9740215837955476 0.84660634398460399 0.24440020322799685 0.61938297748565685 19.500000000000004 1.0000000180025095e-35 22.500000000000004 0.76717239618301403 0.88047617673873912 1.5000000000000002 1.5000000000000002 0.12352748587727548 7.9123563766479501 0.20314723253250125 -0.2285974323749542 3.4002784490585332 573.50000000000011 0.93127068877220165 0.40568913519382482 0.63153737783432018 0.26785714924335485 -0.017761963419616219 0.6926884949207307 0.77003204822540294
decision_type=2 2 2 2 2 2 2 2 2 2 2 2 2 2 2 2 2 2 2 2 2 2 2 2 2 2 2 2 2 2 2 2 2 2 2 2 2 2 2 2 2 2 2 2 2 2 2 2 2 2 2 2 2 2 2 2 2 2 2 2 2 2
left_child=5 2 11 6 -4 15 16 12 -7 13 54 57 -6 -10 -5 -1 17 18 19 20 27 22 39 24 36 26 48 38 29 55 56 -12 -33 35 -35 -15 -21 -29 -3 40 -22 50 -17 44 -44 46 47 -28 -25 -50 51 52 -23 -53 -8 -19 -11 58 -2 -47 -38 -62
right_child=1 3 4 14 7 8 10 -9 9 30 31 -13 -14 33 -16 42 -18 28 -20 23 21 41 -24 25 -26 -27 45 37 -30 -31 -32 32 -34 34 -36 -37 60 -39 -40 -41 -42 -43 43 -45 -46 59 -48 -49 49 -51 -52 53 -54 -55 -56 -57 -58 -59 -60 -61 61 -63
leaf_value=-0.08167592370897106 -0.058954104005178858 0.051994519711978882 -0.097638493317188393 0.015787183563448614 0.060020802464889215 -0.094059123019378313 -0.026501723261949141 0.066620077917775897 -0.096218448367451345 0.11276265286897869 0.062978619464180971 0.08319998185277 -0.065293859897081502 -0.06823821548192735 0.087043854572374388 -0.05506286775521832 0.050305773802628677 -0.086327123510072531 -0.063334255252784216 0.10446073358051174 0.079211350580719722 0.042111882013035479 0.039292672782362953 0.048277561490988698 -0.097085378602072059 0.042123471362551734 -0.19858351912340841 -0.035579455090831526 0.036590853692291439 0.060094944442389588 -0.10983652315448034 -0.065913875082193318 0.012397591942665036 0.14292331582758505 -0.029208248949493282 0.0078267041705498575 -0.075375855725072438 0.16049748830449798 -0.19739808217066479 0.069379526506305883 -0.046210022589277366 0.067381396278578296 0.066439652512095007 0.17773170480595732 -0.036502961408045424 0.10978469499960918 0.021184965264599356 -0.69907653460374819 0.015363620854902447 -0.18854647636460725 -0.0532346213796413 0.11007121764003536 -0.057811490461069905 0.011506753565657689 -0.076822711183592601 -0.022187550437868492 -0.01436715457964742 -0.0058121354855651449 0.042416038320810361 -0.054317754087160733 0.044156027766875161 -0.053977343860551974
leaf_weight=46.72695768380072 53.616255727189127 1140.2518940247246 789.67063906963449 121.16179302358069 48.045786025904818 959.46339637518395 425.55138871615054 93.1880291714333 290.41609664875432 47.967989512631902 105.2915395439195 102.41144232917577 234.63150365155889 369.03312289362657 572.10832887204015 35.9446383464674 372.1504523762851 133.55360136355739 69.657616690674331 29.485538997076219 24.659740899805911 214.01196095533669 155.84018751743133 144.62485444490449 125.61744570577866 550.02688038305496 18.358022419910416 116.84950614336412 105.05409393290756 48.544364319473971 14.577179090469143 111.43170446064323 519.73519423621474 23.21387556171976 64.083609105524374 81.283185317617608 56.530794518912444 9.9504735092341416 5.6072849291376761 29.475081270851661 547.72816992818844 300.93753623167868 104.49175993760582 21.693926125764847 49.330333352671005 11.484718273975885 12.566608559485756 2.2496630615787572 25.027457530173706 12.706169299781321 45.654707159934333 92.388646742911078 86.815609710844001 61.455452953407075 158.03162216028431 149.01874334650347 28.476165288680932 1206.1577022847778 295.19459208115586 145.96300828398671 128.29698611560161 86.655592552895541
leaf_count=89697 26878 77231 2071889 7574 40052 2620493 136759 37432 583265 4552 8851 5638 280865 290658 69302 19504 28605 26882 27758 1490 2513 23192 7867 3805 2322 22870 441 23551 7271 5798 2855 47641 43469 4922 31065 37408 2154 539 132 2432 106980 21002 25170 5561 35949 424 268 96 1196 353 9499 13751 14150 13427 95471 6439 4408 31972 26955 2750 3068 1989
internal_value=-0.00744771 0.00455537 -0.0256685 0.0166189 -0.0714953 -0.063036 0.0103188 -0.0165699 -0.0734042 -0.051841 -0.0134 0.00655876 -0.0439945 -0.0616443 0.0745904 0.0124007 0.0165075 0.0138239 0.0171418 0.0184825 0.0258325 0.0112435 -0.0200459 0.00306125 -0.0290421 0.0178984 -0.0178257 0.0437034 -0.0185119 -0.0359945 0.0373404 0.00778005 -0.0014282 -0.0429676 0.0165644 -0.0545083 -0.000642357 -0.0201926 0.0507741 -0.0354104 -0.0408066 0.040832 0.033189 0.0512625 0.0334262 -0.0609562 -0.149274 -0.25322 0.0272592 -0.0532997 0.0248629 0.0327049 0.0132751 0.0706981 -0.0401284 -0.0525022 0.0654056 0.00151111 0.0268343 -0.0423476 -0.0120575 0.00459472
internal_weight=12032.1 9895.43 2822.92 7072.51 1165.54 2136.7 6379.24 375.865 1878.51 919.051 1320.04 1657.38 282.677 828.03 693.27 258.188 5059.2 4687.05 4250.88 4181.22 2831.63 1558.97 757.703 1349.59 426.586 923.007 372.981 1272.66 436.171 331.117 91.0213 736.458 631.167 537.614 87.2975 450.316 300.969 126.8 1145.86 601.863 572.388 801.264 211.461 175.516 153.822 190.622 33.1743 20.6077 182.358 37.7336 500.326 454.672 300.828 153.844 583.583 282.572 76.4442 1554.97 348.811 157.448 271.483 214.953
internal_count=7148500 3392993 2521681 871312 2430238 3755507 794436 358349 3579626 959133 332191 91443 320917 947318 76876 175881 462245 433640 387250 359492 316266 214813 119792 43226 11023 32203 9333 101453 46390 39119 11815 99961 91110 364053 35987 328066 8701 24090 77363 111925 109493 95021 86184 66680 61119 3979 805 537 5354 1549 74019 64520 37342 27178 232230 33321 8960 85805 53833 3174 7211 5057
is_linear=0
shrinkage=0.1


Tree=47
num_leaves=63
num_cat=0
split_feature=9 3 9 4 17 9 1 13 12 9 11 9 12 12 2 5 14 12 9 7 14 14 9 2 12 2 12 5 15 3 15 2 4 1 13 14 12 17 2 12 12 5 19 1 9 7 4 1 12 7 2 9 3 5 14 17 17 15 15 5 17 15
split_gain=915.719 402.526 229.529 211.277 114.149 105.534 103.825 94.234 91.5933 81.3209 161.473 67.5544 56.6097 52.7622 45.5856 43.3027 39.1707 38.2665 45.447 44.1412 37.9176 39.6617 36.0454 35.6494 34.2718 32.6269 39.401 32.1272 30.6639 30.0781 29.5032 29.337 59.0323 28.8739 49.5023 28.3437 27.9909 49.4277 27.1418 29.9014 26.6904 26.0753 24.9715 24.867 30.9725 30.416 27.192 24.7908 22.462 21.9329 21.5315 21.5126 28.793 40.4087 32.5762 81.3662 21.8352 22.2949 34.8674 56.5981 27.6255 20.934
threshold=0.43874999880790716 0.61610352993011486 0.20942982286214831 0.9256495237350465 84.500000000000014 0.90238094329833995 0.46428571641445165 1.0000000180025095e-35 34.086711883544929 0.13840996474027636 1.0000000180025095e-35 0.048199767246842391 36.011583328247077 10.030400276184084 0.95631209015846264 0.52976614236831676 0.085144929587841048 75.145599365234389 0.71825397014617931 1.0000000180025095e-35 0.97056278586387645 0.74352160096168529 0.15268065780401233 0.11543677747249605 6.692434787750245 0.44934692978858953 20.932093620300297 0.79772728681564342 23.500000000000004 0.88273492455482494 16.500000000000004 0.37283177673816686 0.71834936738014232 0.73214286565780651 1.0000000180025095e-35 0.41763564944267279 6.5464985370635995 117.50000000000001 0.34985885024070745 37.42181587219239 22.918395996093754 0.68457102775573742 0.83333334326744091 0.41428571939468389 0.4220647811889649 1.5000000000000002 0.42644809186458593 0.90000000596046459 14.960259914398195 1.5000000000000002 0.49489204585552221 0.11651583760976793 0.50944742560386669 0.36758151650428778 0.30151516199111944 120.50000000000001 42.500000000000007 17.500000000000004 13.500000000000002 0.598850578069687 34.500000000000007 16.500000000000004
decision_type=2 2 2 2 2 2 2 2 2 2 2 2 2 2 2 2 2 2 2 2 2 2 2 2 2 2 2 2 2 2 2 2 2 2 2 2 2 2 2 2 2 2 2 2 2 2 2 2 2 2 2 2 2 2 2 2 2 2 2 2 2 2
left_child=1 2 6 5 15 8 51 30 40 10 11 -6 20 -11 17 -3 -8 18 33 -19 21 28 -18 -7 36 26 27 41 48 38 -4 32 -15 34 -10 -33 -13 -38 -17 43 -2 47 -26 45 46 -40 -45 -24 -9 -42 -31 -1 -53 54 55 -54 57 58 -55 -60 -61 -14
right_child=3 4 7 -5 9 23 16 12 14 13 -12 24 61 31 -16 29 22 19 -20 -21 -22 -23 25 -25 42 -27 -28 -29 -30 50 -32 35 -34 -35 -36 -37 37 -39 39 -41 49 -43 -44 44 -46 -47 -48 -49 -50 -51 -52 52 53 56 -56 -57 -58 -59 59 60 -62 -63
leaf_value=-0.097580491812937459 0.081425361916826033 0.1091313792479431 -0.023682960525017907 0.088605257172778229 -0.097729850187041029 0.028114772911041808 0.025606624955612368 0.093130441699312339 -0.026689400697039442 0.090913686687803225 -0.0075109743429697161 0.05753202615199602 -0.0011294221384328205 -0.0038277097125235327 0.076982844009872986 0.032274013396014746 -0.082356197081791593 0.013966317225021381 0.041886111210362745 -0.049408802511808354 -0.04592877555454962 0.09853931439944856 0.057754710090260314 0.094662660379156813 -0.05138093951894257 -0.0022390513291162526 -0.049697127529044344 0.0090481484333869329 -0.092585532845966545 0.15898071336622152 -0.075895675679043817 0.0062202039969221114 0.11466952548367655 -0.020082854320846496 0.024582749117573348 -0.031055637515389357 1.5029140744422942 -0.052350304946345454 -0.044786170718963896 -0.069567893779570567 0.025950791921918376 1.2310528077753207 0.11446485555941432 0.66709104368972583 -0.056561849355025839 0.048633102181024394 0.010313423021977287 1.049524587276699 0.014702881055521207 0.07047330837456639 0.022575153669636135 -0.086088331329272669 0.29043226118589999 0.067331802175816219 0.23127285722909094 3.5482212706099006 -0.044482497742231147 -0.10197092225107235 0.36750586973346167 0.74365859319248884 2.717092525163018 -0.059927343462961337
leaf_weight=1085.5399265454325 167.04217467427952 41.95226565253688 165.82745249132859 562.31488293409348 421.10136804674403 118.99935414502397 106.32810049163527 42.65336216869764 253.57928070129128 57.657202447793679 847.91536242951406 23.306570872868182 96.451277962536551 178.15672748064389 87.963182088918984 202.74940567457816 107.10423529904801 191.21216420194833 360.54513137531467 258.45092727630981 73.060525704640895 73.901463594520465 0.62535000761272674 248.80043507600203 286.95554917874688 25.261513718462083 1.9473568765097296 0.77585147833451618 23.543129016528837 11.805870892305391 311.53806144933333 343.33871690946398 55.025943469488993 414.19366193003953 731.53804802504601 502.5876395906962 0.37270728414296073 0.45235902353306301 222.28966844922979 72.437734697014093 472.89797855232609 0.74606445961398993 9.3755782650259771 0.63089080830104549 74.669553849846125 41.332472727866843 782.69666794246587 0.42220391327282414 253.89075033029076 144.4422246516915 584.28941628886969 268.37061087792972 0.25496671578730401 2.343989664164837 1.7563306580123024 0.10962921066675335 85.630420588364359 2.1471016548457555 1.0915520974958779 0.11824754293775175 0.17729078212869354 162.68513003422413
leaf_count=3173168 6333 9044 20176 76917 1194531 3229 12267 14767 26620 1950 73079 14880 6487 44617 5295 76286 233364 6880 12689 8780 32563 12797 351 23356 283392 2155 872 59 27949 1649 400345 13266 3055 8100 28172 21926 142 681 232871 1779 18584 91 306 230 1251 29679 124721 29 59784 6677 61777 538800 100 681 451 95 78921 2908 350 57 73 106427
internal_value=-0.00693254 -0.0272136 -0.0566236 0.0317664 -0.00933504 0.0225013 -0.0803832 -0.023246 0.016459 -0.0227123 -0.0373181 -0.0714 -0.000559229 -0.00228969 0.00638587 0.00858742 -0.0199277 0.00357533 0.0102275 -0.0224595 0.0202379 0.0325078 -0.0552981 0.0731315 -0.0368016 0.0420223 0.289565 0.546687 0.0172625 0.00647089 -0.057758 -0.00726959 0.024135 0.00207041 0.0113848 -0.0159264 0.0777958 0.650209 -0.00155461 -0.00729866 0.0459634 0.779249 -0.0461338 -0.00327712 0.00497635 -0.0301393 0.0108424 0.457476 0.0259835 0.036368 0.0252767 -0.0905407 -0.0694301 -0.0216827 0.409835 1.27001 -0.0316841 0.154756 0.302494 0.699884 1.9275 -0.0380426
internal_weight=11667.4 7655.4 2894.3 4011.98 4761.1 3449.66 1690.75 1203.55 3081.86 2726.25 1589.48 741.564 726.186 1136.77 2297.48 2034.85 243.211 2209.52 1759.86 449.663 467.049 393.989 136.883 367.8 320.463 29.7783 4.51683 2.56947 320.087 1992.9 477.366 1079.11 233.183 1399.31 985.117 845.926 24.1316 0.825066 1396.81 1194.06 784.382 1.79362 296.331 1121.62 857.997 263.622 783.328 1.04755 296.544 617.34 596.095 1447.54 362 93.6295 2.12093 0.364596 91.5086 5.87818 3.73108 1.38709 0.295538 259.136
internal_count=7148831 6917199 4726087 231632 2191112 154715 4044792 681295 128130 1651825 1567011 1493932 260774 84814 96536 539287 249188 91241 75581 15660 147860 115297 236921 26585 299401 3557 1402 530 102500 530243 420521 82864 47672 62892 54792 35192 15703 823 466817 390531 31594 471 283698 388752 126202 262550 124951 380 74551 25261 63426 3795604 622436 83636 646 195 82990 4069 1161 480 130 112914
is_linear=0
shrinkage=0.1


Tree=48
num_leaves=63
num_cat=0
split_feature=9 16 0 9 16 17 12 9 16 19 9 12 9 2 3 2 3 11 12 14 9 1 11 9 12 13 2 1 2 9 13 12 4 14 3 16 3 16 0 18 1 14 0 3 0 4 4 18 18 9 11 0 2 3 4 4 2 0 17 18 3 14
split_gain=753.605 590.375 291.341 147.933 119.77 119.255 74.5192 74.2713 105.339 63.811 62.6634 62.7164 50.2528 48.7185 47.0633 53.9811 46.7597 40.9408 40.6163 37.6305 36.9975 37.5516 36.2134 150.621 57.7822 35.6861 35.5463 35.1552 40.0261 32.7652 32.0843 33.872 31.9969 40.9427 75.0635 34.4541 31.8753 31.6523 27.5427 27.7769 27.1196 26.6922 26.2193 34.7538 60.3461 32.8423 25.8978 24.681 54.0379 24.3937 24.9892 24.2896 23.8352 41.8862 23.8186 23.7329 22.5516 44.2401 23.1723 22.2229 24.1544 21.8406
threshold=0.26201373338699346 -0.17747497558593747 0.93750000000000011 0.86811593174934398 -0.76179736852645863 232.50000000000003 54.435443878173835 0.1490740776062012 -0.44769965112209315 1.0000000180025095e-35 0.69397994875907909 24.187274932861332 0.3964285701513291 0.11543677747249605 0.55612829327583324 0.17807604372501376 0.65345367789268505 1.0000000180025095e-35 35.598848342895515 0.97056278586387645 0.43874999880790716 0.73214286565780651 1.0000000180025095e-35 0.04446640424430371 6.692434787750245 1.0000000180025095e-35 0.88285672664642345 0.46428571641445165 0.5352667272090913 0.61721614003181469 1.0000000180025095e-35 18.109066963195804 0.2674796879291535 0.15587044507265094 0.1768428906798363 -0.37385337054729456 0.47673159837722784 0.20255462080240252 0.48076923191547399 9.5453295707702654 0.63333335518836986 0.91779279708862316 0.73214286565780651 0.64326766133308422 0.20714285969734195 0.8841681480407716 0.65142410993576061 6.4674339294433603 6.5031580924987802 0.13100686669349673 1.0000000180025095e-35 0.81666666269302379 0.42849364876747137 0.71503761410713207 0.32305502891540533 0.40212766826152807 0.55096364021301281 0.48076923191547399 46.500000000000007 4.0283389091491708 0.88047617673873912 0.46737588942050939
decision_type=2 2 2 2 2 2 2 2 2 2 2 2 2 2 2 2 2 2 2 2 2 2 2 2 2 2 2 2 2 2 2 2 2 2 2 2 2 2 2 2 2 2 2 2 2 2 2 2 2 2 2 2 2 2 2 2 2 2 2 2 2 2
left_child=1 7 3 4 -2 9 10 17 -9 14 11 20 -8 -5 49 47 -7 -1 25 29 21 -6 23 -17 -25 -10 42 -19 38 41 -26 52 33 34 -27 -36 -34 40 39 -29 59 61 43 -14 -45 -44 -46 -16 -49 50 -3 -47 53 -32 -41 -33 57 -38 -59 60 -24 -13
right_child=2 5 -4 13 6 16 12 8 18 -11 -12 19 26 -15 15 22 -18 27 -20 -21 -22 -23 37 24 30 32 -28 28 -30 -31 31 55 36 -35 35 -37 56 -39 -40 54 -42 -43 45 44 46 51 -48 48 -50 -51 -52 -53 -54 -55 -56 -57 -58 58 -60 -61 -62 -63
leaf_value=-0.097275182388430831 -0.090697583281430808 -0.093190660052270294 0.097014242069856427 0.017777500210109234 0.043036185217816478 -0.084151992938065384 -0.078564645124608479 -0.094232625371574452 -0.03480230232992302 0.058248252352638821 0.051540564866041687 0.016937257105808786 -0.026398786548742476 0.090463511009983177 0.08299723116230652 -0.094132032422019757 -0.027242236891026839 -0.083491178521600817 -0.076704210931975381 -0.014904554505157989 0.076743803490812557 -0.013469153155213126 -0.092607879604963236 0.11589437470070363 -0.027801620507197762 3.1883791535056929 0.047260377505492474 -0.059907584843282569 -0.063429918808794741 0.045727768336661041 -0.0021594805373963189 0.39383102741096843 -0.061084300689931328 0.1436654760917988 1.5932950153408934 -0.10029529592047526 0.049502690965407492 0.076419069535707818 0.19841355578985542 1.0806704130782354 -0.0040531798331463189 0.093682941098309769 -0.1152845028185267 0.072819658664518172 -0.1092976157032481 0.045785579382406787 -0.0017099417614948231 2.2069544638149874 0.22302476231265791 0.00063121368600853886 0.0045444479943093398 -0.28293284956039638 0.025005126627214398 0.23133856584714155 0.18253813814795111 -0.013636122598052898 -0.041162058362331111 0.82901935440080043 0.22955965054722316 0.041091037102488764 0.032629886127797283 -0.0062841684669662258
leaf_weight=1176.8062502815592 120.47126733150799 116.63107248398592 441.93521017674357 132.23891763039865 368.17677957096021 234.43357434353675 103.22016065608477 252.97332551988075 89.298556151246885 173.72148554926389 461.30711819918361 804.61654473343515 440.9635457257973 304.65558214159682 63.269920792372432 201.18434841540875 375.84055883737165 78.418871339061297 62.926792161597405 697.502715571929 185.45212791615631 172.81625956436619 28.550075891776942 41.64435426381533 366.23814727566787 0.12162165495101618 114.07722621457651 12.086907800927294 29.614714288094547 253.34693646256346 14.891010761144573 1.4355977348168369 29.829328199703014 16.243002310104202 0.17694020961062051 0.37408150045666844 58.739693322742824 66.097262921743095 14.649872185545972 0.33719729725271408 868.14863991830498 34.864454724040115 50.697361592203379 122.66136366786668 24.357605116150808 26.622424542903904 274.69376323086908 0.17229281240724859 0.67583221962559037 68.770031595369801 33.72557961725397 2.4551749993115655 249.1521397161705 15.87026750834775 2.3754448466934264 333.05662989878329 18.03773520165123 0.68693245609756459 10.522165846981805 281.32050033414271 33.435578086646274 815.57745349727338
leaf_count=3906145 202793 307226 70288 3711 32175 415487 27767 669546 59867 10876 18184 59560 18545 30302 9678 508830 173217 159972 38151 71553 7302 3033 1766 7182 88318 52 5761 8034 12560 10206 5559 66 20803 6720 73 216 14685 3451 2083 72 7522 1360 492 5149 764 604 7982 23 238 9606 2827 59 29644 2504 652 13416 3498 28 759 8549 585 60256
internal_value=-0.00567325 -0.0326414 0.0188927 0.0126278 0.00782004 -0.00885562 0.0102161 -0.0784147 -0.0471895 -0.000551866 0.0169977 0.0122159 -0.0119674 0.068463 -0.00422064 -0.000420691 -0.0491038 -0.0912426 -0.00571747 0.00497255 0.0381991 0.024986 -0.00274341 -0.0150395 0.000525726 0.0142217 -0.00546099 -0.0396056 0.0186608 0.0122374 -0.00437356 0.00959156 0.0467142 0.175325 0.939837 0.443538 0.0282487 0.00903221 0.101212 0.00499414 0.00535557 0.00711091 -0.0118426 -0.00677042 0.013754 -0.0666919 -0.0104729 0.0901805 0.626051 -0.0487036 -0.0712683 0.0180301 0.0352585 0.118306 0.294181 -0.0118873 0.0585345 0.0842433 0.266297 0.0291483 -0.0250536 0.005248
internal_weight=11375.2 5422.48 5952.71 5510.77 5073.88 3568.26 4953.41 1854.22 539.93 2957.99 3793.66 3332.35 1159.75 436.894 2784.27 2565.14 610.274 1314.29 286.957 2605.91 726.445 540.993 2501.02 1223.47 1022.29 224.03 1056.53 137.483 59.0641 1908.41 980.644 614.406 134.732 16.9156 0.672643 0.551022 117.816 1277.55 29.4494 14.7995 1211.45 1655.06 942.451 862.676 421.713 79.775 299.051 64.118 0.848125 219.127 150.357 29.0776 279.913 30.7613 2.71264 334.492 87.9865 69.9488 11.2091 343.306 61.9857 1620.19
internal_count=7148332 6510486 637846 567558 533545 1606570 330752 4903916 814398 1017866 263629 245445 67123 34013 1006990 687331 588704 4089518 144852 202935 42510 35208 677392 655519 146689 106701 39356 183373 23401 131382 139507 51189 46834 7061 341 289 39773 21873 10841 8758 18422 121176 33595 32440 13895 1155 8746 9939 261 319659 310053 663 37707 8063 724 13482 18970 15472 787 10900 2351 119816
is_linear=0
shrinkage=0.1


Tree=49
num_leaves=63
num_cat=0
split_feature=9 16 6 9 14 12 15 9 9 12 14 14 2 1 16 15 14 5 18 12 15 2 1 12 9 9 13 2 7 2 9 12 12 12 15 2 14 18 5 2 1 18 12 5 18 2 5 15 8 9 4 1 7 6 12 12 1 9 12 6 12 16
split_gain=668.541 512.936 219.841 113.646 443.466 109.909 81.7354 81.7347 80.0674 73.3995 67.5549 55.0022 53.1141 48.8271 48.5179 46.0772 41.3996 36.9351 36.4873 34.2967 34.0379 32.999 44.9025 31.4092 45.8092 30.7862 29.6449 28.1055 27.1999 26.6919 26.5135 26.2364 25.8771 25.5914 27.6751 25.5518 25.2932 25.094 32.7369 24.9517 24.489 23.4092 23.3663 22.9747 22.5476 62.3123 25.578 25.1064 26.7993 22.1752 22.1619 54.5998 21.9293 21.2588 19.0599 22.8928 19.0358 18.9658 51.6284 61.5697 18.8876 18.8769
threshold=0.43874999880790716 -0.35721349716186518 1.0000000180025095e-35 0.10435571894049646 1.0000000180025095e-35 11.362485885620119 1.5000000000000002 0.93933823704719555 0.22792208194732669 33.20094299316407 0.98837208747863781 0.77171215415000927 0.90892314910888683 0.46428571641445165 0.20255462080240252 1.5000000000000002 0.46737588942050939 0.25158227980136877 5.1800646781921396 17.249931335449222 2.5000000000000004 0.63153737783432018 0.30952382087707525 85.983661651611342 0.71825397014617931 0.24283374845981601 1.0000000180025095e-35 0.10509515926241876 1.5000000000000002 0.95631209015846264 0.1863425895571709 11.567860603332521 26.077725410461429 38.100185394287116 10.500000000000002 0.1344389542937279 0.92495310306549083 6.5126390457153329 0.77015754580497753 0.44516208767890936 0.38750000298023229 3.8305212259292607 17.850974082946781 0.99484536051750194 1.0000000180025095e-35 0.27826066315174108 0.70396453142166149 15.500000000000002 1.0000000180025095e-35 0.4220647811889649 0.99484536051750194 0.90000000596046459 2.5000000000000004 1.0000000180025095e-35 13.142824172973635 13.044689655303957 0.46428571641445165 0.10620300844311716 7.3498752117156991 1.0000000180025095e-35 46.785043716430671 -0.51134386658668507
decision_type=2 2 2 2 2 2 2 2 2 2 2 2 2 2 2 2 2 2 2 2 2 2 2 2 2 2 2 2 2 2 2 2 2 2 2 2 2 2 2 2 2 2 2 2 2 2 2 2 2 2 2 2 2 2 2 2 2 2 2 2 2 2
left_child=1 8 7 4 14 18 26 9 -1 28 11 16 23 17 21 29 30 20 57 -17 -10 22 -3 24 44 -12 -6 -9 -2 49 32 -18 -7 34 53 42 -26 38 -24 -15 -36 -40 -22 61 45 47 56 -11 52 -13 51 -4 -49 -32 55 -28 -46 58 59 -5 -38 -19
right_child=2 3 50 5 6 10 -8 27 13 12 25 15 -14 39 -16 19 31 43 -20 -21 35 -23 37 -25 36 -27 54 -29 -30 -31 33 -33 -34 -35 40 -37 60 -39 41 -41 -42 -43 -44 -45 46 -47 -48 48 -50 -51 -52 -53 -54 -55 -56 -57 -58 -59 -60 -61 -62 -63
leaf_value=-0.094325429444824624 0.029259180465249054 -0.063857112417867054 0.075705730497389184 -0.10004264256738225 -0.057911441726976612 -0.0028629039478080343 -0.092301688083014033 0.027801709020263556 1.8013391608122782 -0.088641005867406697 -0.086217050512018112 0.0086846494957920194 0.050712999362225709 0.13491510665358911 0.078279267193447091 0.17515059520845425 -0.12897719652640099 -0.091088056868767642 0.030051490366031577 0.052623819985998237 0.12642957748384731 -0.0060614799349620356 -0.073036579730210688 -0.033577160593156637 0.052743798565206328 -0.025133481729401053 0.037105359464904474 0.094652621375736448 0.075878349401348785 0.084449645333526377 9.8040922588757713e-05 -0.019454028503339958 -0.077280679513352435 -0.018211845163555781 0.03656649593890126 0.94893591378590869 0.062520444767529784 0.081673877778099938 -0.024469247955092165 -0.031845693170618111 0.12445595629097071 0.063045980056597908 -0.022635115323846933 2.2574635901389968 -0.092074767606342756 0.10154703534434933 -0.0093217931059588442 -0.016679536702381592 0.081566507710205696 -0.069424321871524641 0.099615758608782787 -0.068674923793349815 0.037811406484769411 0.046571329799340457 -0.076724988172972908 0.8462989485683492 -0.00090499785921130469 0.097212895032881774 0.28243640663190345 4.5792980977797368 -0.021059424729750385 -0.041113408971099816
leaf_weight=974.47594855425996 498.31180202250835 44.947926686436404 277.63872464071028 0.050135291268815219 101.6635108901246 164.42547598411329 818.20381487080886 100.79337644483894 0.10481021995656092 31.476742046419531 113.26933637491311 127.66956437181216 212.52279696473852 21.913311258831527 87.914235185831785 26.079209868097678 22.493902517773677 182.21368340152549 176.76423480901576 184.20897739040083 11.976769359403987 1177.5116902917507 30.77585769968573 270.1757192821533 246.20049275667407 303.84025332145393 77.366054654732579 167.23384216893464 167.12645351752872 32.916666800156236 450.46366891090292 791.39999817704665 65.276770931319334 200.86400256503839 179.90268574538641 0.28192101180320506 36.114597824867815 108.55046110544936 41.632587755855639 15.193470114783848 38.484655820124317 114.97053262963891 86.204066061764024 0.042404195060952499 70.223345401871484 65.645432350283954 717.24060048197862 314.8023935641977 40.286456581467064 50.812732081860304 323.22930346755311 28.920601480640471 96.491927975352155 125.95342023787089 16.791734187572729 0.35120482044294377 33.985326983034611 121.653076048824 1.0238245542568618 0.064031700836494565 107.5799576761201 129.16246445057914
leaf_count=3357834 19860 24296 25724 132 73946 46756 2524532 2455 8 570 28478 2137 13187 623 5594 2834 3558 382264 39294 20005 7728 30658 4892 8465 8299 25406 28423 19212 7345 2406 9089 65268 23900 18905 20694 49 1191 11134 2173 832 695 5573 56432 17 8264 2964 12560 29429 2035 1164 60739 489 5700 6126 1691 8 400 25806 1107 3 2606 54469
internal_value=-0.00654072 -0.0244191 0.027374 -0.0112213 -0.0266372 0.00149272 -0.0784024 0.016672 -0.0782502 0.011802 -0.00450733 0.00180009 0.00314838 -0.0432129 0.00605231 0.0346762 -0.00499815 -0.0531549 0.0591398 0.0678192 0.000195832 0.00187039 0.0292699 -0.00183066 0.00304258 -0.0417212 -0.0204305 0.0695129 0.0409677 0.00170733 0.00661397 -0.022481 -0.0240109 0.0136792 0.0217387 -0.00172142 0.0332856 0.0434147 0.0212508 0.0666345 0.0520546 0.0397803 -0.00445119 -0.070041 -0.00556346 0.0101325 -0.0160479 -0.00229034 0.0037286 -0.0135525 0.0813471 0.062085 -0.00389566 0.010253 0.0198878 0.0407621 -0.0623418 0.101014 0.507359 2.52441 -5.33862e-05 -0.070358
internal_weight=11025.9 7219.87 3806 5798.3 2620.68 3177.62 1014.38 3176.21 1421.57 2908.18 2878.06 2460.95 2242.75 447.093 1606.3 421.687 2039.26 409.986 299.555 210.288 98.5676 1518.39 340.877 2030.22 1760.05 417.11 196.173 268.027 665.438 211.399 1225.37 813.894 229.702 995.668 794.804 98.4628 389.895 295.929 187.379 37.1068 218.387 156.603 98.1808 311.419 1370.15 548.703 821.449 483.058 451.581 178.482 629.789 306.559 411.294 576.417 94.509 77.7173 104.209 122.791 1.13799 0.114167 143.695 311.376
internal_count=7148433 6916939 231494 3056683 2712920 343763 2628600 144542 3860256 122875 277421 223537 95670 502422 84320 28546 194991 500967 66342 22839 64217 78726 48068 82483 74018 53884 104068 21667 27205 5707 126165 68826 70656 55509 36604 64209 12096 23772 12638 1455 21389 7746 64160 436750 61922 40698 21224 37734 37164 3301 86952 26213 35129 15215 30122 28431 8664 27048 1242 135 3797 436733
is_linear=0
shrinkage=0.1


Tree=50
num_leaves=63
num_cat=0
split_feature=16 12 11 0 12 12 17 13 16 0 5 0 2 7 4 2 0 4 18 2 17 13 16 2 0 15 2 18 16 15 4 16 15 12 2 0 18 15 15 14 18 2 0 2 15 6 4 4 16 16 2 16 12 2 19 5 0 2 2 0 12 0
split_gain=512.162 209.386 300.448 183.748 154.667 93.9885 80.0154 78.4696 72.7165 67.4869 56.9227 71.2492 96.6597 84.6489 114.63 110.373 67.1049 57.1286 49.8179 45.8665 44.7238 42.9762 42.7989 40.7467 52.806 37.7138 36.9947 36.7432 36.4223 34.8381 32.6955 30.218 61.7277 30.137 29.733 67.3496 54.3647 35.5524 42.0866 28.5361 28.2772 28.0623 42.6652 27.288 27.1159 27.038 26.9609 26.1335 26.0996 25.201 69.5686 24.0691 23.8206 23.7269 23.0193 22.8684 22.635 25.1007 22.4235 26.8082 21.0592 20.9539
threshold=-0.41914188861846918 8.3782887458801287 1.0000000180025095e-35 0.93750000000000011 1.0000000180025095e-35 18.200944900512699 396.50000000000006 1.0000000180025095e-35 -0.7690114676952361 0.76388889551162731 0.9495762586593629 1.0000000180025095e-35 0.3426333367824555 1.0000000180025095e-35 0.79772728681564342 0.59735581278800975 0.48076923191547399 0.680425524711609 4.4171528816223153 0.84012389183044445 60.500000000000007 1.0000000180025095e-35 0.27499860525131231 0.85990032553672802 0.73214286565780651 1.5000000000000002 0.75534760951995861 6.2822003364562997 -0.16232615709304807 14.500000000000002 0.92907443642616283 -0.082763805985450731 15.500000000000002 28.375803947448734 1.0000000180025095e-35 0.30384616553783422 5.01751732826233 22.500000000000004 20.500000000000004 0.69397994875907909 4.9508185386657724 0.32808001339435583 0.30384616553783422 0.95631209015846264 10.500000000000002 1.0000000180025095e-35 0.76028168201446544 0.83096903562545787 -0.013974681496620176 -0.15498661994934079 0.32808001339435583 -1.0000000180025095e-35 5.3291354179382333 0.38854739069938665 1.0000000180025095e-35 0.82078272104263317 0.240384615957737 0.30013357102870947 0.71115154027938854 0.36931818723678594 46.785043716430671 0.5419580638408662
decision_type=2 2 2 2 2 2 2 2 2 2 2 2 2 2 2 2 2 2 2 2 2 2 2 2 2 2 2 2 2 2 2 2 2 2 2 2 2 2 2 2 2 2 2 2 2 2 2 2 2 2 2 2 2 2 2 2 2 2 2 2 2 2
left_child=5 2 4 6 -2 -1 9 39 -7 10 11 12 17 15 49 16 27 20 48 28 -3 -10 54 24 40 -20 -8 55 -17 -22 43 32 -14 -18 37 -36 53 38 -23 52 -12 -29 -43 47 -42 -9 -26 -11 -5 -15 -51 -27 -6 -37 56 -13 -4 -58 -52 -60 -50 -30
right_child=1 3 22 18 7 8 26 45 21 30 23 13 31 14 -16 19 33 -19 25 -21 29 34 -24 -25 46 51 -28 41 61 -31 -32 -33 -34 -35 35 36 -38 -39 -40 -41 44 42 -44 -45 -46 -47 -48 -49 60 50 58 -53 -54 -55 -56 -57 57 -59 59 -61 -62 -63
leaf_value=-0.090590221154814396 -0.096954807023875156 0.030566302386300721 -0.068589699140304689 0.21485202980899973 0.035792618609309011 -0.092926983491016649 -0.049211891352089566 0.013960536176650743 -0.056733403657503789 0.0057537964465229491 -0.031603980788057547 -0.056629442619394357 -0.063801370481703631 -0.088702213760427459 0.033331297025862149 -0.085668521580570034 0.11185821056489625 0.071383021473910679 0.09223925927505422 -0.061717078797867253 -0.060039345330977267 -0.041724672501810833 0.090060088310055908 0.050383599563001029 0.047746776921553241 0.14603250587609562 0.025012756283673471 0.10686877733616207 -0.018344142984050325 -0.00038665597089120762 0.043162324984510204 0.088643363147671531 0.12342095081612091 0.04895689966779429 -0.084779812152554354 0.025420050456618007 0.16592799195678398 -0.040914547838319382 0.083374713427083358 0.079308662569292102 0.030452508338178527 -0.086147173514071446 0.0496774232458152 0.046230343127614405 0.11153712130756506 0.10829134786142057 -0.05270479410528979 -0.069493412316013595 -0.02564053041521637 0.10583069204361223 -0.068828734020693894 -0.044415283531854997 -0.083384060111119221 -0.12148115878150426 0.078205185614348041 0.050625173485857766 0.15075490808077716 0.00053017414493851584 0.066763018102470692 -0.049414076628257524 0.089259113536870618 0.020418006115227347
leaf_weight=629.68717958922207 601.73378303887148 463.78933153273829 47.322631575167179 5.7482114607118993 18.915927588852355 189.05201460829994 343.54242828441784 123.81634132612089 222.55337792671344 58.375590229203226 66.883671102346852 100.92794073226105 41.852101973825484 165.15479099501681 194.26543271979608 49.214534934930271 117.1413590793818 142.75510569191829 395.16724879061803 170.27379068078881 110.55058876967814 35.94586509092187 56.396557783242315 592.00100903806742 33.089220191090135 8.2474701148166769 83.463480486811022 42.1325607473118 242.05124351964332 855.7250011064898 50.061362318490865 242.7823893315508 30.402958550810581 217.77371302351821 101.25217542062455 38.89387508299842 23.523813134655938 58.115861517653684 106.77718076511519 13.889607975113902 477.91900087997783 32.206317796575604 82.035003537050216 30.267709671228658 45.137988100745133 40.267624260261073 138.78903678996721 220.46811486144725 84.767578210186912 29.400008616241394 265.72268851127592 33.963402900379151 147.93533488699177 15.327893927940748 38.079033131711185 24.755379420181271 11.206809878349302 1478.7771203002776 29.666083634248935 60.101448503206484 19.64920444926247 329.03931813378586
leaf_count=2434410 2280399 47894 30021 304 18063 496703 178633 108629 270080 986 7620 32189 16964 101390 15339 28509 17213 8622 67521 4799 37346 15192 4319 31584 672 721 5235 4701 12034 160930 3459 17902 666 8040 101271 13771 2414 47072 18965 6604 23492 8449 4377 1889 2191 4586 2980 6333 4220 5885 50130 1203 262368 5574 831 4537 2168 69983 1730 2585 3031 15430
internal_value=-0.00584408 0.00269507 -0.0215348 0.0119816 -0.0663547 -0.0617587 0.00706212 -0.0129563 -0.0388198 0.0101623 0.0129573 0.00701014 0.0211889 -0.00542904 -0.0327037 0.00899372 0.0406922 0.0110619 0.0675038 -0.0157439 0.00504038 -0.0218389 0.00446426 0.0307033 0.01541 0.0826421 -0.0347038 0.00475511 -0.00312432 -0.00721146 -0.0318096 0.0717476 0.0149767 0.0709575 -0.00139361 -0.0310297 0.0389719 0.0250196 0.0518675 -0.0584087 0.029621 0.0371127 0.0113865 -0.0439515 0.0374498 0.0371101 -0.0333663 -0.0537405 0.00740162 -0.0560259 -0.0420047 -0.0072042 -0.069873 -0.0161073 0.00140005 -0.0355039 -0.000502407 0.00166008 -0.0542311 -0.0110202 -0.00401866 0.00398904
internal_weight=10726.7 9305.6 2578.34 6727.26 946.559 1421.13 6179.72 344.825 791.442 5752.71 5393.54 4039.72 1887.86 2151.86 744.31 1407.55 616.972 1572.82 547.543 790.579 1430.06 602.39 1631.78 1353.82 761.819 437.378 427.006 282.057 620.305 966.276 359.173 315.037 72.2551 334.915 379.837 178.998 77.7456 200.839 142.723 180.741 589.941 156.374 114.241 309.111 523.057 164.084 171.878 278.844 110.165 550.045 384.89 42.2109 166.851 54.2218 1575.39 125.683 1537.31 1489.98 355.49 89.7675 104.417 571.091
internal_count=7143158 3737706 2787971 949735 2680649 3405452 872735 400250 971042 688867 676200 607661 290324 317337 177059 140278 79506 254792 77000 60772 246170 474339 107322 68539 36955 69445 183868 54253 55973 198276 12667 35532 17630 25253 204259 123030 21759 81229 34157 287035 33303 17527 12826 9208 25683 113215 3652 7319 7555 161720 60330 1924 280431 19345 103003 36726 102172 72151 54445 4315 7251 27464
is_linear=0
shrinkage=0.1


Tree=51
num_leaves=63
num_cat=0
split_feature=16 17 12 4 16 16 12 12 11 12 0 0 13 5 0 2 8 5 17 0 2 12 2 0 8 5 12 12 14 2 1 16 14 4 15 5 2 1 16 6 15 15 4 0 13 12 1 0 2 4 16 1 2 15 2 4 4 2 2 5 16 15
split_gain=426.912 159.479 103.227 102.103 96.9647 76.1007 72.8667 68.3068 175.32 101.278 52.4036 49.4163 46.6244 40.3671 67.6695 93.7039 46.2154 50.1549 43.6493 42.2459 36.5375 36.4915 31.4785 52.3813 51.8854 33.9014 35.2935 32.3531 103.956 31.3709 74.973 76.6952 28.5281 26.5842 26.1798 26.0676 31.2887 34.3411 32.0126 28.8567 25.6588 39.229 25.1497 25.0361 24.9728 24.7182 24.281 34.8615 33.4433 32.403 28.2465 25.6233 23.5525 23.0811 29.2964 22.2948 21.906 22.0723 21.4278 24.0685 21.0048 28.7741
threshold=-0.41243189573287958 214.50000000000003 17.850974082946781 0.93419912457466137 0.20255462080240252 -0.80725190043449391 21.250636100769047 8.3782887458801287 1.0000000180025095e-35 1.0000000180025095e-35 0.48076923191547399 0.76388889551162731 1.0000000180025095e-35 0.9495762586593629 1.0000000180025095e-35 0.4305222630500794 1.0000000180025095e-35 0.68801230192184459 65.500000000000014 0.6904762089252473 0.95631209015846264 5.3291354179382333 1.0000000180025095e-35 0.30384616553783422 1.0000000180025095e-35 0.64326766133308422 20.374717712402347 19.717403411865238 0.29708431661129003 0.43666677176952368 0.46428571641445165 -0.13945368677377698 0.46332737803459173 0.62563130259513866 15.500000000000002 0.78629976511001598 0.59049275517463695 0.46428571641445165 -0.23808218538761136 1.0000000180025095e-35 22.500000000000004 19.500000000000004 0.80735492706298839 0.30384616553783422 1.0000000180025095e-35 26.82651519775391 0.90000000596046459 0.48076923191547399 0.80639642477035534 0.628892481327057 0.27499860525131231 0.63333335518836986 0.85990032553672802 10.500000000000002 0.85990032553672802 0.83438816666603099 0.71010184288024913 0.32072062790393835 0.15792983025312426 0.74601566791534435 -0.073983743786811815 15.500000000000002
decision_type=2 2 2 2 2 2 2 2 2 2 2 2 2 2 2 2 2 2 2 2 2 2 2 2 2 2 2 2 2 2 2 2 2 2 2 2 2 2 2 2 2 2 2 2 2 2 2 2 2 2 2 2 2 2 2 2 2 2 2 2 2 2
left_child=2 3 -1 7 44 -4 10 8 9 -2 42 13 -7 14 15 16 17 18 45 53 -21 -11 24 -24 40 26 27 28 -25 30 31 -16 -23 -8 -10 -31 37 39 -38 -37 41 -14 -3 -32 -5 -9 50 -48 49 -49 51 -40 55 54 -15 -13 57 -33 -19 -60 61 -17
right_child=1 6 5 4 -6 12 33 11 34 21 -12 52 22 19 29 60 -18 58 -20 20 -22 32 23 25 -26 -27 -28 -29 -30 35 43 56 -34 -35 -36 36 38 -39 46 -41 -42 -43 -44 -45 -46 -47 47 48 -50 -51 -52 -53 -54 -55 -56 -57 -58 -59 59 -61 -62 -63
leaf_value=-0.08935038526367145 -0.097214143407781242 -0.079353358238086591 -0.096503990350831848 0.0018997596182903219 0.07854791056780254 -0.053617908967444255 -0.027682964467371757 0.063346879548201104 0.007451417081548211 0.084509521092637471 -0.021371614995884594 0.0074906110264180651 -0.097443449217058498 0.022307119193092868 -0.055752291106549716 -0.048118197238964711 0.074443118579826675 0.11910306369035369 -0.014562720953431016 -0.014924516491666266 0.053589922329281114 -0.051390810853423646 -0.07441303173027683 5.9684188732976455 0.15849039225664552 0.0090869800054974026 0.16529732598192112 0.58540844213334686 -0.10031979466854922 -0.038162488332287414 -0.022426025929616834 0.071292594386585098 0.038048311828413638 0.013190377598262946 0.11931744227676949 -0.048993008566830143 -0.12336414992947085 0.058032066694582191 -0.026507786010041157 0.050587724488251523 -0.046887481923746942 0.056471882842279254 0.031466945371105032 0.10887205033105624 0.040492825443908975 0.011179302357557916 0.036715889195858352 -0.31951202750194224 -0.071621019609554581 -0.00083247682585202106 0.050143774500837006 0.028286321199023901 -0.0015425734010563934 0.11449346743523124 0.065431326971559248 -0.078442789377458369 0.092104943214099247 -0.04009005711325099 -0.03023426968158829 0.081207104946321246 0.095643486615030526 0.12636530787725536
leaf_weight=582.60436295469117 318.50059932739532 389.35126676106302 155.95916755488724 478.25802372249018 363.53993260860443 237.67266754242883 271.88723568432033 118.68776341927878 951.04146252857754 35.410050068923738 362.70241856850043 40.495123445798527 19.413465421283036 431.07725667797786 156.86742835317273 25.66543101327261 108.80758013084414 48.160358170774998 752.85541785872192 308.13504598484724 104.14082723335014 128.85628402224393 104.76663389833993 0.049429499806136756 26.802415572587051 69.434490999701666 9.0978391379758232 0.3722060628933832 0.065801231045043096 327.86296613482409 17.204189273004886 32.516397777377279 49.310486745467642 383.68411867666873 21.390913014416583 82.247199903344153 26.503822083424893 139.82314014654548 269.31033604683762 45.033802042104071 56.091675453237258 112.63640468970698 21.615190994984005 93.179527343905647 258.18059022990928 386.92738595564151 65.082899606932187 3.2625625871878574 185.2064627741056 144.72049812374462 100.93247800692916 124.93330062513996 152.06209272684646 41.955558548579575 248.25570770181366 118.65234459485509 60.293287705004332 39.288103360231617 33.307375481977942 46.347736576557509 182.45971606252715 14.960620956349883
leaf_count=2466709 1323369 1065463 454204 42603 58272 309955 49056 26861 57543 23935 210558 587 10219 21820 53278 7879 10309 2035 149824 9511 7066 194484 114641 53 3413 23467 894 52 105 57571 3536 4882 21325 26191 5509 27992 24343 8250 27950 3444 52143 26772 16413 4228 34688 28383 2311 65 3490 3302 3920 5068 5185 2272 12934 3776 4723 10602 2668 3124 12802 333
internal_value=-0.00545633 0.00238212 -0.0573963 0.00808892 0.0362901 -0.0339013 -0.0282901 0.00337577 -0.0153387 -0.0614875 -0.0490749 0.00892134 -0.0185596 0.0114423 0.00630119 0.0207079 0.011687 0.00676141 0.000699622 0.0279169 0.00238222 -0.00820951 0.00233768 -0.0280483 0.028319 0.0334234 0.209713 1.03871 2.50293 -0.00662974 0.0183036 -0.00847608 -0.0266371 -0.00376116 0.00991217 -0.0132024 -0.00630851 0.0238216 -0.0150567 -0.0137599 0.00977497 0.0338438 -0.0735247 0.0884082 0.0154297 0.0234251 -0.0118438 -0.0302256 -0.0433014 -0.00785836 0.00294081 -0.00914388 -0.0296863 0.042512 0.0380664 -0.056577 0.0476649 0.0103492 0.0664457 0.0346085 0.0811644 0.0161357
internal_weight=10485.9 9110.95 1374.97 7681.71 1099.98 792.362 1429.24 6581.73 1504.51 532.077 773.669 5077.22 636.403 4766.01 3632.45 1718.18 1495.09 1386.29 1258.47 1133.56 412.276 213.577 398.73 183.786 214.944 79.0198 9.58528 0.487437 0.115231 1914.27 399.349 288.965 178.167 655.571 972.432 1514.92 1187.06 267.104 919.952 127.281 188.142 132.05 410.966 110.384 736.439 505.615 893.449 398.272 333.19 147.983 495.176 394.244 311.21 721.289 679.333 159.147 132.098 71.8045 127.815 79.6551 223.086 40.6261
internal_count=7148360 3685733 3462627 2318052 135563 995918 1367681 2182489 1626165 1563113 1292434 556324 541714 546776 493173 244218 223204 212895 205068 53603 16577 239744 231759 139212 92547 24571 1104 210 158 248955 81249 73485 215809 75247 63052 167706 110135 39686 70449 31436 89134 36991 1081876 7764 77291 55244 46106 9168 6857 3367 36938 33018 9548 37026 34754 4363 20207 15484 7827 5792 21014 8212
is_linear=0
shrinkage=0.1


Tree=52
num_leaves=63
num_cat=0
split_feature=9 16 6 9 9 11 12 15 9 12 16 12 16 15 7 3 8 18 15 18 7 15 3 3 3 5 1 15 15 3 1 3 4 1 15 15 8 9 1 18 3 15 18 16 16 7 4 8 15 1 3 18 4 18 18 9 18 12 12 4 5 5
split_gain=498.94 390.504 161.271 89.0192 69.1949 340.99 79.643 74.8136 68.5483 53.9112 44.5039 39.2086 31.8936 28.4305 28.227 42.1888 32.9977 27.6154 48.1135 44.034 39.434 37.0449 30.4098 29.6662 26.7051 26.1015 24.5202 23.8672 39.4536 45.4812 33.0892 23.9957 23.4145 37.5349 23.1536 31.7656 30.473 27.4874 22.6894 38.7133 22.6473 22.5588 53.1601 29.3334 21.327 22.8378 21.3134 21.1593 35.8913 25.779 21.1589 21.0156 23.4716 39.3697 37.6151 20.3473 20.2761 19.6343 36.8578 19.3164 20.1373 19.2009
threshold=0.43874999880790716 -0.34731881320476526 1.0000000180025095e-35 0.22792208194732669 0.10435571894049646 1.0000000180025095e-35 14.068008899688722 1.5000000000000002 0.93933823704719555 23.482323646545414 -0.58854410052299488 61.905717849731452 0.27499860525131231 16.500000000000004 1.5000000000000002 0.51087471842765819 0.75000000000000011 1.0000000180025095e-35 16.500000000000004 4.1439111232757577 1.0000000180025095e-35 10.500000000000002 0.40758720040321356 0.65142410993576061 0.91847583651542675 0.32583418488502508 0.46428571641445165 22.500000000000004 20.500000000000004 0.4654348641633988 0.73214286565780651 0.85857143998146068 0.99484536051750194 0.90000000596046459 15.500000000000002 6.5000000000000009 1.0000000180025095e-35 0.22792208194732669 0.53571429848670971 4.0283389091491708 0.77581480145454418 1.5000000000000002 4.1988844871521005 0.029923408292233947 -0.082763805985450731 1.5000000000000002 0.6820855736732484 1.0000000180025095e-35 20.500000000000004 0.46428571641445165 0.88047617673873912 8.5993251800537127 0.7577352523803712 7.0581107139587411 5.7747709751129159 0.76696833968162548 1.0000000180025095e-35 31.276115417480472 30.212942123413089 0.65485891699790966 0.99484536051750194 0.78830561041831981
decision_type=2 2 2 2 2 2 2 2 2 2 2 2 2 2 2 2 2 2 2 2 2 2 2 2 2 2 2 2 2 2 2 2 2 2 2 2 2 2 2 2 2 2 2 2 2 2 2 2 2 2 2 2 2 2 2 2 2 2 2 2 2 2
left_child=1 3 8 -1 5 7 56 -3 9 -2 -5 17 38 -10 15 47 -17 18 22 -19 21 61 -8 46 59 -24 -12 28 29 -16 -31 51 33 -4 35 44 37 57 39 50 -35 42 -40 -44 -27 -46 -20 49 -49 -11 -7 52 53 -32 -54 -55 -6 58 -36 60 -22 -21
right_child=2 4 32 10 6 12 11 -9 13 14 26 -13 -14 -15 27 16 -18 19 23 20 24 -23 25 -25 -26 34 -28 -29 -30 30 31 -33 -34 40 36 -37 -38 -39 41 -41 -42 -43 43 -45 45 -47 -48 48 -50 -51 -52 -53 54 55 -56 -57 -58 -59 -60 -61 -62 -63
leaf_value=-0.09289946763461962 0.069905491550010065 -0.018396692841410607 0.068986953707579679 -0.080365563286329211 0.076507717363814967 -0.085505448275727036 -0.047583046198252259 -0.091033523206437816 0.09296307209575877 -0.060110162517281344 -0.02335733912428856 -0.085291497186558568 0.083744143800265416 0.022043971358448697 -0.037775578774736869 0.013238789308323957 -0.031212025379930109 -0.049476869285849406 -0.029387542101272531 -0.0373821410787318 -0.075441932609711326 0.075462257392447926 0.25615585664660395 0.072030530449969515 0.055606230264165835 -0.06312239172919909 0.065341968070056947 -0.026194958580634194 0.075051776377109913 0.05768671789663065 0.074849017779538937 0.089954490833579745 0.098044033253232618 0.083566833981342986 0.16186090402722983 -0.030587257728738767 0.27496792408271203 0.037745425955312474 0.079495207729832984 0.032067603851357658 -0.10315909618098865 0.0047081215930171475 -0.060201936193442364 0.00022618056915377403 0.025854547035860112 0.11039392924716407 0.75819473274644089 -0.087020676997012936 0.08670579561193599 0.038587436878281006 0.013581534158073514 0.039198583707192258 -0.59534299795638146 -0.25575558170337748 -0.1274668789214489 0.022641193583893292 0.026811156655388607 0.0035327746375575287 0.72410252128437802 -0.015388442141213959 -0.0046474510231001151 0.012364024484820364
leaf_weight=780.21749740892847 151.12827158777509 182.19067821932549 247.21173205901869 144.0975036995078 106.62426358863013 48.250936107506277 46.647741961904103 639.55491418146994 154.85064847697504 194.91236203355948 233.43644627739559 62.031733671319671 48.975095182657242 89.025316649582237 109.86753661639523 1565.6812124793942 186.94347262056544 267.12307876889827 311.17474725830834 93.407729640573962 124.98179614683613 83.361845268431352 5.377779764821752 32.394939188263379 43.991020750894677 17.18849495932227 35.968252091144677 74.441286021872656 165.32771817003959 212.05633830194711 13.558748255949469 14.997240455355493 251.96396124176681 9.2459363276138919 18.870414504141088 96.759252242685761 6.3811559053719966 167.60082535661059 42.891088210046291 413.78256215364672 21.834395014680922 662.43962844175985 223.46389925852418 125.41628626873717 93.256028518226231 48.612165964615997 0.34398516395594825 18.567149300535675 33.078608506795717 30.621355715207756 38.944840237003518 16.974953400436789 2.1214497825130811 8.6742627909407002 9.0422257333993894 3.7646925374865523 356.90865212846256 7.1363200358173335 1.2427474096475624 564.48084725483204 59.21617183656781 458.16876385943033
leaf_count=3432101 6395 104321 25805 384912 24680 11916 9061 2460974 19780 28284 118424 7949 4293 1979 5671 48229 3924 24417 122646 4470 20054 4579 372 354 1301 1547 1358 9469 6297 8195 602 781 60647 253 1751 8318 79 2880 272 48352 248 9478 959 2448 3238 1593 6 1035 2148 506 3101 717 44 277 315 241 59851 1163 143 13453 1520 18362
internal_value=-0.00504801 -0.0211746 0.0250517 -0.0730192 -0.00992065 -0.0225462 4.54145e-05 -0.0749291 0.0162174 0.0118063 -0.0355081 -0.00673901 0.00428728 0.0670745 0.00850617 0.00276411 0.00849745 -0.00482642 0.00984861 -0.0122126 -0.00524001 0.01333 0.0293694 -0.0190467 -0.0201148 0.0371321 -0.0115151 0.0269823 0.0340972 0.0167827 0.0381 -0.0219793 0.0759599 0.055965 0.0345549 0.0145925 0.0599322 0.05289 0.00178507 0.0193067 -0.0476109 -0.00654149 -0.0255633 -0.0384791 0.0420768 0.0548226 -0.0285179 -0.0334882 0.0242494 -0.0467097 -0.0412496 -0.052988 -0.0950979 -0.043019 -0.216378 -0.171498 0.0382426 0.146038 0.196601 -0.024564 -0.0526828 0.00393967
internal_weight=10278.8 6692.91 3585.89 1193.72 5499.19 2425.91 3073.28 821.746 3055.63 2811.76 413.502 2609.75 1604.16 243.876 2660.63 2029.8 1752.62 2547.72 852.987 1694.73 1427.61 634.938 509.073 343.914 792.67 462.425 269.405 630.826 556.385 391.057 281.19 69.1336 530.256 278.292 457.047 255.816 201.231 194.85 1555.19 500.978 31.0803 1054.21 391.771 348.88 159.057 141.868 311.519 277.179 51.6458 225.534 87.1958 54.1363 37.1614 25.9977 11.1637 12.439 463.533 27.2495 20.1132 748.679 184.198 551.576
internal_count=7148538 6916696 231842 3936795 2979901 2646114 333787 2565295 144889 123130 504694 249256 80819 21759 116735 84126 52153 241307 153151 88156 63739 27411 30145 123006 36328 21084 119782 32609 23140 16843 11172 2977 86953 26306 20712 14696 6016 5937 76526 63369 501 13157 3679 3407 6378 4831 122652 31973 3183 28790 15017 2196 1479 1120 359 518 84531 3057 1894 35027 21574 22832
is_linear=0
shrinkage=0.1


Tree=53
num_leaves=63
num_cat=0
split_feature=9 16 6 17 9 9 11 12 9 9 12 0 4 14 16 5 12 14 14 18 12 16 0 1 12 3 7 14 14 0 9 12 14 12 12 9 5 16 16 4 18 0 3 0 3 3 4 18 5 18 18 3 12 3 9 12 12 0 5 3 7 0
split_gain=375.937 350.096 154.524 128.906 62.0062 56.3284 266.224 90.6126 78.9651 53.6295 52.3303 46.7293 62.7912 43.6568 33.3114 31.7889 31.6001 31.14 37.5371 30.8752 34.6164 28.3144 26.801 32.3573 26.5455 26.3007 26.1393 25.3163 24.2335 24.1218 23.1629 24.3678 25.7524 22.7442 21.7004 20.2516 19.6897 19.6471 18.7311 22.6048 21.4667 22.4252 32.3676 19.286 52.7915 27.9583 26.8577 18.8171 31.0408 22.1735 31.9791 39.3002 17.9319 19.2902 17.9019 22.6817 17.8111 17.3936 33.885 33.5142 33.2308 27.6267
threshold=0.43874999880790716 -0.41243189573287958 1.0000000180025095e-35 435.50000000000006 0.93933823704719555 0.11651583760976793 1.0000000180025095e-35 14.068008899688722 0.050641026347875602 0.22792208194732669 34.086711883544929 0.30384616553783422 0.4246212244033814 0.98837208747863781 0.12352748587727548 0.27475491166114813 6.692434787750245 0.77171215415000927 0.46737588942050939 5.5020799636840829 22.503016471862797 -0.17361970990896222 0.73214286565780651 0.90000000596046459 16.162526130676273 0.65345367789268505 1.5000000000000002 0.52730885148048412 0.29708431661129003 0.14835165441036227 0.72902098298072826 59.07807922363282 0.97366598248481762 38.100185394287116 75.145599365234389 0.16441441327333453 0.6789083480834962 -1.0000000180025095e-35 -1.0000000180025095e-35 0.99484536051750194 6.5031580924987802 0.30384616553783422 0.88047617673873912 0.57738095521926891 0.77849927544593822 0.70926907658576976 0.68703359365463268 6.3258721828460702 0.90521115064620983 3.6985327005386357 4.7633759975433358 0.74443343281745922 110.45745086669923 0.48749218881130224 0.70294117927551281 23.856336593627933 9.0607886314392108 0.11805555596947671 0.9495762586593629 0.55612829327583324 1.5000000000000002 0.6904762089252473
decision_type=2 2 2 2 2 2 2 2 2 2 2 2 2 2 2 2 2 2 2 2 2 2 2 2 2 2 2 2 2 2 2 2 2 2 2 2 2 2 2 2 2 2 2 2 2 2 2 2 2 2 2 2 2 2 2 2 2 2 2 2 2 2
left_child=1 9 4 5 10 6 8 37 -3 -1 26 15 -13 17 38 24 -10 18 28 20 -19 -6 23 -4 56 -5 54 -18 -9 36 34 -32 52 -14 57 -30 -15 -7 39 40 43 42 -42 -8 45 46 -45 48 49 -47 51 -51 53 -33 55 -2 -11 59 -59 60 -12 -60
right_child=2 3 22 25 21 7 14 13 16 11 30 12 33 29 -16 -17 27 19 -20 -21 -22 -23 -24 -25 -26 -27 -28 -29 35 -31 31 32 -34 -35 -36 -37 -38 -39 -40 -41 41 -43 -44 44 -46 47 -48 -49 -50 50 -52 -53 -54 -55 -56 -57 -58 58 61 -61 -62 -63
leaf_value=-0.095121600440846846 0.055745762181130823 -0.093719813467195531 0.064594258297358084 -0.081925837151992226 0.023834960441901962 0.074432350855946072 -0.025516654660015809 -0.0070382088073842114 0.048601683998653875 -0.12716555184158285 -0.039084145806371019 0.53014875493291513 0.091597124409786429 -0.024239812760258231 0.060510659176992332 -0.084047202353466743 -0.057069028386568216 0.12028244566523937 -0.021175726163469556 -0.0013982561478195748 0.028795365191830853 0.094653294346850853 0.098643484694432571 -0.04511749589588266 -0.025984952178338766 -0.035739438931935368 0.067842935750506636 0.0098296355365236621 -0.038001536103288845 -0.062107542345242864 0.048925029524696975 -0.039685553359189163 -0.036712362964081355 -0.067553400480231937 -0.039429093395501442 0.029311825038310931 0.062685630906996428 0.028718930947639828 -0.0055840214921022572 0.22731251904713404 -0.051136676119740113 0.053743711308953758 1.0854245634338568 0.20710303620883685 -0.019152659187452979 -0.1073809302994746 -0.027577653505125078 0.53291616053726876 0.012075903172059152 0.21430551585710911 0.18087694859730297 0.80710416328098677 -0.026589367502924621 0.043516782766804617 0.074027255187483071 0.0031128024965618429 0.25074701511535963 -0.028411480439390537 0.040471122691486804 0.054648905391616633 0.023763112184540455 -0.012044084150777234
leaf_weight=589.54291481374821 106.75521496328292 422.34642976748 228.63041427766439 246.10259239752486 101.68206417188048 173.279695813937 154.62894219800364 500.6407475846936 44.926055447300314 1.5796924952592224 146.35392876077094 2.6351420185528687 21.415982287973748 172.27129953276017 109.92810241226107 164.37285146467912 237.14792939316249 58.786131679022219 684.98687402393261 178.66830726977787 139.50642453262117 126.93474040762521 229.1056969971396 30.464198349043727 75.872408138558967 247.07220457450603 164.19515153541579 74.287198000252829 49.048739491321612 170.5633606864867 177.82200015918352 32.187562650535256 110.34460371732712 15.463125432521336 166.42736782005522 503.49957272419124 30.702442337205866 205.53902686049696 877.99196829460561 5.1241771350614718 28.574347491987286 182.39893892096006 0.2527842503041019 6.4514153267955434 98.428117768431548 1.6917572394595577 19.977061193290865 1.3813083102577355 9.7350423064490297 2.330898008629446 10.782098224415675 2.1498471507802606 65.803199194604531 207.5142025037203 58.716256578918546 351.33854831155622 5.9237815294764005 455.67260727658868 180.49873538315296 142.93350268379436 197.89632973543485 225.10763738770038
leaf_count=2924625 4742 1921850 25560 576729 2931 25115 35421 49402 34389 2537 19765 163 7181 39050 6457 370351 359930 5450 57750 5743 14660 18713 60633 492 85194 214128 8146 44226 17083 11998 7739 581 3160 14120 7045 36247 496 5694 5460 43 19626 8983 25 157 7271 113 894 23 554 73 218 92 2375 9021 2658 14528 6400 13173 5920 4284 14067 6001
internal_value=-0.00487979 -0.0190655 0.0215305 -0.00994362 0.0130875 -0.00527354 -0.016966 0.0040663 -0.0644688 -0.077858 0.00898425 -0.0424282 0.058563 -0.00286915 0.00750165 -0.0585356 -0.0298015 0.0026968 -0.00295375 0.0287517 0.0559178 0.0631554 0.073727 0.0516944 -0.00824043 -0.0587872 0.0330847 -0.0411116 0.00889769 -0.0343861 0.00120047 0.017943 0.00469471 0.0248665 -0.00536076 0.0233365 -0.0110912 0.0496292 0.00334502 0.0183088 0.0162444 0.0407903 -0.0411702 -0.000613415 0.0245669 0.103526 0.0297099 0.173023 0.154397 0.236116 0.274189 0.498728 0.0196504 0.0323442 0.0220418 0.0153785 0.171186 -0.00115605 -0.00969786 0.0139448 -0.00295566 0.0113257
internal_weight=10034.4 6528.01 3506.38 5651.2 3018.18 5158.03 2290.53 2867.49 778.708 876.806 2789.57 287.263 39.5142 2488.67 1511.83 247.749 356.361 2115.14 1738.18 376.961 198.293 228.617 488.2 259.095 83.3759 493.175 681.005 311.435 1053.19 373.537 2108.56 593.672 415.85 36.8791 1514.89 552.548 202.974 378.819 1401.9 523.907 518.783 211.226 28.8271 307.556 152.928 54.4994 26.4285 28.071 26.6896 16.9546 15.2628 4.48075 305.505 239.702 516.81 458.094 7.50347 1348.46 861.279 487.184 344.25 405.606
internal_count=7147455 6915921 231534 3505350 144849 2714493 2445805 268688 2360395 3410571 123205 485946 21464 237879 85410 464482 438545 186335 160482 25853 20110 21644 86685 26052 94131 790857 30074 404156 102732 51544 93131 22876 15137 21301 70255 53330 39546 30809 78953 73493 73450 28634 19651 44816 9395 2124 1051 1073 1050 496 383 165 11977 9602 21928 19270 8937 63210 25094 38116 33832 11921
is_linear=0
shrinkage=0.1


Tree=54
num_leaves=63
num_cat=0
split_feature=9 16 4 16 9 14 11 9 12 14 18 13 9 1 14 14 14 9 12 16 9 12 11 5 9 9 18 17 12 9 1 14 7 12 12 12 1 14 5 17 12 12 14 14 5 12 9 17 9 9 18 5 9 16 16 17 16 16 1 9 16 8
split_gain=336.607 340.799 174.567 130.002 94.4692 86.1472 71.5635 127.003 61.7856 59.1461 43.3425 39.2027 37.3321 37.3292 33.3907 31.7365 49.6745 48.4252 44.7415 30.7768 30.6108 29.2325 28.656 27.1905 26.9765 26.3238 38.3795 41.8372 26.0837 33.0568 25.8231 28.8363 27.5124 25.3341 27.4261 61.0387 28.2241 32.2388 26.4186 25.0744 24.3137 21.3604 21.1266 20.2996 23.5999 19.704 24.114 18.925 18.7458 17.6384 17.2919 27.9167 20.8749 16.937 16.8808 18.2375 16.075 15.9694 15.8623 37.3718 96.8506 15.5277
threshold=0.17519181966781619 -0.17000520974397657 0.99484536051750194 -0.76179736852645863 0.93933823704719555 0.98837208747863781 1.0000000180025095e-35 0.04446640424430371 21.508704185485843 0.82842725515365612 1.0000000180025095e-35 1.0000000180025095e-35 0.38278388977050787 0.46428571641445165 0.73879140615463268 0.41763564944267279 0.24121212214231494 0.64495798945426952 43.032077789306648 0.20255462080240252 0.26201373338699346 54.435443878173835 1.0000000180025095e-35 0.57294833660125744 0.77097901701927196 0.12060606107115747 10.343837738037111 64.500000000000014 9.3725585937500018 0.087595909833908095 0.53571429848670971 0.60232558846473705 1.5000000000000002 8.3782887458801287 7.9608154296875009 7.7736804485321054 0.63333335518836986 0.52012881636619579 0.84028983116149913 68.500000000000014 11.489232063293459 5.3291354179382333 0.97220078110694896 0.61721614003181469 0.98147514462471019 63.778976440429695 0.7947368621826173 68.500000000000014 0.087595909833908095 0.64495798945426952 6.7829661369323739 0.67041200399398815 0.15707236528396609 -0.047006832435727113 -0.068309940397739397 122.50000000000001 0.011577461380511524 -0.11619730666279791 0.63333335518836986 0.15268065780401233 -0.31987001001834864 1.0000000180025095e-35
decision_type=2 2 2 2 2 2 2 2 2 2 2 2 2 2 2 2 2 2 2 2 2 2 2 2 2 2 2 2 2 2 2 2 2 2 2 2 2 2 2 2 2 2 2 2 2 2 2 2 2 2 2 2 2 2 2 2 2 2 2 2 2 2
left_child=1 13 3 -2 5 9 7 -3 11 15 -11 14 -7 -1 41 16 -5 18 30 47 53 -19 25 -6 -23 -15 40 -28 33 -30 31 39 43 34 35 -13 37 38 -37 -17 58 48 -16 44 -33 46 -14 -8 -9 56 51 52 54 -4 55 61 -12 -20 -27 60 -60 -31
right_child=2 6 20 4 23 12 19 8 -10 10 49 28 45 22 42 17 -18 21 57 -21 -22 24 -24 -25 -26 26 27 -29 29 50 -32 32 -34 -35 -36 36 -38 -39 -40 -41 -42 -43 -44 -45 -46 -47 -48 -49 -50 -51 -52 -53 -54 -55 -56 -57 -58 -59 59 -61 -62 -63
leaf_value=-0.09149572362950921 -0.088823407442291211 -0.091952853234743226 0.24314891249084922 -0.0076630296176540928 0.024447767791446199 -0.048469072543153045 0.015760847284815135 -0.043979725019367054 -0.069196071525521347 0.089123656357902065 0.041052737249521416 0.052936595446085047 -0.006900476903690409 -0.091809294430446844 0.10405525837615777 0.024879097308997726 0.027699650326013372 0.054170351741823379 -0.060463503869371028 0.069291014007363164 0.09307563848289381 -0.027754331366988974 0.017853040067943023 0.093431952241630589 0.034006790766153851 0.1616364814980227 2.8707065044035582 -0.10231694590668015 -0.070592097777410115 0.33008706414210764 -0.020218510422263733 0.13198116661977988 0.064921048721713823 0.19636198031055685 -0.06530295589291911 0.93942527979459656 0.21736256569450144 0.43485163031854612 2.4354082950966705 -0.035504790929652967 -0.028387323398899923 -0.049376349824179593 -0.12036996699844352 0.0040009606703720578 -0.47158562782861929 -0.038666205099925605 0.058327677512968135 -0.0083958385510147556 0.20047492950757975 0.062325200901111211 0.096109065107236186 -0.010283040101473672 0.27471200122948053 0.018520164734103086 0.01355836802189962 -0.038714469090219944 -0.012341217676944972 -0.016127564978630146 5.5313581342411542 0.26393830579360639 0.56690857422719654 1.4540047471263453
leaf_weight=755.57266773062292 144.44060418516165 260.02188516267051 3.4859928488731375 575.11713514455187 90.595007624011487 303.25547565998568 482.42982602032134 5.9393339228699897 140.77644419638091 150.55892678405507 95.94221973263484 74.445746821904322 794.01213168908725 81.93828132613271 26.909798204811526 107.44570684492646 1284.2759916780924 209.82630251511 199.04780516824394 66.06354447780177 271.66809423733503 133.56877794058528 58.289412770944182 154.71251584566198 150.30655653239228 1.7333040551602583 0.1008459103759386 0.089200385118601844 43.390734994682134 2.7869987118319908 441.37649916819646 18.320528570897299 130.91443004015309 13.367025776373337 17.121269448194653 0.47491257364163075 2.519515669264365 1.2494629431166684 0.15709664870519191 191.03748355874268 9.6354488640499749 190.1307573284721 4.9691189596051109 297.15939924858685 0.67157489527016778 179.76523434347473 61.032541879452765 989.49237249465659 6.6483900069142692 87.567332147387788 30.020436982013052 109.6547394261288 5.5977629598928607 90.459524422418326 17.396976697840728 1.6213382748537695 136.75887485826388 137.26689838198945 0.053269417476258241 0.50759398864465766 0.14981966695631843 0.12859591982851259
leaf_count=3872614 494628 1176223 22 90598 3080 124473 6142 2953 20522 20996 7778 26583 38075 419393 5569 15338 166186 11341 44122 5610 70394 3922 23698 23375 8466 884 59 63 54605 1151 9368 2629 27406 1575 6900 179 71 205 46 48812 9198 182487 2078 50677 11 8226 3356 22718 235 4711 2537 9845 316 2389 4158 2458 3312 3383 80 22 134 78
internal_value=-0.00448828 -0.0299364 0.0089513 0.00491245 0.00719542 0.00457374 -0.0108338 -0.0323298 -0.0100327 0.0114031 0.0448719 0.0049869 -0.0176139 -0.082387 -0.0260632 0.00733795 0.0167618 -0.00134981 -0.0101712 0.00251855 0.0760601 0.0258672 -0.0372563 0.0679553 0.004947 -0.0713542 0.0652491 1.47528 0.0277551 0.00718156 -0.00104833 0.0103007 0.0263703 0.0673831 0.0494181 0.0743293 0.436202 0.729254 1.31128 -0.0137683 0.043065 -0.0410241 0.069073 0.010407 0.110639 -0.00857164 -0.00224453 -0.000478365 0.0851326 0.0240691 0.0273641 0.0123206 0.102348 0.0268554 0.0583588 0.230147 0.00967301 -0.0423678 0.324766 0.722628 1.86906 0.379659
internal_weight=9841.97 3401.38 6440.59 6074.98 5930.54 5685.23 2493.31 955.328 695.306 4347.16 470.827 554.53 1338.07 908.07 234.597 3876.34 1859.39 2016.94 1523.24 1537.99 365.614 493.702 152.497 245.308 283.875 94.2078 12.2695 0.190046 319.933 210.598 1186.93 745.549 447.066 109.335 95.968 78.8467 4.40099 1.88147 0.632009 298.483 12.0794 202.718 31.8789 316.152 18.9921 1034.81 855.045 1471.92 12.5877 320.268 167.207 137.186 27.5317 93.9455 21.9339 4.53693 232.701 336.315 2.44399 0.710683 0.203089 2.91559
internal_count=7148463 5861389 1287074 1214269 719641 693186 1535244 1500774 324551 519056 36797 304029 174130 4326145 193322 482259 256784 225475 201746 34470 72805 23729 453531 26455 12388 429833 10440 122 110707 75148 154241 144873 80723 35559 33984 27084 501 430 225 64150 10318 185675 7647 53317 2640 49657 41431 28860 3188 15801 20543 18006 8161 2411 7845 3687 11090 47505 1120 236 214 1229
is_linear=0
shrinkage=0.1


Tree=55
num_leaves=63
num_cat=0
split_feature=9 16 6 3 15 9 19 17 5 15 2 16 2 3 12 9 16 2 8 8 15 2 18 17 18 7 3 15 2 15 9 15 2 16 5 12 12 5 5 12 3 16 2 7 3 15 12 18 2 5 18 3 3 7 2 12 9 18 2 12 16 5
split_gain=279.791 353.649 152.552 78.8437 61.734 59.3451 57.8673 51.9936 46.6426 37.894 39.7854 37.2291 36.7972 34.8189 34.2759 32.1813 48.4088 32.086 32.0275 32.5763 39.7729 30.7544 41.3688 29.6651 28.0469 26.161 51.7365 40.5245 37.7875 31.7974 46.1698 30.4527 30.1526 26.217 31.629 34.5608 58.3157 25.7682 24.9787 24.8825 23.9253 23.762 23.555 29.9159 25.5636 23.1343 60.2267 42.0408 30.2882 31.1905 45.2177 32.5086 38.3475 29.4578 26.1126 25.5111 24.2598 25.3017 23.0691 22.9265 22.9226 22.7327
threshold=0.26201373338699346 -0.26403135061264033 1.0000000180025095e-35 0.55612829327583324 23.500000000000004 0.87867647409439098 1.0000000180025095e-35 73.500000000000014 0.99484536051750194 4.5000000000000009 0.15792983025312426 -0.79920962452888478 0.12562644481658938 0.68783602118492138 17.548258781433109 0.1490740776062012 -0.44769965112209315 0.20314723253250125 0.75000000000000011 1.0000000180025095e-35 20.500000000000004 0.43464034795761114 3.8305212259292607 848.50000000000011 3.7466021776199345 2.5000000000000004 0.47559523582458502 21.500000000000004 0.0070401676930487165 22.500000000000004 0.35388994216918951 19.500000000000004 0.010588669683784248 -0.42552547156810755 0.29459981620311743 30.749604225158695 40.273252487182624 0.93419912457466137 0.3647450208663941 37.42181587219239 0.88273492455482494 -0.076836884021759019 0.95631209015846264 1.0000000180025095e-35 0.92907443642616283 10.500000000000002 46.785043716430671 3.2496379613876347 0.35218171775341039 0.94804319739341747 5.4949994087219247 0.90070420503616344 0.7243877947330476 1.0000000180025095e-35 0.84012389183044445 42.628488540649421 0.71825397014617931 5.911341905593873 1.0000000180025095e-35 27.072484016418461 -0.04437675513327121 0.88047617673873912
decision_type=2 2 2 2 2 2 2 2 2 2 2 2 2 2 2 2 2 2 2 2 2 2 2 2 2 2 2 2 2 2 2 2 2 2 2 2 2 2 2 2 2 2 2 2 2 2 2 2 2 2 2 2 2 2 2 2 2 2 2 2 2 2
left_child=1 15 4 -3 5 11 7 17 21 39 13 -2 -7 -11 -13 -1 -17 59 19 23 -21 -4 24 25 41 26 -16 -27 -28 30 33 32 -30 -29 35 -35 -37 -20 -34 -9 -24 -23 44 -44 45 47 -47 -40 -49 56 51 52 -51 -48 60 -54 57 -50 -32 -5 -52 -59
right_child=2 3 8 6 -6 12 -8 9 -10 10 -12 14 -14 -15 18 16 -18 -19 37 20 -22 22 40 -25 -26 27 28 29 31 -31 58 -33 38 34 -36 36 -38 -39 42 -41 -42 -43 43 -45 -46 46 53 48 49 50 54 -53 55 -55 -56 -57 -58 61 -60 -61 -62 -63
leaf_value=-0.092231106465655577 -0.083539931708175738 -0.050571581344647079 0.073911925417608895 0.13212260054580785 -0.061148333463233333 0.0067767741044838558 0.05693945203928677 -0.0045196861843182492 0.091996570247001391 0.0020338595890598051 -0.046404705379629416 0.050566230989935339 0.085311654614894553 0.19277070647722791 -0.028627443335661834 -0.089291326239868532 -0.0040430261852133472 0.0079618098837422983 -0.056738090075791142 0.017128981230455163 0.1100273522490596 -0.21095112594712667 -0.0032302804948206075 -0.061943995750179059 -0.40284351223619908 0.0065441072722473752 0.18852920265054024 0.091010486321347631 0.18714622108313031 -0.0043952907484168637 0.10582856167571444 -0.052547377127269861 0.13899503341593258 0.46179996001079887 -0.10051280109984173 2.1391778807191191 0.51275350138323261 1.1981828913466411e-05 0.054262583468329899 -0.090174988106886067 0.063863417035837922 0.0073717505389304305 -0.27158797016365754 0.056384306137724952 0.078051037155841108 0.046308061914118868 0.011072151899864121 0.12678031185878078 0.004420938660449767 0.070107824974072488 0.082890868463627046 0.043856702415048326 -0.057789168203180689 -0.051016034399814739 0.029500040732086525 -0.22739683819233869 0.020759160788089915 -0.025897621293717685 -0.12488624329265396 -0.00015287089374996102 -0.020407974587777079 -0.071361414879279508
leaf_weight=600.00697064197448 47.041435126564465 390.11608662066283 136.80591485195328 36.823090402336675 134.03779587330064 97.322106434497982 153.64496539716492 1368.1863228184302 248.67092920094728 50.026378583628684 509.03947619917744 165.1842229525646 154.17189918202348 11.834926518044083 450.67998737028392 146.7312780587672 121.99393227435939 971.68198778539954 148.51334681252774 162.96161992654379 64.258873901737388 7.6989485803060278 112.0261414248962 66.269518438857631 2.8554653045721343 224.81140976988536 11.549285287677774 1.5642457126959923 9.486166214628609 33.625141915908898 78.529737396136625 82.485644683460123 14.589369195367906 1.5191696701804174 0.53152825648430724 0.40163690748158831 0.4886911625508219 173.46520048030652 120.71437948406674 34.776567851600703 101.1269760215655 14.143242685357109 2.8433523033745578 127.18356102285907 47.598605983890593 378.23393177826074 202.25112673944386 16.718846640374977 159.7760006688186 8.7696291413158161 23.629738093353808 16.92180010676384 14.407634826377032 122.82041732771904 409.75355626456439 23.065878943540156 109.48353725066409 322.27281564407167 4.5870665267575523 20.341670467256336 236.33280147239566 166.95913509489037
leaf_count=3482970 128207 873038 8128 7228 114514 3008 8160 371736 70314 21030 730846 7938 23142 960 101155 668901 93896 249132 10627 5979 3388 141 6992 11122 80 18312 758 1622 566 4617 1628 21618 437 62 208 46 80 2675 6702 797 14478 1277 76 9260 2390 12054 6234 247 2418 156 590 392 207 5386 13358 208 3031 4823 601 1158 5340 1892
internal_value=-0.00360559 -0.0221677 0.0119719 -0.00816032 0.00572921 0.00771956 -0.00291841 -0.00598126 0.0584199 -0.0154815 -0.037202 0.00492794 0.0549206 0.0385245 0.00591758 -0.0793505 -0.0505909 0.0122452 0.00409204 0.00671217 0.043401 0.0361341 0.0144052 0.00432409 -0.108113 0.00560645 0.00267605 0.0316752 0.00804465 0.0782721 0.109996 0.00724793 0.0091945 0.421782 0.597709 0.751735 1.24645 -0.0261641 0.00852577 -0.00664291 0.0286012 -0.0695828 0.00776734 0.0492124 0.00550279 0.00402208 0.0191792 -0.00252264 -0.00706799 -0.00856848 0.0061437 -0.074737 -0.118134 -0.0123864 0.013772 -0.162187 -0.0227839 -0.0301293 0.0930958 0.0850533 -0.0110185 -0.041413
internal_weight=9676.34 4415.2 5261.14 3546.47 4637.81 4503.77 3156.36 3002.71 623.328 1973.86 570.901 4252.28 251.494 61.8613 4205.24 868.732 268.725 1028.85 4040.05 3718.08 227.22 374.657 237.851 3490.86 24.6977 3424.59 3078.53 346.059 2627.85 121.247 87.6221 2616.3 2533.81 4.50527 2.94103 2.4095 0.890328 321.979 2524.33 1402.96 213.153 21.8422 2509.74 130.027 2379.71 2332.11 703.305 1628.81 1508.09 1491.37 732.881 63.1649 46.2431 325.072 669.716 37.4735 758.491 649.008 83.1168 57.1648 259.963 489.232
internal_count=7148336 6509852 638484 2264085 537074 422560 1391047 1382887 101410 1125369 752836 396410 26150 21990 268203 4245767 762797 257518 260265 246963 9367 31096 22968 237596 1498 226474 199298 27176 98143 8864 4247 97385 75767 2018 396 188 126 13302 75201 372533 21470 1418 74764 9336 65428 63038 23674 39364 32662 32415 20251 963 571 11620 19288 415 12164 9133 2229 8386 5930 6715
is_linear=0
shrinkage=0.1


Tree=56
num_leaves=63
num_cat=0
split_feature=16 9 9 17 4 9 7 18 8 7 7 19 8 9 11 15 12 18 7 15 15 12 12 8 15 16 15 12 1 16 15 15 17 9 16 9 17 15 15 16 7 13 1 16 1 18 12 9 7 12 13 7 12 4 9 9 9 16 15 9 1 12
split_gain=242.601 181.285 139.533 90.7016 85.4558 54.4657 41.1443 40.7113 46.3119 41.3944 37.8246 38.1312 32.9448 32.0626 110.545 54.5717 41.3769 30.8446 26.8183 26.3136 48.1323 49.5916 27.8077 28.5856 26.2584 25.754 29.5618 23.9561 21.4126 21.4444 21.2614 34.5405 38.0634 25.2193 26.7652 81.1553 20.4779 20.4526 19.528 18.8995 18.7175 21.2552 20.8156 26.0603 24.1663 18.4433 18.016 25.9435 21.5317 18.7219 17.5996 16.9122 20.878 16.8314 16.7828 16.7374 37.1095 27.7242 122.973 96.9986 29.8096 153.073
threshold=-0.39026698470115656 0.2639319002628327 0.55902779102325451 389.50000000000006 0.99484536051750194 0.93933823704719555 2.5000000000000004 3.9851657152175908 1.0000000180025095e-35 1.0000000180025095e-35 1.0000000180025095e-35 1.0000000180025095e-35 0.75000000000000011 0.13100686669349673 1.0000000180025095e-35 1.5000000000000002 14.557664394378664 8.0995779037475604 1.5000000000000002 14.500000000000002 17.500000000000004 25.032773971557621 60.448089599609382 1.0000000180025095e-35 20.500000000000004 -0.2252639755606651 10.500000000000002 29.080056190490726 0.63333335518836986 -0.024798546917736527 20.500000000000004 22.500000000000004 42.500000000000007 0.5313725769519807 -0.63938987255096424 0.49137930572032934 1129.5000000000002 10.500000000000002 16.500000000000004 -0.12362335994839667 1.5000000000000002 1.0000000180025095e-35 0.90000000596046459 -0.057495892047882073 0.73214286565780651 6.8927538394927987 94.872734069824233 0.71825397014617931 1.0000000180025095e-35 46.785043716430671 1.0000000180025095e-35 1.5000000000000002 19.319185256958011 0.44562648236751562 0.58578431606292736 0.056349206715822227 0.11834733933210374 -0.11274925991892813 15.500000000000002 0.10762548446655275 0.46428571641445165 7.346194028854371
decision_type=2 2 2 2 2 2 2 2 2 2 2 2 2 2 2 2 2 2 2 2 2 2 2 2 2 2 2 2 2 2 2 2 2 2 2 2 2 2 2 2 2 2 2 2 2 2 2 2 2 2 2 2 2 2 2 2 2 2 2 2 2 2
left_child=1 -1 3 10 5 27 7 8 51 37 11 19 24 14 15 -12 18 -13 -15 25 21 55 23 -23 -10 26 -2 -4 29 -16 -8 32 33 34 35 -32 39 -9 -7 -5 42 45 44 -44 -18 -42 47 -29 -48 -49 -26 -3 -53 -19 -54 -21 57 60 -59 -60 -57 -62
right_child=2 6 4 36 -6 38 30 9 12 -11 13 17 -14 16 28 -17 40 53 -20 20 -22 22 -24 -25 50 -27 -28 46 -30 -31 31 -33 -34 -35 -36 -37 -38 -39 -40 -41 41 -43 43 -45 -46 -47 48 49 -50 -51 -52 52 54 -55 -56 56 -58 58 59 -61 61 -63
leaf_value=-0.089118872071728653 -0.092231749692127288 -0.071827723145585554 0.052893827892661685 -0.060400869499006742 0.098237311705099903 0.091039776708565279 -0.027387250159362199 -0.12885554937469673 -0.04694708562854169 -0.071263839405185311 -0.0061180187244217381 0.082042598036001765 -0.047586769265870826 0.015299970070568806 -0.012020620595326414 -0.086655765038843952 -0.021796729427104089 0.22177053059758381 0.09487349504277573 0.017768693276301411 -0.021448181252697845 0.022802897529954083 -0.067232284975117129 0.1491521746194496 0.028761896817930489 0.001141726724132465 0.012074891590663113 0.0045609382830688527 -0.007587227682414769 0.066074110527721525 0.30939007828502491 -0.026224633238125281 0.07011826720302694 0.15145585806417369 0.40253862670179902 3.6010323696746029 -0.083286975531230323 0.099273634224520818 0.010747686463559246 -0.017643221037734996 -0.0042568424040531965 0.020799698632800939 0.075892720371794564 -0.0059566324578631787 -0.11077824243022 -0.082425975203698126 0.022777017838973727 0.074033807907286558 -0.045926254501224062 0.023510139563289362 0.17817936914387458 0.15687676865916647 -0.064942970189921609 -0.0078040660815082187 0.012747522985260794 0.21768966506768506 0.11101123879982827 0.31566566875064839 1.3168067598754427 6.8493439419465139 6.7083559086211002 0.30724479252658921
leaf_weight=539.65531833076966 64.512576396438817 202.25860377159552 143.05860493925866 172.62561878179258 146.20177551312372 132.47920366399921 38.565228838691837 4.2262074072496025 11.391617262139333 24.323251436027931 117.42408057274588 116.51970600720961 31.304949262965238 121.65441418878618 57.624935267711408 296.75809254992055 588.258185804807 3.3307590114709447 64.975078978037345 17.195352190654376 158.61320881603751 195.94008126949484 30.796992946241517 19.707114150340203 11.905096970367593 1924.6807411111658 46.941680967080174 950.5630312631838 510.61164365685545 90.200755491387099 0.24414627579972181 32.885686640322092 65.499949277960695 5.4504280376713723 3.3298795306181983 0.10805058060213923 109.18285173323238 56.063119150596322 39.269715188303962 257.70076656843594 150.7696548740787 401.4924503970833 42.605831628257874 447.2279800985707 32.192088044830598 37.738559125456959 75.607645358890295 90.907781616318971 114.99980484275147 379.60089363856241 23.334494405091391 6.0198759161867192 70.079559624500689 77.516505492749275 46.093808652367443 2.9287807428772794 73.152900825967663 0.48068894655443717 0.070525086441193707 0.057548136785044335 0.044063271227059775 0.24551173970394302
leaf_count=3274630 215940 208575 8255 399152 51382 24361 12216 233 3664 4112 53909 7457 18828 6625 34284 1410710 70669 584 5586 37709 61344 7127 717 627 8130 466040 61745 30106 8139 1471 441 21211 11107 138 279 40 232463 2130 1277 183990 26716 32043 907 9394 294 2545 3882 5955 4133 18358 2887 4173 70644 4475 2059 7263 3399 592 100 19 165 665
internal_value=-0.00395855 -0.0465342 0.0020539 -0.00542166 0.02453 0.0189364 -0.0102341 -0.0241965 -0.0374548 0.0388553 -0.00170752 0.00677563 0.0317649 -0.00954058 -0.0233457 -0.0638226 -0.00169302 0.0491131 0.0430035 0.00347985 0.024054 0.0452426 0.0216552 0.0343494 0.0850361 -0.00156465 -0.0483005 0.0136759 0.0021158 0.0356315 0.0363126 0.0591608 0.0967847 0.288041 0.490222 1.31923 -0.0446089 0.0832821 0.0726813 -0.0347955 -0.00659907 0.00779403 -0.0142475 0.00116264 -0.0264135 -0.019906 0.0101948 0.014067 -0.0186739 0.0332719 0.127701 -0.054082 -0.0247085 0.00165399 -0.0341179 0.106967 0.126892 0.430444 1.0493 3.80278 0.313387 1.28127
internal_weight=9477.21 1172.74 8304.47 6231.78 2072.69 1926.49 633.084 487.001 402.388 84.6126 5692.27 2732.73 77.9362 2959.53 1072.62 414.182 1886.91 197.367 186.629 2535.37 499.233 340.62 246.444 215.647 46.6312 2036.13 111.454 1754.74 658.437 147.826 146.083 107.518 74.6325 9.1325 3.68208 0.352197 539.509 60.2893 171.749 430.326 1700.28 590.001 1110.28 489.834 620.45 188.508 1611.68 1421.07 190.607 470.509 35.2396 324.452 122.193 80.8473 116.173 94.1754 76.98 3.82712 0.608762 0.128073 3.21836 0.289575
internal_count=7148071 3645497 3502574 3354865 147709 96327 370867 325435 318960 6475 2539260 875968 33509 1663292 1508513 1464619 154779 12516 12211 863452 119727 58383 8471 7754 14681 743725 277685 70689 43894 35755 45432 33216 12005 898 760 481 815605 2363 25638 583142 142568 61304 81264 10301 70963 29261 62434 54419 8015 24313 11017 285451 76876 5059 72703 49912 12203 8804 711 119 8093 830
is_linear=0
shrinkage=0.1


Tree=57
num_leaves=63
num_cat=0
split_feature=9 16 0 9 16 3 15 11 19 9 11 9 0 15 2 3 15 4 9 6 16 15 2 2 2 2 0 5 7 1 3 7 2 0 0 2 1 3 5 1 3 18 19 2 4 0 15 2 3 15 3 2 7 17 16 1 2 0 7 2 3 5
split_gain=216.165 298.569 142.982 77.2291 70.6985 54.8925 45.115 42.8957 42.2814 40.4997 35.3649 93.7132 58.87 34.5134 91.449 46.3174 45.8049 41.8811 41.8551 62.7871 48.4409 36.9727 43.198 32.9369 32.417 32.2956 37.9346 55.4914 34.7983 80.0146 61.0329 59.8015 58.39 53.5018 40.036 39.3985 38.4976 61.8398 44.6705 39.1226 37.9522 47.1017 46.5957 34.0335 33.7055 33.5667 32.78 41.2289 38.5422 37.145 34.961 31.6677 31.4543 109.512 31.0867 30.7424 40.7854 29.626 28.6006 28.4084 28.1722 28.0151
threshold=0.20942982286214831 -0.16232615709304807 0.93750000000000011 0.90238094329833995 -0.79920962452888478 0.53410854935646068 23.500000000000004 1.0000000180025095e-35 1.0000000180025095e-35 0.11651583760976793 1.0000000180025095e-35 0.050641026347875602 0.10555555671453477 21.500000000000004 1.0000000180025095e-35 0.42644809186458593 22.500000000000004 0.39314988255500799 0.26794873178005224 1.0000000180025095e-35 -0.48887442052364344 20.500000000000004 0.0045078478287905463 0.023862274363636974 0.10509515926241876 0.95631209015846264 0.73214286565780651 0.9495762586593629 1.0000000180025095e-35 0.90000000596046459 0.7897985875606538 1.5000000000000002 0.7189350724220277 0.43650794029235845 1.0000000180025095e-35 0.90892314910888683 0.46428571641445165 0.74443343281745922 0.86319074034690868 0.63333335518836986 0.85270008444786083 6.6399395465850839 0.83333334326744091 0.010588669683784248 0.82413583993911754 0.30384616553783422 17.500000000000004 0.23958198726177218 0.83096903562545787 15.500000000000002 0.68783602118492138 0.1344389542937279 3.5000000000000004 66.500000000000014 -0.11619730666279791 0.46428571641445165 0.54045319557189953 0.42261904478073126 1.5000000000000002 0.62733262777328502 0.628892481327057 0.74601566791534435
decision_type=2 2 2 2 2 2 2 2 2 2 2 2 2 2 2 2 2 2 2 2 2 2 2 2 2 2 2 2 2 2 2 2 2 2 2 2 2 2 2 2 2 2 2 2 2 2 2 2 2 2 2 2 2 2 2 2 2 2 2 2 2 2
left_child=1 7 3 4 -2 -3 13 9 10 -1 11 -7 58 15 16 21 18 23 19 20 -15 51 -23 -17 -5 26 27 28 29 36 31 35 -31 -32 -33 -30 43 45 39 59 41 -34 44 -19 57 -38 47 50 49 61 -45 -6 -22 -54 -50 -9 -57 -43 -13 -39 -48 -49
right_child=2 5 -4 24 6 8 -8 55 -10 -11 -12 12 -14 14 -16 17 -18 25 -20 -21 52 22 -24 -25 -26 -27 -28 -29 30 32 33 34 40 -35 -36 -37 37 38 -40 -41 -42 42 -44 46 -46 -47 60 48 54 -51 -52 -53 53 -55 -56 56 -58 -59 -60 -61 -62 -63
leaf_value=-0.097215826802635047 -0.090590296576386675 -0.063963410772719567 0.078688321247185652 0.015860342110488632 -0.063094977261195159 -0.087620907189521036 -0.057696859242058557 -0.076083998305100917 0.057887771651035008 -0.048638804517595335 0.0040279109208612449 0.02789712066700293 -0.018933829586764664 -0.10005555928970447 -0.071623277392034446 -0.070010216809969425 -0.0033595048783305898 0.12152632157157568 0.067484394551735924 2.6859970553573422 0.35013733748828096 0.051584837695121649 -0.10721309592119575 0.090338130137074327 0.08925952912949589 0.047646711589709012 -0.021375539023890843 0.032268736787017617 -0.04741800795571461 0.033741962211309144 0.070538486647262227 0.044095937764571123 0.02088985705095274 -0.035887498720870291 -0.033908709530960583 -0.65656411135987558 -0.14237753924616017 -0.065002235545962184 0.029699027381406992 0.025646272039755769 -0.13464019798406043 0.035775191657514714 0.0069172462108372775 0.014940941787750118 -0.020754305987748134 0.075581933353682421 -0.079141171377707542 -0.097356352105899893 -0.098340792266730273 0.056622197312179469 0.082573294573229788 0.011118030940257114 3.5145760676747919 -0.10088442468699002 0.053863344076408748 0.11785809159898392 -0.045445990604027535 -0.18638785103916963 0.13515272110914087 -0.2434699794629562 0.027796864497568158 -0.020785972830614955
leaf_weight=533.60761388380342 81.578997063319548 157.40281754404714 271.44180697551928 102.66972782486118 249.17077809567854 172.02973905405815 118.74579049245222 45.866116727687768 108.80477920800331 253.00504057964281 1439.6697796485387 107.37748655366886 638.0095258524816 2.7158166217559474 71.229486093638116 14.924510724216814 104.06366678382619 24.9867971836793 243.40109254408162 0.10747569013619873 6.1943083263759009 89.113899971242063 21.207424578838982 90.42057522261166 145.36593666719273 161.1168646896258 591.55642649543006 652.16614399963873 499.51687865141139 93.060912130400538 133.56847483012825 149.98624741735694 79.746634563896805 73.080618765336112 117.22134564425505 1.0640478348359454 7.2415855425060718 22.009554971242324 140.95319401248707 24.470460900338367 52.376283294055611 6.7723658508621147 43.37565737683326 279.43699626190937 23.993471297435462 290.97692887339508 80.250668551307172 86.794694633572362 15.531509374151936 35.104909681758727 105.20877606903377 74.747036568762269 0.13823264287202608 0.21267394743335899 98.661447936668992 29.141387868789025 32.184131667367183 52.799420897848904 32.352846534631681 14.996430402097756 35.547603854603949 106.30809258492081
leaf_count=3796414 325998 457112 72043 3116 94842 815305 102743 162107 6687 686600 27633 27170 153680 10379 45567 4953 38626 2542 17319 6 2976 23007 16634 7106 27013 11170 11648 24752 39570 1583 5701 8460 1129 1557 11171 21 227 666 7297 560 443 73 497 8864 212 6709 16993 3532 788 1169 4604 6514 28 120 6495 11261 12896 498 6327 356 4572 3786
internal_value=-0.00408288 -0.023512 0.00783327 0.00434643 0.00177885 -0.00668611 0.0032318 -0.0735046 -0.00307734 -0.0815916 -0.00585343 -0.0208316 -0.00605841 0.00465952 0.0318287 0.00215275 0.0524793 0.00536351 0.0754678 0.282882 0.254993 -0.0289407 0.0210586 0.0676212 0.0588773 0.00376382 0.00196877 0.00609444 -0.000239407 0.00831191 -0.0153388 -0.0283226 -0.0342004 0.0329014 0.00987607 -0.0487128 0.0192508 0.0413333 -0.00132442 -0.072455 -0.0586067 -0.0393392 -0.0771762 0.00651147 -0.120826 0.0702893 0.00310177 0.0109722 -0.0142674 -0.0380005 0.0334398 -0.0459696 0.402314 1.32335 0.0331619 -0.0141594 0.0321548 -0.161131 0.0527308 -0.137325 -0.0463135 -0.0552024
internal_weight=9336.78 3549.45 5787.33 5515.89 5267.85 2655.65 5186.27 893.804 2498.24 786.613 2389.44 949.77 777.74 5067.53 428.063 4639.47 356.833 4205.23 252.77 9.36851 9.26103 434.239 110.321 105.345 248.036 4099.88 3938.76 3347.21 2695.04 1720.6 974.438 767.789 352.125 206.649 267.208 500.581 1368.48 500.648 202.43 61.4764 259.064 206.688 126.941 867.831 83.5653 298.219 842.845 727.046 342.401 228.208 384.646 323.918 6.54521 0.350907 114.193 107.192 61.3255 59.5718 139.73 37.006 115.798 193.103
internal_count=7149827 6163192 986635 914592 884463 1493914 558465 4669278 1036802 4483014 1030115 1002482 187177 455722 115021 340701 69454 199704 30828 13509 13503 140997 39641 12059 30129 187645 176475 164827 140075 73595 66480 59222 4435 7258 19631 39591 69160 15815 8879 1582 2852 2409 1280 53345 783 6936 50803 29238 15770 8487 13468 101356 3124 148 7283 186264 24157 571 33497 1022 21565 7318
is_linear=0
shrinkage=0.1


Tree=58
num_leaves=63
num_cat=0
split_feature=9 16 2 17 15 9 12 9 12 12 9 11 2 15 16 15 1 2 2 2 15 5 15 12 16 17 15 14 15 17 5 18 14 14 14 9 2 5 15 16 9 11 5 12 12 2 16 14 18 19 1 17 5 2 14 7 9 18 16 5 2 12
split_gain=183.011 228.754 89.9905 83.329 44.1588 42.0423 44.0329 37.0191 29.5135 29.3989 29.3251 38.5482 27.3359 27.229 66.6959 52.4318 48.7514 59.3998 35.8298 27.9971 38.7719 31.7713 31.1967 30.2557 35.9041 56.4824 30.9015 26.8903 24.256 23.3327 55.3236 23.2482 21.1445 37.1512 23.5837 25.6967 21.9077 21.1009 19.1336 38.7987 27.91 37.7041 28.6111 22.7508 42.5541 20.3903 28.7442 24.5137 20.9905 19.5913 19.182 22.5965 18.9849 18.0996 17.6609 16.9741 16.5239 16.4167 16.9783 16.4074 16.3349 16.2849
threshold=0.43874999880790716 -0.45399816334247584 0.95631209015846264 176.50000000000003 4.5000000000000009 0.93933823704719555 34.086711883544929 0.2639319002628327 61.905717849731452 23.198125839233402 0.13423423469066623 1.0000000180025095e-35 0.10509515926241876 15.500000000000002 -0.15498661994934079 16.500000000000004 0.46428571641445165 0.4325739592313767 0.1531234607100487 1.0000000180025095e-35 23.500000000000004 0.74133810400962841 21.500000000000004 13.388028621673586 -0.45087748765945429 69.500000000000014 22.500000000000004 0.98837208747863781 18.500000000000004 146.50000000000003 0.14589799940586093 3.1774889230728154 0.98837208747863781 0.73879140615463268 0.50531914830207836 0.67543861269950878 0.31811580061912542 0.93908473849296581 4.5000000000000009 -1.0000000180025095e-35 0.10762548446655275 1.0000000180025095e-35 0.4712491780519486 20.823693275451664 16.981006622314457 0.95631209015846264 0.27499860525131231 0.76696833968162548 1.7213028669357302 0.83333334326744091 0.58571431040763866 30.500000000000004 0.6789083480834962 0.17399691045284274 0.97366598248481762 1.5000000000000002 0.55902779102325451 8.7862462997436541 -0.047006832435727113 0.81120249629020702 0.50649741291999828 11.362485885620119
decision_type=2 2 2 2 2 2 2 2 2 2 2 2 2 2 2 2 2 2 2 2 2 2 2 2 2 2 2 2 2 2 2 2 2 2 2 2 2 2 2 2 2 2 2 2 2 2 2 2 2 2 2 2 2 2 2 2 2 2 2 2 2 2
left_child=1 7 5 8 -5 6 54 -1 13 -9 11 -6 -7 14 16 37 18 -18 -3 20 22 28 -17 26 25 -25 29 38 -21 -24 -31 -19 33 34 -8 -36 -35 -15 39 40 41 -16 43 44 -42 48 47 -47 55 52 51 -43 -40 -54 56 -41 -2 -13 -59 -52 -57 -12
right_child=2 3 -4 4 10 12 32 9 -10 -11 61 57 -14 15 27 19 17 31 -20 21 -22 -23 23 24 -26 -27 -28 -29 -30 30 -32 -33 -34 36 35 -37 -38 -39 49 45 42 50 -44 -45 -46 46 -48 -49 -50 -51 59 -53 53 -55 -56 60 -58 58 -60 -61 -62 -63
leaf_value=-0.093826035472154443 0.024008570156238907 0.14244355830159294 0.07639107735190577 -0.011849333044572544 -0.097180919580171665 0.015399783915725078 0.010270288825259995 0.046819938137595912 -0.079847947842281497 -0.058674351419450967 0.067294753893395162 -0.023280098840585545 0.090188101890128464 0.049232141068776838 -0.073120880453132558 -0.0088725194438304487 0.13869234090028357 2.3594158889138219 -0.086031418415654967 -0.0022055751431324703 -0.067307136988937213 0.095942462821832719 0.39862914822617901 2.5066561516073964 0.062902146713362639 0.22928345116011295 0.072041674927346824 -0.038625363786728754 -0.065207314456784099 4.7157391346215585 0.75478778998910867 -0.032257177618046327 -0.013451890473123694 0.077667687059830015 -0.044060173782351192 0.0067632144177970262 0.020693435595246324 0.27294965564495577 -0.052587399342164644 0.0031433064199306278 0.20664654105634908 0.37286962412699204 0.050673712760145997 0.11160895165635235 0.94923912059032212 0.0013952385020186307 0.069785435881239671 0.11127252061282232 -0.0086040355765442215 0.17454257072820026 -0.092994138416910233 0.062322110091229926 0.17508194822817397 -0.0086734147986835871 0.0046197905093946249 -0.0046557447732259909 0.061089857846530052 0.1440759335968694 0.97154192664837979 0.019180694519442629 0.13896154040898523 -0.034560441609735544
leaf_weight=370.31149574182928 270.34933470463147 7.1197028118476728 229.15634045191109 606.24872900292394 200.12073888367013 89.998016477096826 711.50334492306865 33.852395271227579 46.865806312212953 120.25970133108785 16.580518159884377 77.30188531416934 106.95208236714825 262.46884282690735 44.592262583384581 55.246801401197445 25.121643785554625 0.040657621779245257 190.99031335501058 121.37257704945659 34.902910999808228 20.410362170572625 3.8637809836509387 0.15335541566309885 80.331519091385417 0.37571691963239573 3.9877178125607315 163.68328752661182 123.08018329182232 0.041501401588902698 0.23456095229630591 112.37671702238003 679.13431607757229 97.259076707123313 210.99622699925385 188.23457236203831 220.49857178656384 4.2848402414965667 112.72766382426926 46.96710050656111 2.8037499288911918 2.4372031106031491 199.51389825229126 7.3761454259220045 1.0647350661165544 407.17445715842769 87.446744425455108 21.370164885709528 1362.8326532009523 5.4375888011709312 14.262375525198875 60.662231294030789 5.4325894228240932 402.81323052707739 191.15749066288117 11.54450675404223 216.33408603110001 2.295286479784409 0.27799947245512058 152.03359874244779 25.222321789275156 294.61396009962482
leaf_count=2761952 11790 4555 62176 325800 1282053 2703 33021 43162 7302 257597 3561 39389 23587 46392 176333 24571 12311 92 829018 67999 33703 10157 2490 77 13404 159 3895 6856 96673 16 314 153780 37693 4794 12022 9918 9883 745 214520 8293 373 83 8952 226 118 30355 8982 1057 101583 1184 163 2353 1269 241386 10100 2431 14099 1275 14 1448 2176 84231
internal_value=-0.00323704 -0.0136171 0.0160021 -0.00752387 -0.0308129 0.0113621 0.00820496 -0.0766862 -0.000932191 -0.0355014 -0.0502595 -0.0737394 0.0560129 -4.81981e-05 -0.00369771 0.0177849 -0.0460656 -0.000326074 -0.0778205 -0.00326748 0.0272664 -0.0239188 0.0501519 0.0867962 0.0683099 0.889396 0.270715 0.000834936 -0.0339265 0.462087 1.35025 -0.0313922 0.00107467 0.0079809 -0.000644722 -0.0200973 0.0381321 0.0528257 0.00300696 0.00672717 0.032062 0.011017 0.0594207 0.21462 0.411033 0.000469531 0.0175362 0.00687447 -0.00561816 -0.0142884 0.0273726 0.0743169 -0.0162593 -0.00622815 0.0303753 0.0429792 0.0404915 -0.0150086 0.233469 0.00956002 0.0938668 -0.0291336
internal_weight=9164.1 5952.53 3211.57 5428.11 1197.44 2982.42 2785.47 524.424 4230.67 154.112 591.19 279.996 196.95 4183.8 3473.05 710.755 335.649 137.539 198.11 444.001 179.138 264.863 144.235 88.9882 80.8606 0.529072 8.12756 3137.4 244.453 4.13984 0.276062 112.417 2107.63 1428.49 1110.73 399.231 317.758 266.754 2973.72 2447.3 484.746 273.988 210.759 11.2446 3.86848 1962.56 515.991 428.545 1446.57 526.411 229.395 63.0994 520.973 408.246 677.841 83.7339 486.683 79.8752 2.57329 166.296 36.7668 311.194
internal_count=7148614 6916828 231786 3854117 1736323 169610 143320 3062711 2117794 300759 1410523 1322731 26290 2110492 1809897 300595 999756 166183 833573 253458 78629 174829 44926 20355 13640 236 6715 810141 164672 2820 330 153872 107331 69638 54961 21940 14677 47137 803285 344926 190049 180380 9669 717 491 154877 40394 31412 114483 458359 4047 2436 457175 242655 35989 12900 25889 40678 1289 1611 4607 87792
is_linear=0
shrinkage=0.1


Tree=59
num_leaves=63
num_cat=0
split_feature=16 9 9 17 16 12 9 11 9 4 0 3 12 18 7 15 0 3 19 16 9 3 14 15 15 17 3 12 0 12 9 15 0 9 12 18 17 15 16 17 9 9 3 14 9 3 16 1 0 3 4 1 3 5 7 0 15 16 5 12 12 12
split_gain=162.139 190.387 100.336 68.3317 45.7459 45.3092 44.0839 92.7471 63.2159 37.4523 41.5823 37.5815 36.6446 35.7497 39.9349 28.5849 27.9858 33.0527 25.4587 24.4154 23.0819 22.846 21.6552 21.163 30.1454 24.3783 21.867 20.7409 20.6399 20.3537 36.8255 29.3538 20.7603 20.1279 19.4518 19.3215 18.4792 17.4914 21.7138 23.969 26.2125 34.2794 50.9792 27.1418 17.4471 16.721 16.5194 16.1358 15.8944 16.0646 15.5793 14.8398 29.763 15.725 19.7212 15.2815 14.6635 13.7178 13.4403 13.3373 18.3457 42.3311
threshold=-0.33024491369724268 0.24283374845981601 0.76696833968162548 84.500000000000014 -0.82388070225715626 52.585971832275398 0.1490740776062012 1.0000000180025095e-35 0.080540537834167494 0.30053764581680303 0.30384616553783422 0.78456193208694469 9.6323142051696795 2.6105628013610844 1.0000000180025095e-35 9.5000000000000018 1.0000000180025095e-35 0.43534001708030706 0.83333334326744091 -0.17361970990896222 0.89736840128898632 0.93788579106330883 0.98837208747863781 20.500000000000004 22.500000000000004 72.500000000000014 0.38757823407649999 5.3291354179382333 0.39230769872665411 35.195487976074226 0.34891304373741155 15.500000000000002 0.93750000000000011 0.27429467439651495 31.838282585144047 7.8033127784729013 1642.5000000000002 18.500000000000004 -0.31306043267250055 80.500000000000014 0.21807064861059192 0.35388994216918951 0.5604878067970277 0.34891304373741155 0.46410256624221807 0.60640108585357677 -0.45710179209709162 0.38750000298023229 0.5634920895099641 0.84660634398460399 0.76728257536888134 0.26785714924335485 0.61143791675567638 0.81120249629020702 1.0000000180025095e-35 0.27922078967094427 2.5000000000000004 0.12352748587727548 0.99484536051750194 20.374717712402347 6.9569072723388681 7.346194028854371
decision_type=2 2 2 2 2 2 2 2 2 2 2 2 2 2 2 2 2 2 2 2 2 2 2 2 2 2 2 2 2 2 2 2 2 2 2 2 2 2 2 2 2 2 2 2 2 2 2 2 2 2 2 2 2 2 2 2 2 2 2 2 2 2
left_child=1 -1 3 29 -3 -4 7 8 -5 23 16 13 -8 -12 15 -15 17 -11 27 45 22 36 -21 26 25 -25 -6 -10 -13 31 -31 44 51 -23 -17 48 -14 -33 -39 -40 -41 42 43 -42 -2 -7 -27 -35 49 57 -50 52 -32 54 -53 -56 -34 -9 -16 60 -29 -62
right_child=2 4 5 6 9 19 12 35 18 10 11 28 21 14 58 34 -18 -19 -20 20 -22 33 -24 24 -26 46 -28 59 -30 30 32 37 56 47 -36 -37 -38 38 39 40 41 -43 -44 -45 -46 -47 -48 -49 50 -51 -52 53 -54 -55 55 -57 -58 -59 -60 -61 61 -63
leaf_value=-0.085798605082979457 0.0069189581099844358 -0.092240108777603164 0.087484641329225399 -0.087891482276341179 -0.035718461130153152 -0.048257159353237253 0.076941983136204581 -0.037560912060994184 0.11033231880064015 -0.047025868906008031 -0.096309091949966993 0.090638565798564275 -0.005542029080201091 -0.15381379122288832 -0.092620663846439188 0.17396868584529579 -0.093060188804255484 0.042793772888143872 0.14838153440095511 0.040182222254544757 0.081625082092104437 -0.0096882722609517736 -0.026130106264094045 0.10135597331473843 -0.013273695645155332 0.070645663532396819 0.17536853198583857 -0.0886327472919059 -0.17215169279364731 -0.051919454779796606 -0.0048066611465378255 0.065679731547926057 0.096712957892499993 -0.034968826020073188 0.071403515147198823 0.042019241524563017 -0.091833614544680808 0.13110030583286481 -0.020554031464282262 -0.10321581215122606 1.3733108616652561 -0.019536235667090507 2.0931968797489189 0.25597613105221056 0.034445197768740138 0.04187110006010189 -0.0023188404527328399 0.08360511251808686 0.040512981918827851 0.018055200573308422 -0.0061074687823359508 -0.0019696946244892356 0.0575644690702138 -0.0010320203420585083 -0.023887009354594889 -0.154183450895646 -0.64740151536065282 -0.23234014297605038 0.096366786495038881 -0.07582265281301305 0.32366700674410132 -0.013876995245758118
leaf_weight=481.79419774685084 1802.8407894026022 59.537985529619618 158.72836753504816 294.39300830749562 78.544193491812621 65.03086875192821 57.516085173498141 209.99756599427201 10.656829416271647 159.64832042528724 16.729466058852267 3.8147572571178925 2073.6732240456913 4.5591093789553261 19.068809730350043 26.756823868097854 80.66152277636138 55.113310208726034 8.6300104509064095 179.81051789084449 88.079287293599918 61.646378881210694 67.820996111491695 74.759282054226787 90.996273934375495 54.774735260551097 5.2346471801502039 32.139217146628653 13.802752845484063 131.3866156040167 200.53541874128859 165.51418325396662 27.68118295213208 13.608756361063568 59.855932940539788 83.22654161544051 25.117417388100876 13.092136570485307 76.514389637173736 1.5533117223094439 0.27115838770987499 1.0893861791118977 0.22779897588770825 1.096734187682159 263.98349956958555 30.117883922997862 71.576462808865472 73.249292922671884 86.118014557025163 58.939076308626682 427.53156555903843 41.789225598331541 123.70402090507559 467.93232565559447 15.036273406818507 22.42637958470732 0.267383391270413 3.6790961166843763 4.6882687351899213 54.468291396464338 3.8065203869700772 155.11314654201851
leaf_count=3603023 571591 230291 30629 1766600 23587 1371 2450 33552 4086 123619 7475 182 136570 255 1553 620 57676 9727 334 16492 20481 1394 3737 5503 43514 15445 1177 41634 592 18151 7696 27222 11642 1393 1215 7057 3464 3074 28338 1985 68 49 28 244 19646 1512 2899 19536 1701 2242 9134 839 4452 14542 137 182 63 58 127 36520 365 167564
internal_value=-0.00346519 -0.0352646 0.00217386 -0.00112212 -0.00760137 0.0418117 -0.0104308 -0.0242324 -0.056003 -0.00146036 -0.0211017 0.0219161 -0.00187551 0.0402705 0.0601515 0.0902419 -0.0428385 -0.0239759 -0.0205527 0.0249858 0.0376589 -0.00389272 0.0220207 0.0217768 0.0344842 0.0560932 -0.0225294 -0.0262436 -0.115249 0.00923075 -0.00246675 0.014414 0.00475765 0.0340117 0.103088 -0.00379931 -0.00657473 0.0461251 0.0116367 -0.00773147 0.223751 0.4129 0.708126 0.477466 0.0104347 -0.0197284 0.0293121 0.0650272 -0.00864922 -0.0281655 0.00170887 0.00203675 0.0189892 -0.00800859 -0.0492009 -0.101887 0.089594 -0.0409146 -0.0553255 -0.0321715 -0.0197271 -0.00579198
internal_weight=9041.96 1361.92 7680.04 7090.45 880.123 589.588 3733.51 1428.7 559.207 820.585 444.699 149.276 2304.81 131.658 114.929 91.1719 295.423 214.762 264.814 430.86 335.711 2247.3 247.632 375.886 292.107 201.11 83.7788 256.184 17.6175 3356.94 1030.76 2326.18 899.372 148.504 86.6128 869.492 2098.79 259.359 93.8449 80.7528 4.23839 2.68508 1.59569 1.36789 2066.82 95.1488 126.351 86.858 786.265 272.616 513.65 871.424 324.239 547.184 79.2519 37.4627 27.9486 213.677 23.7571 245.527 191.059 158.92
internal_count=7148305 4128480 3019825 2945603 525457 74222 2235654 2070847 2017103 295166 203041 12019 164807 11245 3770 2090 191022 133346 250503 43593 40710 162357 20229 92125 67361 23847 24764 250169 774 709949 57704 652245 39553 22323 1835 53744 140034 61008 33786 30712 2374 389 340 312 591237 2883 18344 20929 46687 35852 10835 27848 12148 15700 1158 319 11705 33610 1680 246083 209563 167929
is_linear=0
shrinkage=0.1


Tree=60
num_leaves=63
num_cat=0
split_feature=16 13 0 3 0 17 3 0 18 19 4 7 16 3 2 4 4 0 5 1 2 7 2 3 0 0 0 2 2 0 3 1 2 4 3 4 1 4 5 0 18 4 0 0 18 1 2 2 3 4 1 3 5 3 2 14 16 4 18 17 18 3
split_gain=133.816 88.4953 92.8114 85.2028 74.6531 58.7516 49.6262 48.4443 41.271 40.3901 33.1926 32.9347 32.5883 30.9936 30.2959 28.5105 27.0312 26.7688 33.2688 26.7198 24.7078 29.9473 58.5837 57.2361 57.1956 49.377 44.9779 55.7869 44.0024 48.4725 43.9278 39.5094 35.1142 34.7009 34.5223 32.0893 29.5772 28.6145 27.3049 25.3867 23.6693 23.5063 22.4531 38.0399 26.6466 22.439 273.63 79.6878 22.3935 22.3306 22.0804 21.8594 21.4567 21.3032 21.136 20.9985 24.527 20.9223 20.8807 20.8093 20.7854 28.6927
threshold=-0.53377607464790333 1.0000000180025095e-35 0.57738095521926891 0.84660634398460399 0.93750000000000011 123.50000000000001 0.22347066551446917 0.81666666269302379 4.4171528816223153 1.0000000180025095e-35 0.68703359365463268 1.5000000000000002 0.27499860525131231 0.88273492455482494 0.44318661093711859 0.87585616111755382 0.76728257536888134 0.30384616553783422 0.60736888647079479 0.73214286565780651 0.95631209015846264 1.0000000180025095e-35 0.79176026582717907 0.79431909322738659 0.39230769872665411 0.73214286565780651 0.48076923191547399 0.35218171775341039 0.7356814742088319 0.57738095521926891 0.42644809186458593 0.73214286565780651 0.0090742730535566824 0.84660634398460399 0.71209660172462474 0.5025252401828767 0.46428571641445165 0.7933771312236787 0.32583418488502508 0.64583334326744091 8.5993251800537127 0.94028520584106456 1.0000000180025095e-35 0.30384616553783422 9.3471374511718768 0.10555555671453477 0.035349581390619285 0.40568913519382482 0.84660634398460399 0.68457102775573742 0.90000000596046459 0.251315787434578 0.98147514462471019 0.65733855962753307 0.34748451411724096 0.84327486157417308 -0.2543171346187591 0.44562648236751562 6.0190577507019052 69.500000000000014 3.8709022998809819 0.77849927544593822
decision_type=2 2 2 2 2 2 2 2 2 2 2 2 2 2 2 2 2 2 2 2 2 2 2 2 2 2 2 2 2 2 2 2 2 2 2 2 2 2 2 2 2 2 2 2 2 2 2 2 2 2 2 2 2 2 2 2 2 2 2 2 2 2
left_child=6 2 3 5 7 42 -1 11 -6 -7 -4 13 60 20 -5 -9 -15 -8 45 59 21 23 51 26 54 -24 27 30 36 31 -3 -30 -32 -27 38 -29 55 49 -34 50 -21 -17 -2 53 57 46 -19 -48 -41 -26 58 -23 -31 -44 -25 -28 -57 -45 -39 -13 -12 -62
right_child=1 4 10 14 8 9 17 15 -10 -11 12 19 -14 16 -16 41 -18 18 -20 40 -22 22 25 24 37 33 28 35 29 52 32 -33 34 -35 -36 -37 -38 39 -40 48 -42 -43 43 44 -46 -47 47 -49 -50 -51 -52 -53 -54 -55 -56 56 -58 -59 -60 -61 61 -63
leaf_value=0.028202237843342914 -0.00014485540159671326 -0.06592603733387771 0.077124177035786681 0.211462204179899 -0.0032605055382997107 -0.057044228705919388 -0.07935973220755424 -0.0082335854962173223 0.083628322820793119 0.12215742248418833 -0.038376924724941607 0.049474164935801361 0.04609973326861095 0.12313187718709916 0.028196757782439571 -0.17701537962991187 0.021045319646470304 15.200693473649849 -0.036125981967527622 -0.047974181336203299 0.055289101016815362 0.042595659426091587 0.045990993495618887 0.1311011287137171 0.015811554206824115 0.01185086706975972 0.030637061520207037 0.048513728347628585 0.05885328329130593 0.040070239527127807 0.1291181355256035 -0.16494375903448544 0.23350129640470843 -0.064184494012826429 0.081855420104128246 -0.065883295811858408 0.073624248586487751 -0.071483860756503953 0.0050180680733326669 0.063164840010604628 0.060529140953237019 0.04747586232424085 -0.092544041098535562 0.15597157928228456 0.061068043032349119 0.15147954756812043 -0.10148733727363 8.2977893167791272 -0.071896907560831627 -0.1541610439695994 -0.10370682809958445 -0.031601694339817916 -0.18797740833146653 -0.015063027334256272 0.012526534963992225 0.087216358982519351 -0.1818833008089337 -0.024856491227932289 0.041786077116147693 0.017219026606074533 0.02890936909696773 -0.0060909120182263878
leaf_weight=61.985984577768249 440.60645214610122 57.624842272285605 63.767120666649134 9.4791969561265415 75.339991179003846 733.3654254601206 335.12579566668137 29.959509052168869 199.21388013794785 12.796883254981365 137.19894740024029 330.89570375114999 160.99762169609312 27.631242334224225 186.34177574588102 29.294482605910162 423.14473823734443 0.013071234665401721 57.185860893914651 84.714862944871129 76.563616856001318 41.635952298493066 250.01727940468845 20.239667942456435 9.5240822030827967 161.3568393995738 55.957297379842203 29.324564693379216 10.977754601881314 93.058930095372489 31.115760880034941 28.031359565749881 5.2995114960940546 95.573642760835355 74.968796456982091 149.67958152261417 282.76425418704457 36.541861410507408 400.90292495495669 37.630786129950138 26.36079277213139 5.5475797890539971 121.13656028647529 6.4923497464260427 41.980876434507081 7.798918376895017 0.21992816322017461 0.011907117834198289 18.219644570417586 41.016959595384833 63.393724242341705 856.81853853107896 4.3172509657306355 50.187956560323073 58.434237389228656 4.8824795491309478 11.058249728113877 442.61826970467519 29.34367829724215 505.67361672368861 311.8530362005913 940.90113761140674
leaf_count=99265 262049 37110 10692 3358 8290 1790499 2069131 576 63211 2008 80285 63672 14140 3715 56197 973 72597 63 254933 8757 6403 7886 16512 3439 2334 4581 29794 17792 1016 4010 5209 795 719 3275 13699 107593 22458 21701 100555 1405 2228 554 429787 8109 5010 15707 923 39 1595 15995 2035 491599 241 83447 15897 421 647 334751 3346 275699 46140 142156
internal_value=-0.00267814 0.000193467 -0.0115061 -0.0256568 0.00916217 -0.0322991 -0.0550604 0.00607321 0.0597853 -0.0539709 0.00641548 0.00732751 0.0035083 0.00283501 0.0370682 -0.0797646 0.0273029 -0.0679517 -0.00934152 0.0238586 -0.000797589 -0.00224847 -0.0128269 0.00731654 -0.030796 0.0143534 0.0169785 0.00155651 0.0404992 -0.00777337 0.0168525 -0.101964 0.0261639 -0.016433 0.0195062 -0.0471427 0.0590624 -0.0554417 0.00799897 -0.0372353 -0.0222239 -0.141272 -0.0176387 -0.0292748 -0.0151207 0.181077 1.12359 0.329902 0.0191047 -0.122131 -0.0615749 -0.0281633 0.0299596 -0.0698467 0.0430311 0.00179265 -0.0994609 -0.0222424 -0.0210364 0.0299772 -0.00142504 0.00262185
internal_weight=8896.12 8433.77 3659.72 2045.01 4774.05 1849.18 462.341 4499.5 274.554 746.162 1614.72 4434.7 1550.95 3487.05 195.821 64.8016 450.776 400.355 65.2297 947.645 3036.27 2959.71 1405.4 1554.31 314.345 506.948 1239.96 748.916 491.048 136.385 569.912 39.0091 512.287 256.93 481.171 179.004 354.662 235.671 406.202 185.13 111.076 34.8421 1103.02 662.416 491.091 8.04382 0.244907 0.231835 55.8504 50.541 129.279 898.454 97.3762 171.325 78.6739 71.898 15.9407 449.111 65.8855 836.569 1389.95 1252.75
internal_count=7149023 4708962 3268628 2975215 1440334 2915660 2440061 1368833 71501 1792507 293413 1366730 282721 1016374 59555 2103 76312 2340796 271665 350356 940062 933659 523853 409806 67747 24368 342059 282677 59382 6062 157292 1811 120182 7856 114973 125385 53320 48411 101274 30082 10985 1527 1123153 861104 347870 16732 1025 962 3000 18329 27082 499485 4251 513234 19336 30862 1068 342860 25047 339371 268581 188296
is_linear=0
shrinkage=0.1


Tree=61
num_leaves=63
num_cat=0
split_feature=16 9 9 11 16 8 2 5 5 18 7 18 15 7 15 2 7 5 16 5 3 5 7 4 9 2 4 9 9 16 15 18 2 8 3 7 18 2 5 2 16 15 2 3 4 3 7 16 15 16 3 15 3 2 7 2 9 15 5 16 2 1
split_gain=211.764 123.086 105.121 193.255 106.923 103.744 820.689 1549.15 3385.2 2910.48 3074.7 1382.96 687.224 858.86 504.677 125.452 225.443 416.561 543.422 540.036 89.6598 318.203 459.592 110.631 56.2986 46.4506 31.3891 49.3772 29.8088 28.6508 27.5614 31.6993 75.0049 46.1371 46.9712 42.6818 40.5794 46.4728 47.9454 51.4535 40.2207 35.1615 34.3277 33.5703 29.4176 31.8057 33.5526 28.6119 37.7009 27.3083 35.6917 32.8527 27.2891 49.737 30.2945 38.0833 26.9786 26.8064 26.6309 40.7416 45.0647 35.7228
threshold=-0.53377607464790333 0.3514705896377564 0.13100686669349673 1.0000000180025095e-35 -0.033559301868081086 0.75000000000000011 0.035349581390619285 0.5673658847808839 0.60495716333389293 1.7213028669357302 1.0000000180025095e-35 2.6105628013610844 16.500000000000004 1.0000000180025095e-35 19.500000000000004 0.030984946526587013 1.0000000180025095e-35 0.45867486298084265 -0.94522082805633534 0.47673159837722784 0.31631056964397436 0.54433220624923717 1.5000000000000002 0.47395551204681402 0.7947368621826173 0.22650077193975451 0.99484536051750194 0.31414473056793218 0.042572464793920524 -0.82388070225715626 24.500000000000004 1.0000000180025095e-35 0.39936517179012304 1.0000000180025095e-35 0.64747309684753429 1.5000000000000002 4.1439111232757577 0.31811580061912542 0.7320508360862733 0.55648586153984081 -0.19560074061155316 21.500000000000004 0.18544154614210132 0.91847583651542675 0.77003204822540294 0.76253134012222301 1.0000000180025095e-35 -0.092516273260116563 14.500000000000002 -0.009570952504873274 0.45499551296234136 20.500000000000004 0.49742268025875097 0.0090742730535566824 1.0000000180025095e-35 0.02547429129481316 0.5419580638408662 19.500000000000004 0.9495762586593629 -1.0000000180025095e-35 0.88285672664642345 0.73214286565780651
decision_type=2 2 2 2 2 2 2 2 2 2 2 2 2 2 2 2 2 2 2 2 2 2 2 2 2 2 2 2 2 2 2 2 2 2 2 2 2 2 2 2 2 2 2 2 2 2 2 2 2 2 2 2 2 2 2 2 2 2 2 2 2 2
left_child=1 5 3 4 -2 -1 7 12 9 -9 11 -11 13 -7 -13 20 17 -17 19 -19 21 23 -23 -14 26 -26 30 -28 -6 -3 31 32 33 34 35 52 -33 56 -39 44 -36 42 -37 58 45 46 -40 48 -34 50 51 -35 -4 57 55 -55 -38 -54 -41 -60 61 -61
right_child=2 29 24 -5 28 6 -8 8 -10 10 -12 14 15 -15 -16 16 -18 18 -20 -21 -22 22 -24 -25 25 -27 27 -29 -30 -31 -32 36 47 49 40 41 37 38 39 43 -42 -43 -44 -45 -46 -47 -48 -49 -50 -51 -52 -53 53 54 -56 -57 -58 -59 59 60 -62 -63
leaf_value=-0.091256053692445632 -0.087313450576517432 -0.09731428800800633 -0.051076893879749077 0.0031743505851209936 -0.072087866526477348 -20.764410396374217 -0.11060640393107146 -0.10003211317307568 -0.10001641561617614 -46.092767299895272 -0.10001531158342157 -32.400922743962568 -0.58864823618850337 -0.10005810217029508 -6.6783910674375866 -0.10001395069661788 -0.10001379153630592 -44.819565034901785 -0.10001323010509709 -10.564377676363172 -0.15290691374798782 -29.057601209550683 -0.10001379190883589 -12.577479638789267 -0.0041166803163925278 0.059115973197011368 0.0015611682474031168 0.090811175706759381 -0.0018511341731945259 0.016056947614226141 -0.081135454011310462 -0.033361007988208638 -0.078946757595206363 -0.051703244592442757 0.10635240492682507 -0.025183107703263447 0.090813759408155309 -0.041356190811778562 0.074308263791812365 -0.018358575700749422 0.017098175860203783 0.04251532909181114 0.070162196991510106 0.038095581856330246 0.08827432688771307 -0.12081994159173548 -0.014374465947138671 0.090263855732752363 0.1057927065299219 -0.11512510034030417 0.16935459886068049 0.08318257603534901 0.27738103431895422 -0.048807083657555116 -0.065440354614072369 0.026802023076913796 -0.012778609122998814 0.052999846306310217 0.04669802599129283 0.015867624408065981 0.026188266789839817 -0.034622054631003069
leaf_weight=251.9368374233818 475.14905987701059 26.577427932235878 240.9689101528129 1603.01899998726 75.616085483787174 0.038536710089832726 24.239321158194798 0.060060550553316605 0.25922605684900191 0.056297634364455007 0.030971560619946104 0.015394682595797349 0.20416550333175187 0.042070582647284027 0.015118112722120713 0.033255411566642468 0.089538965374231339 0.0089146937607438304 0.012463291903259233 0.0095137664175126702 1.880265366300591 0.010316193467588164 0.011693362037476618 0.0079985594638856128 172.45637624361552 355.97044353478123 149.80330706038512 105.74581093003508 300.77199187118822 138.21538068236259 39.022137845371617 378.09182908797084 25.784309671333176 25.433180861837172 66.40954288233479 234.9003070148683 88.613871775203734 269.00149254903954 89.963040943286614 919.92607325343124 210.59471188078169 236.53785869741841 44.9942089774122 191.83332981512649 96.022940014387132 14.74371340330981 81.142424325364118 161.75357133187936 19.326821010268759 7.931248922366648 30.693987550526799 62.257229058268422 8.3274678154921293 105.03706189431978 97.208221507178678 182.12628301222139 35.097023241687566 14.764026548225955 190.42688973053009 202.84776797052473 332.28305910318159 453.25312026403844
leaf_count=2134082 3518867 68034 109301 153373 338497 94 152101 472 2001 50 242 22 1648 244 82 290 804 26 107 76 16651 31 100 57 6990 62383 4753 46679 92628 61696 31371 66838 1956 4416 1052 46996 11363 22753 2681 23840 5462 38622 2646 14922 3798 778 6890 8279 464 448 768 5490 552 17317 15987 6062 727 2978 5017 4653 13399 7327
internal_value=-0.00342613 -0.0707502 0.000132218 -0.0172765 -0.0557752 -0.111229 -0.297425 -1.92294 -7.38949 -18.0147 -27.15 -36.8007 -0.905685 -9.97927 -19.6562 -0.583217 -3.34179 -7.86679 -16.2278 -27.1352 -0.382713 -2.22791 -13.6728 -1.04063 0.00732437 0.0384795 0.00428287 0.0384927 -0.0159616 -0.00222732 0.00258775 0.00322606 0.0140265 0.00656056 0.00148373 -0.00731781 -0.00250828 0.00142581 -0.00118641 0.00301416 0.0384962 0.0141313 -0.00985595 -0.00194707 0.0433304 0.0201092 0.0322527 0.0706237 0.000200595 0.0645116 0.0765465 0.0440611 -0.0244006 -0.00862451 -0.0171879 -0.000853869 0.0614244 0.133918 -0.00560713 0.0043439 -0.00381625 -0.0190121
internal_weight=8839.6 443.755 8395.85 2454.56 851.537 278.962 27.0251 2.7858 0.437069 0.177843 0.117782 0.0868104 2.34873 0.0806073 0.0305128 2.26813 0.153686 0.0641472 0.0308918 0.0184285 2.11444 0.234174 0.0220096 0.212164 5941.29 528.427 5412.87 255.549 376.388 164.793 5157.32 5118.3 1775.05 1568.18 1441.87 1164.86 3343.25 2965.15 2841.44 2572.44 277.004 516.432 279.895 2290.57 281.872 185.849 171.105 206.865 45.1111 126.316 118.384 87.6904 648.432 407.463 384.372 287.163 123.711 23.0915 2098.74 1178.81 988.384 656.101
internal_count=7148233 2438910 4709323 4103365 3949992 2309180 175098 22997 2869 868 396 154 20128 338 104 19790 1303 499 209 102 18487 1836 131 1705 605958 69373 536585 51432 431125 129730 485153 453782 268796 258097 246975 240461 184986 118148 106058 83305 6514 88264 49642 69158 14147 10349 9571 10699 2420 11122 10674 9906 152197 42896 39366 23379 12090 3530 54236 30396 25379 11980
is_linear=0
shrinkage=0.1


Tree=62
num_leaves=63
num_cat=0
split_feature=16 17 3 13 0 16 14 12 12 0 3 1 0 4 14 6 14 0 12 0 16 1 3 7 12 18 18 17 3 17 7 4 4 15 0 3 0 18 12 4 18 18 12 17 16 12 17 7 17 3 13 18 3 13 16 7 3 0 3 8 0 12
split_gain=127.965 58.4299 45.6653 42.1244 69.2238 47.1423 46.5708 117.699 38.176 39.5416 35.6029 28.9642 29.3903 30.7793 26.7665 23.6931 22.3957 32.117 22.1059 22.9365 20.578 19.8992 22.7409 19.8419 19.788 19.3711 19.0012 18.5532 18.5441 17.8996 17.3415 16.5628 16.0432 15.5814 44.274 16.3228 16.0409 21.8092 16.379 15.5789 15.3386 15.6345 15.201 16.7335 14.8904 14.6173 18.7214 14.4942 14.4695 19.4279 14.1961 13.8957 15.4097 13.7659 16.596 13.6501 13.1397 29.0544 36.7078 18.6478 18.5459 17.8732
threshold=-0.51478981971740712 358.50000000000006 0.251315787434578 1.0000000180025095e-35 0.93750000000000011 0.27499860525131231 1.0000000180025095e-35 8.5860934257507342 1.0000000180025095e-35 0.76388889551162731 0.65345367789268505 0.53571429848670971 0.30384616553783422 0.61938297748565685 0.47722567617893225 1.0000000180025095e-35 0.74352160096168529 0.64583334326744091 25.588391304016117 0.10555555671453477 0.27499860525131231 0.46428571641445165 0.72046512365341198 1.0000000180025095e-35 9.3725585937500018 5.911341905593873 4.3788785934448251 65.500000000000014 0.88273492455482494 32.500000000000007 1.5000000000000002 0.64565756916999828 0.86706829071044933 10.500000000000002 0.30384616553783422 0.74443343281745922 0.48076923191547399 6.5634474754333505 25.361693382263187 0.96824595332145702 3.6236922740936284 3.3588590621948247 53.511808395385749 57.500000000000007 -0.24133914709091184 7.346194028854371 57.500000000000007 2.5000000000000004 329.50000000000006 0.71503761410713207 1.0000000180025095e-35 3.6236922740936284 0.88047617673873912 1.0000000180025095e-35 -0.6802665889263152 4.5000000000000009 0.51087471842765819 0.14835165441036227 0.68783602118492138 1.0000000180025095e-35 0.30384616553783422 55.529127120971687
decision_type=2 2 2 2 2 2 2 2 2 2 2 2 2 2 2 2 2 2 2 2 2 2 2 2 2 2 2 2 2 2 2 2 2 2 2 2 2 2 2 2 2 2 2 2 2 2 2 2 2 2 2 2 2 2 2 2 2 2 2 2 2 2
left_child=2 3 30 5 8 6 11 14 16 18 -3 12 29 25 -8 21 20 -18 19 48 -5 53 23 -23 31 -14 45 -26 39 -2 -1 -9 -31 -21 -35 36 37 38 -36 47 41 -38 43 -32 -12 46 -6 56 -10 55 -45 52 -15 -4 -55 -50 60 58 59 -58 61 -20
right_child=1 10 15 4 26 -7 7 24 9 -11 44 -13 13 51 -16 -17 17 -19 28 33 -22 22 -24 -25 27 -27 -28 -29 -30 32 42 -33 -34 34 35 -37 40 -39 -40 -41 -42 -43 -44 50 -46 -47 -48 -49 49 -51 -52 -53 -54 54 -56 -57 57 -59 -60 -61 -62 -63
leaf_value=-0.054383089756507456 0.19069565262685753 -0.054548048193946298 -0.09880780767214635 -0.091778498347345597 -0.072635552475956308 0.041888796106819413 -0.090433122471073546 -0.059211295201166837 0.04254099088713887 -0.029020496057437797 -0.06776835406265995 -0.0056521621910276872 0.00074474154369684811 -0.088948266069929172 0.016154766656285027 0.10025283986034664 -0.10019805589878478 2.6612796890164172 -0.0084789309573835066 0.0066933193069215044 0.60910267814191776 0.1032552809077016 -0.16060911830643554 -0.075517550970866737 0.0068543089099524007 0.15516680663546159 0.07888260492908851 -0.01827367688042365 0.031914260992575071 -0.063982823464790325 0.15816434589770212 0.18298328190078916 0.4763996053204535 -0.052647775271664012 -0.026231884275957486 0.015250962552691009 -0.014065278358884242 0.19505627958426047 1.5615531079244427 -0.20493349876083833 0.15016911360374799 0.50875225824875536 -0.07356823962734832 -0.049843024530413144 -0.0007550471884056882 0.0054663993851671979 0.35076774300035285 0.026495362086211727 0.10031796185441336 0.89593582890089063 0.074920572274288041 0.032894644206925505 0.021873134834025018 -0.097486378517107342 -0.028429435472457399 1.6905532924883375 0.0030909176580761707 -0.0038894473131157107 0.067895967814739819 0.12539554960916527 0.050562453895201281 -0.056928908285573655
leaf_weight=29.004504276601551 3.0636973761984327 292.64337921013066 186.13747892306372 48.53831095786245 1.6678381032543246 192.61095793475397 249.38890102694134 4.0043106691518906 317.57202736644831 283.97560564875312 36.937693119019968 997.38086477821344 10.977720108276115 21.093071322480682 26.018023343960493 8.0375388293220436 0.10080147968255815 0.072341994993621483 248.0277932230747 644.89133279214002 0.4225514626596113 17.703958701036758 7.0778234029567093 9.5613496346122684 444.34310796956561 31.242105024444754 171.60456093389075 867.48114729158988 232.15499913135136 50.735475439119909 13.219058458507787 9.5762238205134036 0.55541500308026925 29.000989360778476 12.921416361481533 18.168934324334259 0.74977036029304445 7.5975858489400698 0.065297077060677888 3.6202688412740818 23.481756339191634 2.4121744662697893 10.011128911355625 14.63486211149211 324.02248963122838 66.210792866710108 2.7933723907481181 231.30256476638897 1.6855660480068757 0.43855568127764843 24.201536351352843 303.33616532130691 30.969325257028686 60.143920860338525 82.589078884557935 0.055763109703548142 347.50683867500629 1348.7038458808456 139.47531103478104 12.93030562296917 37.502847923242371 109.86787381549948
leaf_count=92247 1393 838967 1576119 430344 839 15604 1760660 7510 123731 10334 166903 12484 4663 5339 62078 6426 346 14 49681 154334 81 17283 11134 51090 81575 4423 60604 297643 22696 48742 13482 2504 50 42589 12728 10705 703 1265 26 251 3995 464 3367 57132 153613 5143 1735 20125 1992 62 30853 28120 3043 444502 293804 29 21908 58206 9692 451 1557 9178
internal_value=-0.00280989 6.18141e-05 -0.0540042 0.00253291 0.00896915 -0.00609205 -0.00912193 -0.0208794 0.00590225 0.00696413 -0.0286274 0.00386416 0.0248641 0.0342923 -0.0803636 -0.0695702 -0.0817148 1.05359 0.00967458 0.0219261 -0.0857296 -0.0733282 -0.000896408 0.0405635 -0.00851907 0.115015 0.0609107 -0.00976229 0.00488872 -0.044106 0.00945059 0.111571 -0.0581312 0.0122477 0.050193 0.0957988 0.126786 0.0604815 -0.0182485 0.00235775 0.178012 0.38478 0.0392809 0.0609836 -0.00761264 0.0172716 0.192477 0.00266092 0.0443034 0.301062 0.0279054 0.0247028 -0.0230261 -0.0808921 -0.0575282 0.151243 0.00020418 0.00374313 0.0243349 0.00747847 -0.0163416 -0.0233522
internal_weight=8704.22 8241.9 462.322 7588.3 4345.52 3242.78 3050.17 1600.81 4103.24 4054.11 653.604 1449.35 451.973 397.618 275.407 371.251 49.134 0.173143 3770.13 1059.04 48.9609 363.214 34.3431 27.2653 1325.4 42.2198 242.277 1311.82 2711.09 54.3546 91.0711 13.5805 51.2909 739.289 94.3979 65.3969 47.228 20.5843 12.9867 2478.94 26.6437 3.16194 62.0666 52.0555 360.96 70.672 4.46121 2475.32 319.752 2.17988 38.8364 355.399 52.0624 328.87 142.733 1.74133 2244.01 1848.62 499.912 360.437 395.399 357.896
internal_count=7148561 4551122 2597439 3391639 1055808 2335831 2320227 2211970 987487 556702 1159483 108257 95773 45588 1822738 2400358 430785 360 546368 352623 430425 2393932 79507 68373 389232 9086 68321 379218 193745 50185 197081 10014 48792 226809 72475 29886 19181 14019 12754 171049 5162 1167 104834 101467 320516 7717 2574 170798 125814 2083 87985 36502 8382 2314425 738306 2021 150673 90257 32051 22359 60416 58859
is_linear=0
shrinkage=0.1


Tree=63
num_leaves=63
num_cat=0
split_feature=16 17 15 12 11 4 12 16 12 3 16 16 0 0 3 2 0 0 2 1 2 18 12 5 2 2 0 18 4 2 15 15 3 16 18 15 7 3 15 3 0 15 2 0 3 15 0 16 3 1 6 16 2 3 3 12 2 5 16 12 3 5
split_gain=128.245 48.6214 50.9925 56.5102 64.4443 40.0886 34.8626 32.7502 26.0919 27.5741 23.8145 26.1584 23.7005 30.8725 21.9647 70.1101 49.6186 28.7409 36.1913 26.5699 25.9972 25.5327 24.713 27.7217 23.789 21.4647 28.4643 22.5165 28.6714 21.1176 31.1214 37.9919 24.1654 22.9628 20.9906 20.6828 20.4213 33.7785 21.0483 22.3188 26.9281 21.8578 28.4989 21.2848 20.5893 20.1288 19.8182 18.7692 18.2084 17.7804 17.7538 17.718 17.1569 18.1333 17.1119 16.6488 17.2052 16.6036 16.4261 27.4766 138.999 68.2534
threshold=-0.53698527812957753 68.500000000000014 3.5000000000000004 11.757252693176271 1.0000000180025095e-35 0.21483516693115237 6.9569072723388681 -0.15862901508808133 7.346194028854371 0.21483516693115237 0.27499860525131231 -1.0000000180025095e-35 0.93750000000000011 0.81666666269302379 0.63859337568283092 0.18916201591491702 0.48076923191547399 1.0000000180025095e-35 0.24281592667102816 0.46428571641445165 0.42849364876747137 4.3244075775146493 15.22371292114258 0.5673658847808839 0.37069459259510046 0.4686227440834046 0.30384616553783422 4.3788785934448251 0.77581480145454418 1.0000000180025095e-35 20.500000000000004 22.500000000000004 0.50820556282997142 -0.34385041892528528 4.1439111232757577 15.500000000000002 2.5000000000000004 0.45199692249298101 15.500000000000002 0.89022758603096019 0.42261904478073126 18.500000000000004 0.0070401676930487165 0.86607143282890331 0.60640108585357677 15.500000000000002 0.93750000000000011 -0.35380941629409784 0.67717123031616222 0.46428571641445165 1.0000000180025095e-35 -0.009570952504873274 0.15792983025312426 0.6832355558872224 0.72046512365341198 52.585971832275398 0.26397776603698736 0.57735043764114391 -0.52112156152725209 10.977132797241213 0.21483516693115237 0.23294574022293094
decision_type=2 2 2 2 2 2 2 2 2 2 2 2 2 2 2 2 2 2 2 2 2 2 2 2 2 2 2 2 2 2 2 2 2 2 2 2 2 2 2 2 2 2 2 2 2 2 2 2 2 2 2 2 2 2 2 2 2 2 2 2 2 2
left_child=5 36 7 4 6 -1 -4 -3 9 -8 11 46 13 -12 16 22 17 18 29 -19 -21 -17 23 -16 -18 26 -6 -28 45 30 -5 33 -31 -32 -26 -20 37 -2 39 43 -41 50 -43 -39 -44 -29 -9 -34 57 -7 55 -11 53 58 -51 56 -40 -24 59 -10 -61 -62
right_child=1 2 3 14 25 49 8 10 52 51 12 -13 -14 -15 15 21 24 19 35 20 -22 -23 48 -25 34 -27 27 28 -30 32 31 -33 47 -35 -36 -37 -38 38 41 40 -42 42 44 -45 -46 -47 -48 -49 -50 54 -52 -53 -54 -55 -56 -57 -58 -59 -60 60 61 -63
leaf_value=0.023293884591610102 -0.029460315638486941 -0.07300094088897123 -0.092709861927539328 -0.059244116051453515 -0.084997008616290809 -0.077700742974843098 1.9476123959719176 0.021433868963082591 0.24608743627864912 0.19109886211716257 0.023782338798305592 -0.0037237115657725757 0.080829040441824915 -0.093449725306232412 1.0021417936924371 -0.039699689690794945 0.12761743726842514 -0.083989162282523649 0.0093749934500631828 0.065909867726346036 -0.063969163016649178 0.0087447289556519658 0.075497330834025544 0.20309832311313075 -0.08812030568651881 -0.01872336614766909 -0.01539904128800388 0.016226433087144568 0.41832973582282068 -0.063705898016725701 0.0091943704741193101 -0.032247112680376465 0.14611001407196697 0.078065938096819554 0.052868833846346511 0.134762369748504 0.041404550792853628 0.00039342600448735498 0.039181072738039155 0.12460796411648928 0.020911834570969932 0.14591922495373622 -0.068965392172716966 0.071205001474926977 0.052013056154798079 0.20322429783594115 0.20335747994007258 -0.018922333287305849 0.086102283689283021 0.042016402617592569 0.12360077235112586 2.2526170621244321 -0.055259233108279682 0.31844708079016054 -0.15746448920290418 -0.00025400647693555223 0.11441449303817963 -0.015134068223157354 -0.002730486682330599 17.028671086719239 7.902938899947241 -0.10001193159001064
leaf_weight=52.297262485057956 215.80486995260071 54.4491925820912 228.677312398406 76.464116334798746 11.728213860573076 310.51150391282607 0.097559796486165751 402.95609976229025 0.65199473463144286 2.1975134519088906 370.77961774833966 1913.2782958038006 67.433649641345255 23.912283825455233 0.53514565292425631 195.80106714014983 31.052755992532184 121.11242393233988 28.635501682176255 28.851543477227096 33.08411055169563 244.8351725730754 34.37477775982552 2.3015491962214583 13.874106946917889 278.44556171115255 12.978943779031395 12.032843316046643 3.3604884089581892 166.2456033950366 112.4051417143055 121.32308011495479 7.1043051420201655 85.033994834520854 44.203572564532806 24.334874922431482 202.64927992742014 1581.9376075017863 137.04930417653668 26.41509431241866 482.00746438474016 9.9794313108504848 49.825852242553083 43.618724143154395 19.602270381932613 11.035487640001518 6.0783731335250186 229.94314571949508 95.784217155727674 23.136013232178815 27.534439883675077 0.042497093352721449 103.90244581826119 2.0010757702038964 5.2820366527594151 75.528587603679625 39.061385242370307 49.066795648745028 31.518598705450131 0.0058381605849717735 0.012494573013100307 0.072449703046004288
leaf_count=77966 121943 198256 2224650 28757 33286 2267667 41 184882 3390 2959 17867 198343 24019 752 38 49004 1656 97925 10445 4744 8199 32700 803 437 2922 63867 5172 3086 151 91848 19930 70898 1989 7364 2718 868 60378 456077 11344 3162 70784 1288 19941 7145 3819 2125 654 39703 6986 58347 1876 28 449858 721 9659 2493 9838 5437 64222 56 44 819
internal_value=-0.00226305 0.000407229 -0.00530991 -0.015895 -0.0399284 -0.0581975 -0.0686224 0.00380701 -0.0294184 0.301886 0.00530897 0.00118352 0.0260406 0.0166799 -0.00627867 0.00878655 -0.0146273 -0.0207953 -0.0130672 -0.0567441 -0.00346749 -0.012782 0.0609878 0.353839 0.0569645 -0.00778697 0.0517639 0.0924655 0.145437 -0.0183771 -0.00194981 0.0117939 -0.0344759 0.0388563 0.0191881 0.0669786 0.0107849 0.00849379 0.0117798 0.00801294 0.0262994 0.0341973 -0.0120958 0.00229352 -0.0348085 0.105683 0.0241373 -0.0139763 0.0563527 -0.0707717 0.0473648 0.23021 -0.0350236 0.0263419 0.00493907 0.0390231 0.0558679 0.0222026 0.00822348 0.473038 2.10299 1.07715
internal_weight=8586.26 8195.03 5284.02 2445.13 698.761 391.227 369.18 2838.89 140.502 2.33757 2784.44 2322.31 462.126 394.692 1746.37 622.699 1123.67 1034.54 851.49 183.048 61.9357 440.636 182.062 2.83669 89.1304 329.582 51.136 39.4078 26.4288 798.519 395.226 318.762 403.293 197.439 58.0777 52.9704 2911.01 2708.37 2492.56 2133.98 508.423 358.581 79.4076 1625.56 69.4281 23.0683 409.034 237.047 179.226 338.93 279.174 2.24001 138.165 34.2625 28.418 251.639 176.111 83.4416 32.2614 0.742777 0.0907824 0.0849443
internal_count=7148346 4734707 3964619 3339846 2854475 2413639 2746788 624773 522138 3028 426517 383879 42638 18619 485371 95405 389966 382670 271802 110868 12943 81704 13701 475 7296 107687 43820 10534 5362 260489 126949 98192 133540 27294 5640 11313 770088 709710 587767 537168 73946 50599 25048 463222 23760 5211 185536 41692 13226 2335673 25551 2987 519110 69252 68006 23675 21182 6240 68531 4309 919 863
is_linear=0
shrinkage=0.1


Tree=64
num_leaves=63
num_cat=0
split_feature=16 13 16 4 15 14 14 16 14 17 16 17 13 0 0 14 14 17 17 17 14 8 6 2 4 2 4 16 18 14 18 18 15 4 16 16 17 1 0 7 1 7 7 2 4 0 2 8 2 18 15 8 4 18 18 0 4 0 4 6 18 2
split_gain=147.205 73.4391 57.644 130.107 184.208 437.188 740.321 924.07 1332.73 120.928 166.733 170.391 54.136 63.0897 51.7657 45.5712 65.7128 101.331 93.8781 45.1297 38.7398 33.9303 29.5081 31.8377 29.2648 53.3038 28.9222 28.8917 27.7061 24.3684 23.9596 20.6235 22.8922 20.0221 18.5814 30.9328 18.4678 22.5077 38.5794 55.4663 51.6554 45.0582 37.8681 56.3105 40.5457 33.568 52.6016 36.9888 32.763 30.5952 35.1352 32.2614 30.1734 30.0775 27.8102 26.0254 25.8254 26.4856 21.9139 21.8889 28.2594 22.0704
threshold=-0.51478981971740712 1.0000000180025095e-35 -0.53698527812957753 0.21483516693115237 22.500000000000004 0.24316334724426272 0.38196556270122534 -0.5274708867073058 0.29708431661129003 127.50000000000001 -0.52435502409934986 176.50000000000003 1.0000000180025095e-35 0.57738095521926891 0.93750000000000011 0.75277778506279003 0.32495285570621496 106.50000000000001 673.50000000000011 127.50000000000001 0.30151516199111944 0.75000000000000011 1.0000000180025095e-35 0.5482996702194215 0.77581480145454418 0.4995944350957871 0.68703359365463268 -0.82388070225715626 10.580080509185793 0.55684757232666027 6.0695881843566903 4.4171528816223153 1.5000000000000002 0.84262126684188854 -0.53066635131835926 -0.53377607464790333 467.50000000000006 0.90000000596046459 0.48076923191547399 1.0000000180025095e-35 0.53571429848670971 1.0000000180025095e-35 1.0000000180025095e-35 0.77949541807174694 0.90595519542694103 1.0000000180025095e-35 0.42643845081329351 1.0000000180025095e-35 0.85990032553672802 4.3029561042785653 11.500000000000002 1.0000000180025095e-35 0.72812235355377208 5.699981927871705 5.5020799636840829 0.6904762089252473 0.90070420503616344 0.6904762089252473 0.78611555695533764 1.0000000180025095e-35 8.9454841613769549 0.90892314910888683
decision_type=2 2 2 2 2 2 2 2 2 2 2 2 2 2 2 2 2 2 2 2 2 2 2 2 2 2 2 2 2 2 2 2 2 2 2 2 2 2 2 2 2 2 2 2 2 2 2 2 2 2 2 2 2 2 2 2 2 2 2 2 2 2
left_child=1 2 -1 4 15 -6 7 8 -7 -8 11 -11 13 19 21 16 34 -18 -19 33 -9 36 -23 -24 28 -26 -15 -3 -21 -29 -25 -16 -33 -2 35 -4 37 38 40 49 45 -42 43 -39 54 46 47 52 56 50 -40 -51 -14 -47 -45 -50 57 -44 -59 60 61 -46
right_child=12 27 3 -5 5 6 9 20 -10 10 -12 -13 14 26 31 -17 17 18 -20 24 -22 22 23 30 25 -27 -28 29 -30 -31 -32 32 -34 -35 -36 -37 -38 42 39 -41 41 -43 48 44 59 53 -48 -49 55 51 -52 -53 -54 -55 -56 -57 -58 58 -60 -61 -62 -63
leaf_value=-0.083640819910532335 -0.01429975617242446 -0.10044345743526946 -2.0625402259256553 -0.14795135514792332 -0.34271975596111592 -5.9109447778241178 -0.10033809383713939 -6.7814691426365901 -44.932471722373549 -16.886960475911764 -0.10012295275851471 -4.0971518323072331 0.0027503871534638609 0.07222761266252907 0.0084288114054545133 0.070741387441241241 -0.11219964394871465 -4.1508752187016027 -0.80470315622349387 -0.054190402429601228 -0.10028318325612642 -0.035382286821262536 0.088597857994902704 -0.046416398917650245 0.15228209299186632 -0.026099892878464148 0.0025862081498202708 -0.039689814181982967 0.1189460501794867 0.034641883996980989 0.06636054331407519 0.087456142854594063 -0.01517676448248946 0.027857776816140819 -0.17501808177160971 -0.12141017389812099 -0.021552478289452726 0.018418670418866977 -0.070638033671736003 0.0010596846121017104 -0.34858575618122839 -0.05562366165192361 0.0015093420145159829 0.055790840963700773 -0.20566469206285132 -0.0493664162402997 0.073843383900737192 0.072041857056385175 0.055964855859594126 0.08714778642242979 0.097123391196465361 -0.038573307269323565 0.088782679856456256 0.0037165490818733432 -0.069603938398636642 0.0082366918966165024 0.067820885990306223 0.018581575430784848 -0.074101598142808589 -0.025301604905548326 0.10745826413430322 -0.63829897986079764
leaf_weight=182.57232506353998 1083.1242358622139 36.515628219164682 0.15403455110208597 20.979413365607115 0.4444342541755758 0.017192740291648079 0.11010232479748083 0.014951936005672906 0.017828957083111163 0.017859746949397959 0.034669660235522315 0.024993568578793202 1034.5896682828679 62.051502345435438 74.593754914603778 1.08603478083387 0.25813280540751282 0.19806310837884666 0.1453881639172323 567.03552201227285 0.020684787043137476 354.64277253279215 44.643145640016883 66.043278986646328 19.808972475220799 108.53527890198166 1530.8940255923444 88.676762430183331 9.3958576337536197 87.744228814644416 26.355944322167488 141.3146444519225 25.68245094564918 125.73532803288981 1.1317796092807015 0.17577383354364506 204.00210315867662 135.46690728777685 32.339414292633592 241.16524351633416 6.8186812062995186 22.818521553548635 228.26958023852058 19.845072101554251 1.8767843837267699 148.95972314467144 152.22832203725557 92.48186091761454 185.47585979667929 257.86345025001356 20.333553960466816 22.165611769029056 42.438554650245351 376.61228477927943 162.61376871629909 297.49753198843246 37.017751713421603 32.991096858546371 112.50539868063061 2.4100008969544433 0.98746118512644887 3.172156206004729
leaf_count=1625444 1127859 315993 59 132533 140 45 141 66 64 40 71 75 251097 10243 8355 238 114 168 36 1611274 52 172463 6315 12656 15107 75976 279578 422802 7027 98521 4716 58618 4475 25516 303 55 243204 7310 5510 45270 1075 4696 16432 928 114 173733 38707 13666 15912 18817 2056 4720 5715 252149 3540 19824 1916 897 2730 152 40 306
internal_value=-0.00302829 -0.0607307 -0.103083 -0.246034 -0.780238 -2.24419 -5.51608 -14.2403 -25.7761 -2.23061 -5.25613 -9.42749 -3.93486e-05 -0.00940265 0.00708556 -0.453571 -0.729564 -1.60924 -2.73439 -0.0216406 -2.90348 0.00459257 -0.0201537 0.0192553 -0.041753 0.00143203 0.00529902 -0.0194785 -0.0513683 -0.00272042 -0.0142479 0.0521452 0.0716722 -0.00991489 -0.367494 -1.028 0.00773258 0.00936001 0.0148849 0.0375753 0.00794742 -0.123026 -0.00173758 -0.0308908 -0.065881 0.0100487 0.018549 0.0113517 0.00890828 0.0640444 -0.00587643 0.0771964 0.00614035 -0.0113284 -0.0559654 0.0265657 -0.0118522 -0.019743 -0.0530858 -0.280076 -0.381794 -0.477481
internal_weight=8535.14 420.34 207.404 24.8313 3.85192 0.702718 0.258284 0.0706584 0.0350217 0.187625 0.077523 0.0428533 8114.8 3506.58 4608.22 3.14921 2.06317 0.601584 0.343451 1913.64 0.0356367 4366.63 491.685 137.042 704.776 128.344 1592.95 212.937 576.431 176.421 92.3992 241.591 166.997 1208.86 1.46159 0.329808 3874.95 3670.94 2450.81 573.867 1876.95 29.6372 1220.13 326.372 190.905 1847.31 1321.74 1169.51 893.757 332.702 52.673 280.029 1077.03 525.572 182.459 482.973 410.784 373.766 145.496 8.4464 6.0364 5.04894
internal_count=7147654 2596960 1759644 134200 1667 694 554 227 109 327 186 115 4550694 3152580 1398114 973 735 318 204 2862759 118 1326666 196150 23687 1709384 91083 289821 837316 1618301 521323 17372 71448 63093 1153375 417 114 1130516 887312 817211 76373 740838 5771 70101 12390 5080 735067 309185 270478 57711 31103 7566 23537 256812 425882 4468 35736 21975 20059 3627 612 460 420
is_linear=0
shrinkage=0.1


Tree=65
num_leaves=63
num_cat=0
split_feature=16 9 9 14 9 16 5 14 5 5 9 5 14 14 5 5 9 9 9 14 14 14 14 14 18 16 14 9 12 5 12 5 17 12 14 5 12 12 12 16 5 7 9 13 14 12 9 12 8 9 12 18 12 16 17 17 9 16 16 5 5 12
split_gain=127.636 151.108 71.3631 122.095 102.091 61.2223 103.68 233.459 661.451 1263.18 113.688 2356.24 54.2342 461.524 691.927 106.669 426.022 93.1044 48.5519 59.2885 50.1899 49.2795 43.3788 37.9259 34.5119 32.7418 32.6143 31.399 29.6444 269.198 4515.62 2547.08 1216.46 57.6935 126.797 28.906 27.3411 26.4975 159.601 26.352 23.7255 58.5936 108 23.021 22.8112 21.1082 21.8864 21.107 20.9655 20.6445 27.5935 20.4863 20.4727 19.9564 19.382 236.348 19.304 21.7031 35.366 109.368 35.9587 47.0276
threshold=-0.51478981971740712 0.32200460135936743 0.1490740776062012 1.0000000180025095e-35 0.048199767246842391 -0.53698527812957753 0.31643131375312811 0.12701612710952762 0.24440020322799685 0.22684391587972644 0.067816093564033522 0.18957772105932238 0.20256410539150241 0.19433516263961795 0.21132376790046695 0.29459981620311743 0.10435571894049646 0.1012820526957512 0.86811593174934398 0.98837208747863781 0.77171215415000927 0.52012881636619579 0.60232558846473705 0.60990336537361156 3.6236922740936284 -0.11619730666279791 0.27681992948055273 0.30901856720447546 11.757252693176271 0.23294574022293094 11.489232063293459 0.2674796879291535 162.50000000000003 11.065132141113283 0.34891304373741155 0.63686314225196849 19.247373580932621 11.362485885620119 9.4847674369812029 -0.80725190043449391 0.21132376790046695 1.5000000000000002 0.10762548446655275 1.0000000180025095e-35 0.63286262750625621 9.3725585937500018 0.11651583760976793 20.570290565490726 1.0000000180025095e-35 0.61721614003181469 57.847097396850593 8.0551342964172381 14.960259914398195 0.20255462080240252 799.00000000000011 831.50000000000011 0.26794873178005224 -0.19560074061155316 -0.2252639755606651 0.57294833660125744 0.27139568328857427 21.036658287048343
decision_type=2 2 2 2 2 2 2 2 2 2 2 2 2 2 2 2 2 2 2 2 2 2 2 2 2 2 2 2 2 2 2 2 2 2 2 2 2 2 2 2 2 2 2 2 2 2 2 2 2 2 2 2 2 2 2 2 2 2 2 2 2 2
left_child=1 5 3 53 -5 -1 7 8 9 -7 11 -9 13 15 -15 37 -17 -16 19 20 21 26 51 56 -22 -6 -4 47 29 40 33 -32 -33 -31 -35 -20 43 38 -12 -3 41 42 -14 44 -27 46 -45 -21 -41 -25 -51 -23 -28 -2 -46 -56 57 58 60 -60 61 -24
right_child=2 39 18 4 25 6 -8 10 -10 -11 12 -13 28 14 17 16 -18 -19 35 27 24 22 23 49 -26 36 52 -29 -30 30 31 32 -34 34 -36 -37 -38 -39 -40 48 -42 -43 -44 45 54 -47 -48 -49 -50 50 -52 -53 -54 -55 55 -57 -58 -59 59 -61 -62 -63
leaf_value=-0.095118733565959929 0.0014493576961906545 -0.08535360354786227 -0.0014172371974057044 -0.091163179279702758 -0.061882930018395378 -0.10002216487897678 -0.10081393394975194 -83.22025254864819 -0.10004026248627895 -54.895606041186539 -0.10004528075191668 -0.10000739003919157 -0.3878126055085227 -30.419246238554638 -12.512783928622072 -27.446826568787284 -0.10002824235403346 -0.10004560521998938 0.0061663473509763313 0.025186959227942715 0.064026522540899189 -0.049702934781133142 4.4713328551470424 -0.01283344990598123 0.019424659775651863 -0.042588889455056345 0.062520255751288417 -0.0074251178327908694 -0.049035034248354203 -0.09981374754883586 -110.03313853343616 -0.10001097144615878 -67.341127310208989 -0.1001747661298039 -18.917399003076724 0.078877526326070771 -0.05369189836478299 -0.11880312342343363 -18.94291340627041 0.0084022583325069258 -0.17248337567989366 -0.32474923391118204 -3.1720046208955939 0.044848950814474563 0.046779329997926188 0.00063197350135927503 0.18128260720237244 -0.06891094003754164 0.10782871290492167 0.05895476862510908 -0.019143599635504105 0.032856167373022264 0.020129496745996057 0.063409771241791077 8.7232468983883695 0.10243627443755454 0.033046644545290146 0.12543612916465899 -0.10048096354859658 3.6163122605795301 0.10417469454779785 0.6763442065448475
leaf_weight=189.12680592274398 1514.6882317603092 25.617595101492753 797.54491087023052 293.69125864176772 132.56370926907402 0.0099421903508724041 14.713925290437428 0.0036060009113033633 0.042996275307814358 0.0072930382157210252 0.029595679327029667 0.062872462910753768 0.36491431982677308 0.013125288440278382 0.0080470780703763012 0.0073057960289588655 0.0258637058941531 0.02426087400817778 86.65915825497359 28.521612269767502 255.97314729900972 296.82537543716171 0.043746164308688829 619.17450989909412 538.35253171014483 113.83032997879491 125.08564235359518 1008.9665385607368 1.9583710322024153 0.26903869431043848 0.0054536169191123909 0.0067875670174544211 0.0044572454171429854 0.01100209770447691 0.0053088924796611528 148.13598956610076 91.067712782860326 0.54039467215443437 0.0053001234855400972 137.04994258348376 3.3807959454942846 2.1276766821335977 0.22536985363493495 74.520302779252233 27.34776676508773 108.99545777084859 13.960708672297185 145.15938267581078 25.090768400846059 104.9207254544599 79.533507582033053 33.442526929684391 1277.2966354732052 53.829396481392905 0.033999325038165717 0.4921015489162528 31.298882194794714 19.838172841904452 0.19253365794429544 0.13445672485977411 1.3305320035797192 0.12877835956169292
leaf_count=2221765 140238 106893 83191 3021260 634868 88 162338 36 352 53 294 898 130 25 99 93 185 157 4839 6558 30949 27313 43 54015 31132 117559 12768 53262 8879 2887 46 80 42 80 56 43307 26395 433 53 84131 398 339 102 22180 6451 40577 232 48741 7106 10191 4758 1866 119293 5572 30 877 1869 476 121 15 1080 129
internal_value=-0.00142651 -0.0565038 0.00132434 -0.0130052 -0.04337 -0.11416 -0.265127 -0.529651 -6.73487 -23.2866 -0.488487 -4.60871 -0.458097 -1.33516 -11.0575 -0.609193 -6.12334 -3.19174 0.00753121 0.00558282 0.0111744 0.00586837 -0.0105543 0.00131663 0.0337977 -0.0184302 0.0147284 -0.0141855 -0.38949 -0.493654 -3.40773 -53.952 -26.7532 -0.449926 -6.22479 0.052041 -0.00504204 -0.291264 -2.96198 0.00889697 -0.349331 -0.569307 -1.45081 0.00802012 -0.0227347 0.030089 0.0663757 -0.0534583 0.0237882 -0.00408538 0.0252801 -0.0413431 0.0239105 0.00357576 0.0583451 0.659557 0.0832771 0.155833 0.485344 1.42784 0.280302 1.63862
internal_weight=8424.32 400.739 8023.58 2425.02 856.503 212.981 23.8537 9.13978 0.0602315 0.0172352 9.07955 0.0664785 9.01307 0.653893 0.0454332 0.60846 0.0331695 0.032308 5598.56 5363.76 4181.12 3386.79 1186.86 856.596 794.326 562.812 2199.93 1182.65 8.35918 6.4008 0.302048 0.0166984 0.0112448 0.28535 0.016311 234.795 430.248 0.57529 0.0348958 187.758 6.09876 2.71796 0.590284 339.181 141.704 197.476 88.481 173.681 162.141 803.629 184.454 330.268 1402.38 1568.52 27.8739 0.526101 52.9671 21.6682 1.83005 0.32699 1.50306 0.172525
internal_count=7150193 2598038 4552155 4016239 3870429 2399908 178143 15805 493 141 15312 934 14378 1339 281 1058 278 256 535916 487770 379209 317128 101876 72697 62081 849169 215252 108561 13039 4160 3191 168 122 3023 136 48146 214301 780 347 198130 969 571 232 187906 124917 62989 22412 55299 91237 68964 14949 29179 132061 145810 7358 907 3733 1864 1388 136 1252 172
is_linear=0
shrinkage=0.1


Tree=66
num_leaves=63
num_cat=0
split_feature=16 9 9 9 14 9 12 3 16 12 9 16 13 5 9 9 14 13 15 12 3 14 14 0 3 18 12 9 9 3 16 3 16 4 4 3 16 14 9 12 16 9 15 12 12 14 3 16 1 18 3 9 9 5 14 16 7 16 3 15 7 0
split_gain=87.9629 114.182 60.7337 37.3847 115.147 92.1897 42.644 40.5772 33.4829 31.891 30.0005 31.107 39.5207 38.2643 30.0768 29.0758 28.7224 28.3191 26.7909 26.2837 24.8748 24.1862 23.2438 21.7807 26.9962 21.6162 21.2555 20.511 20.1768 35.2727 127.528 27.9023 148.282 416.576 746.039 198.715 306.019 114.146 206.974 268.158 36.7641 28.5553 23.5586 25.2392 19.5245 23.1509 21.376 19.2366 22.7125 21.837 76.3546 44.8672 18.7746 18.7489 18.1921 18.0109 17.8219 30.3446 18.0333 17.9233 27.8464 19.0077
threshold=-0.51478981971740712 0.43874999880790716 0.86811593174934398 0.16441441327333453 1.0000000180025095e-35 0.080540537834167494 25.588391304016117 0.93788579106330883 -0.0051787188276648513 54.435443878173835 0.78019323945045482 -1.0000000180025095e-35 1.0000000180025095e-35 0.94570022821426403 0.55902779102325451 0.3514705896377564 0.96871945261955272 1.0000000180025095e-35 16.500000000000004 24.783481597900394 0.52565789222717296 0.29708431661129003 0.95445135235786449 0.25833334028720861 0.73375529050827037 7.8695695400238046 7.9608154296875009 0.17519181966781619 0.2709790319204331 1.0000000180025095e-35 -0.58153414726257313 0.21483516693115237 -0.53698527812957753 0.26138716936111456 0.32757078111171728 0.19399641454219821 -0.5274708867073058 0.25320513546466833 0.11269841343164445 10.977132797241213 -0.53377607464790333 0.094494048506021514 23.500000000000004 11.757252693176271 34.821100234985359 0.12701612710952762 0.28035087883472448 0.059652052819728858 0.38750000298023229 5.6455371379852304 0.97100839018821727 0.60434782505035411 0.64495798945426952 0.87298336625099193 0.93095237016677868 0.27499860525131231 1.0000000180025095e-35 -0.2543171346187591 0.76253134012222301 3.5000000000000004 1.5000000000000002 0.76388889551162731
decision_type=2 2 2 2 2 2 2 2 2 2 2 2 2 2 2 2 2 2 2 2 2 2 2 2 2 2 2 2 2 2 2 2 2 2 2 2 2 2 2 2 2 2 2 2 2 2 2 2 2 2 2 2 2 2 2 2 2 2 2 2 2 2
left_child=1 28 3 4 25 8 20 9 -6 10 11 12 -5 19 23 -11 -16 -10 -4 27 -7 -22 54 24 -13 -2 55 -14 29 30 -1 32 -31 37 35 36 -35 38 39 -34 41 -39 -42 -44 45 46 -3 -9 49 -49 -51 -52 -18 -21 -23 -19 57 58 -17 61 -61 -58
right_child=2 44 18 7 5 6 -8 47 17 15 -12 14 13 -15 16 56 52 26 -20 53 21 22 -24 -25 -26 -27 -28 -29 -30 31 -32 -33 33 34 -36 -37 -38 40 -40 -41 42 -43 43 -45 -46 -47 -48 48 -50 50 51 -53 -54 -55 -56 -57 59 -59 -60 60 -62 -63
leaf_value=-0.10001391584215423 0.00056164917988500522 1.703247604417464 0.073372074663371409 -0.0082962166207761218 -0.096476505484427821 -0.064871522846634486 -0.08499346541909325 0.010386202880118621 -0.084714297325532845 -0.090293512995360869 0.076882744742880343 -0.014031784878663659 0.1519387582683531 0.06943568836297713 0.034150250329308934 -0.032085445800674073 0.043747421688655891 0.038218960656509801 -0.0020667214455709886 0.010572839515706004 -0.030430036389476334 0.025609031504349001 -0.10160446269725552 -0.019126418662423497 0.074635667695240521 0.039961354650446881 -0.055866946770889873 0.033346048129179365 -0.046835004516553619 -0.06875754075589785 -16.428678232059049 -0.099182906111757382 -0.10000785642824739 -0.10001856662459621 -38.549027416624483 -0.10016115929763963 -30.131865418756306 -4.4901652164357966 -0.10003462100063834 -21.116418988968611 -0.48736271714938612 -0.10004315959028334 -3.4548398228660235 -0.10003259277965054 0.00070843370189579589 0.076854926347899311 0.26292646647060297 0.036930516351058117 0.077664799843444529 -0.066995593156735367 -0.42352115835772097 -2.0147452719747752 -0.02763621273353313 -0.045336116214162107 0.31924463452139074 0.24272091606774471 0.0058918258965176126 0.020600872711250211 -0.17870905133275131 -0.076460463279008142 -0.0093036046974039732 -0.057587005932124714
leaf_weight=0.021994440372509416 1428.1822053708204 0.16579579915561637 157.18751991691533 675.96254593785852 272.47620434153282 57.221896947776372 73.103670915523253 124.25869162744493 50.509011947421527 49.534912879607873 56.673569963313639 83.423012140789069 15.211104060916112 146.35219404981763 301.50942202971783 65.425314232736127 46.346741069224663 28.247528011794202 67.201850216137245 893.11820891490788 130.32203422249586 275.07322433152513 14.597726827632867 1124.8737243565265 58.35951462876983 154.29348631978064 22.821803963408456 353.62025725175044 75.963543188691432 6.3984829191213066 0.0061122333936783893 164.40096570266445 0.010614282129013452 0.0069278768642107025 0.0077928271057317025 0.028395655017340725 0.0066498490341472608 0.043589420032730974 0.033906710336345326 0.014184392983279236 1.4317622886952139 0.022445293888244955 0.056532358061275406 0.037170117473243974 97.723586911141453 37.38796674699006 0.27222517196787521 13.503191125346349 136.71835048671346 5.9264923129230729 0.38143820734694589 0.3309444097103551 179.70713270979468 64.299179134541191 2.1262285199409225 5.0813677478581658 240.8151280824095 284.47401620523306 9.6217946599936095 123.67032326335902 123.30241945353919 58.661266836803406
leaf_count=200 119474 28 46214 151611 3110147 229952 50643 11285 151235 17124 4958 3207 5822 4262 20287 2560 1063 44517 1937 85429 137879 156640 7741 23282 2261 26745 12175 32067 271955 59740 32 2216843 172 56 62 181 44 20 204 82 748 160 105 212 35063 11253 92 1434 45553 854 69 87 4969 2849 334 153 8840 12868 91 5641 5231 1288
internal_value=-0.00276016 -0.0495065 -0.000508927 -0.00199387 -0.0120171 -0.0399102 -0.0138496 0.0028187 -0.0778835 0.000721869 0.00464317 0.00360479 0.0117217 0.0209105 -0.00611515 -0.0156915 0.0139467 -0.0303852 0.0507791 0.0155557 -0.00299958 0.00538769 0.0213846 -0.0144709 0.0224649 0.00440317 0.0184853 0.038237 -0.0897785 -0.108686 -3.65094 -0.108109 -0.289317 -1.11948 -10.1337 -4.85807 -14.8085 -0.847629 -5.17801 -12.121 -0.687895 -2.99796 -0.587897 -2.12405 0.0243206 0.0853227 0.808104 0.0397771 0.0630594 -0.036078 -0.184574 -1.16274 -0.0130008 0.00681805 0.0278613 0.0693976 -0.0116125 0.00567897 -0.0508841 -0.022989 -0.0429321 -0.00654237
internal_weight=8358.57 384.041 7974.53 7750.14 2514.06 931.581 552.445 5236.08 379.136 4954.96 3999.46 3942.78 2148.56 1472.6 1794.22 955.505 527.563 106.66 224.389 1326.25 479.341 422.119 291.797 1266.66 141.783 1582.48 56.1507 368.831 248.491 172.528 0.0281067 172.499 8.09845 1.69997 0.0497662 0.0419734 0.0135777 1.6502 0.0587054 0.0247987 1.5915 0.0660347 1.52546 0.0937025 135.55 37.826 0.438021 281.119 156.86 20.1421 6.63887 0.712383 226.054 957.417 277.199 33.3289 905.97 359.521 75.0471 546.449 246.973 299.476
internal_count=7148030 2597252 4550778 4502627 4047635 3901416 583189 454992 3318227 395710 342067 337109 282040 130429 55069 53643 26319 208080 48151 126167 532546 302594 164715 28750 5468 146219 56845 37889 2550816 2278861 232 2278629 61786 2046 343 281 100 1703 458 254 1245 180 1065 317 46436 11373 120 59282 47997 2444 1010 156 6032 88278 156974 44670 36519 15519 2651 21000 10872 10128
is_linear=0
shrinkage=0.1


Tree=67
num_leaves=63
num_cat=0
split_feature=9 16 17 0 9 14 14 14 14 2 19 14 9 0 13 4 2 14 14 14 14 9 9 2 4 1 2 4 4 15 2 14 6 15 0 2 16 0 14 9 13 17 2 9 4 14 9 4 2 15 17 9 1 13 17 7 7 16 16 9 9 4
split_gain=77.9839 120.976 68.7989 67.6815 31.1174 28.7052 25.9953 25.7834 56.6068 29.9657 25.3022 23.0398 157.079 22.2352 20.5403 20.6553 20.5265 20.2942 28.047 29.1188 26.2015 20.1436 19.7885 19.4868 19.163 18.719 23.2236 103.46 110.828 80.8711 18.2885 82.5291 17.5906 17.5032 17.1638 25.2536 18.7199 17.0995 17.0398 16.8153 16.218 15.506 15.4521 14.9982 15.2153 35.5322 13.8998 21.8471 13.388 19.0715 13.301 13.0218 12.9957 12.917 11.9987 15.7607 26.0875 31.4279 55.9076 11.7607 25.6908 36.6077
threshold=0.44722221791744238 -0.51478981971740712 746.50000000000011 0.93750000000000011 0.93933823704719555 0.98837208747863781 0.75277778506279003 0.98837208747863781 0.77171215415000927 0.57732385396957409 1.0000000180025095e-35 0.08893280848860742 0.084523811936378493 0.36931818723678594 1.0000000180025095e-35 0.81375637650489818 0.63605269789695751 0.52012881636619579 0.60232558846473705 0.61721614003181469 0.29708431661129003 0.64495798945426952 0.31698563694953924 0.10509515926241876 0.6789083480834962 0.46428571641445165 0.20669179409742358 0.70299971103668224 0.70647653937339794 22.500000000000004 0.20314723253250125 1.0000000180025095e-35 1.0000000180025095e-35 2.5000000000000004 0.240384615957737 0.47957018017768865 0.27499860525131231 0.30384616553783422 0.78346121311187755 0.93095237016677868 1.0000000180025095e-35 70.500000000000014 0.80639642477035534 0.2709790319204331 0.27139568328857427 0.08893280848860742 0.12660256773233416 0.73097601532936107 0.010588669683784248 17.500000000000004 111.50000000000001 0.2806250005960465 0.73214286565780651 1.0000000180025095e-35 27.500000000000004 2.5000000000000004 1.5000000000000002 -0.61451074481010426 -0.68509677052497853 0.17752101272344592 0.16441441327333453 0.55403152108192455
decision_type=2 2 2 2 2 2 2 2 2 2 2 2 2 2 2 2 2 2 2 2 2 2 2 2 2 2 2 2 2 2 2 2 2 2 2 2 2 2 2 2 2 2 2 2 2 2 2 2 2 2 2 2 2 2 2 2 2 2 2 2 2 2
left_child=1 25 7 4 5 6 -2 8 10 32 11 34 33 -8 -9 24 37 20 -19 -20 53 -15 -11 48 51 43 27 30 -29 -30 -27 -32 38 40 -3 -36 -37 -12 59 -7 -13 -22 -24 -1 45 -45 47 -34 -6 -50 -18 -16 -44 -14 55 56 -47 58 -58 60 -10 -62
right_child=3 2 -4 -5 23 39 13 14 9 22 16 12 17 21 15 -17 50 18 19 -21 41 -23 42 -25 -26 26 -28 28 29 -31 31 -33 46 -35 35 36 -38 -39 -40 -41 -42 -43 52 44 -46 54 -48 -49 49 -51 -52 -53 -54 -55 -56 -57 57 -59 -60 -61 61 -63
leaf_value=-0.10558822618731778 0.0063655780164738086 -0.059987543059108112 -0.06582844132911668 0.098129069689800785 0.041550680020115076 -0.0089430245289418963 0.066194122236275008 -0.061947449363252541 0.12891441248050028 0.032515234489316341 -0.030186131186354548 -0.085923592945417668 -0.032687768936387793 -0.012372982519508052 -0.062101719828077842 -0.064740032813174891 -0.0033163483600151416 -0.050494750444954634 0.066787473445605594 -0.013742019396175385 0.032732950428835665 0.045555235519793076 -0.059133887213628014 0.088755846785523992 0.051175781550996051 0.15516218358341471 -0.024801836545360913 10.715593363110896 -0.10028541264271239 9.8353544106049569 10.500211639691409 -0.10000833635951285 0.68843131853101402 -0.096074135981726413 0.056547034227249597 -0.00093780990406477796 0.088743182345585925 0.1050376715275616 0.034176047417235983 -0.28241476786180703 -0.001378190132813383 0.0040253581464287777 0.11968513699894308 3.6677218852222708 -0.085793832935721751 -0.10021098693193886 0.10334321103735172 0.15799473584375823 0.059535394046472914 -0.13163281572311641 0.067646626261520279 0.0021652286792423737 -0.006797105676241472 -0.0024915250692263465 -0.0043252525719391808 0.045705768813383008 -0.10004270360744344 -0.1004523944931463 4.7990101529436746 0.086881523835201813 0.13084627340478774 1.200139903431471
leaf_weight=147.9903692841753 1328.9559413154484 43.324562731639162 187.01942783338745 86.654094179277308 63.687274310737848 821.1556615122945 148.44421978875471 125.875485824512 4.1174866882320229 147.21227724610071 11.725934642610808 45.473920397635112 211.49574469379149 118.53705740207806 44.672086364371353 59.965880150048179 149.05082368284639 193.50162931044179 49.991522614771384 441.02517357123361 298.16218576647589 121.61625871877186 58.350451496895403 74.048669783747755 57.186481804499635 2.1774874379298161 15.091986657675077 0.018489158883312373 0.044046145561878802 0.010064057350973599 0.0094336963666136198 0.033169028312840965 1.0836755009804648 216.00802144899714 85.708752772436128 1354.4057236013396 23.68265363376122 46.179213508276007 163.9745909008634 2.2546009225770822 45.282951703553408 509.94608270972458 9.5290188275976089 0.026540608108912234 43.23103714440785 0.11758360569365578 24.504320485284552 2.7390709166866145 9.1088021078612673 12.21913158870302 32.101941913977498 107.15220005370793 55.073085184441879 429.04127547448297 25.599184599769139 0.44333087273844285 0.037606775986205321 0.052116051068878733 0.061205856487504207 23.277613586324151 0.6706216058009884 0.61266880481707631
leaf_count=2195894 69346 58961 540982 59078 1720 43027 7984 45835 3626 9155 10996 212274 161671 4225 21629 2328 7043 36186 6033 63738 53603 8370 1286 23798 3536 9996 69681 27 309 3 26 470 99 2602839 23117 75534 2676 4453 42817 231 74210 192890 361 89 226068 274 598 247 771 214 1592 12311 3144 88225 51806 177 148 28 20 2864 293 96
internal_value=-0.00248933 -0.0094007 -0.00626433 0.0111368 0.00834485 0.00565886 0.0130181 -0.00406807 -0.00199651 0.0301208 -0.00576475 -0.00767808 -0.0136827 0.035769 -0.0286069 -0.0130042 0.0258259 -0.00406084 -0.0182502 -0.00554313 0.00264395 0.0169625 0.00778153 0.0512521 0.00183894 -0.0796071 0.0202467 0.316786 4.03156 1.74766 0.195308 2.24724 0.0574323 -0.080591 0.00204306 0.003879 0.000603371 0.0776545 0.0466135 -0.00969182 -0.0437398 0.0146174 -0.0218324 -0.0875862 -0.0492913 0.0106248 0.131011 0.308363 0.0185862 -0.0499881 0.00925895 -0.0167444 0.0118594 -0.0124619 0.00693575 0.411902 1.01652 1.88652 2.9345 0.117727 0.250675 0.641349
internal_weight=8280.75 5494.07 5259.12 2786.68 2700.03 2540.96 1717.55 5072.11 4677.25 491.145 4186.11 3947.05 2439.93 388.598 394.852 268.977 239.058 2133.16 684.518 491.017 1448.65 240.153 270.165 159.064 209.011 234.944 17.3847 2.29269 0.0725994 0.0541102 2.22009 0.0426027 220.98 306.765 1507.12 1463.8 1378.09 57.9051 192.653 823.41 90.7569 808.108 122.953 217.559 69.5686 26.3376 28.3271 3.82275 85.0152 21.3279 181.153 151.824 64.6021 640.537 26.311 0.711843 0.268512 0.150929 0.0988126 28.6784 5.40078 1.28329
internal_count=7141028 6922264 4367248 218764 159686 133183 89925 3826266 3740627 64586 3676041 3651957 3491669 20579 85639 39804 24084 602346 105957 69771 496389 12595 13946 26503 37476 2555016 80512 10831 339 312 10492 496 50640 2889323 160288 101327 78210 15449 49696 43258 286484 246493 4791 2474504 278610 52542 944 346 2705 985 8635 33940 3505 249896 52453 647 470 196 168 6879 4015 389
is_linear=0
shrinkage=0.1


Tree=68
num_leaves=63
num_cat=0
split_feature=16 17 14 2 2 3 15 4 15 2 3 0 3 0 3 4 2 1 5 4 18 7 2 8 16 18 0 15 3 7 3 8 0 1 4 7 18 1 18 15 0 3 0 16 7 2 3 5 2 5 4 3 7 3 2 16 0 5 2 3 16 3
split_gain=101.996 56.7493 42.6775 30.994 31.4215 30.3629 28.4321 26.5076 26.2013 83.9977 60.3701 35.6059 48.6168 38.0621 71.0835 50.2926 33.2668 49.9316 46.1371 39.2292 33.8522 31.4571 38.6981 38.9253 31.3793 40.5834 33.0383 31.1422 31.0597 52.1535 110.961 85.1251 51.5261 48.8932 46.0582 38.4992 36.368 36.2156 31.043 37.0858 30.9582 30.3981 29.4622 28.6046 27.0697 26.7368 25.5566 24.962 41.123 76.1501 24.8527 24.4806 29.6529 21.696 29.8764 20.877 20.6246 20.5402 20.4878 32.4023 21.0492 21.341
threshold=-0.64381474256515492 527.50000000000011 1.0000000180025095e-35 0.20669179409742358 0.20314723253250125 0.64747309684753429 23.500000000000004 0.21483516693115237 21.500000000000004 1.0000000180025095e-35 0.49742268025875097 0.12916667014360431 0.72255688905715953 0.30384616553783422 0.76028168201446544 0.4327110648155213 0.41817280650138861 0.38750000298023229 0.94392031431198131 0.79772728681564342 7.8695695400238046 1.5000000000000002 0.1621542572975159 1.0000000180025095e-35 -0.0051787188276648513 5.295983314514161 0.93750000000000011 22.500000000000004 0.90521115064620983 1.0000000180025095e-35 0.77003204822540294 1.0000000180025095e-35 0.48076923191547399 0.90000000596046459 0.84262126684188854 1.0000000180025095e-35 7.5138094425201425 0.77500000596046459 9.4177479743957537 10.500000000000002 0.30384616553783422 0.72046512365341198 0.39230769872665411 -0.095811802893877016 1.5000000000000002 0.25225664675235754 0.46247655153274542 0.9740215837955476 0.43898446857929235 0.96051946282386791 0.6926884949207307 0.65733855962753307 1.0000000180025095e-35 0.59675306081771862 0.10509515926241876 -0.099231444299221025 0.57738095521926891 0.52976614236831676 0.93307995796203624 0.92403846979141246 0.34567387402057653 0.87138131260871898
decision_type=2 2 2 2 2 2 2 2 2 2 2 2 2 2 2 2 2 2 2 2 2 2 2 2 2 2 2 2 2 2 2 2 2 2 2 2 2 2 2 2 2 2 2 2 2 2 2 2 2 2 2 2 2 2 2 2 2 2 2 2 2 2
left_child=2 6 3 4 -1 -3 8 -4 10 27 40 12 21 14 43 -15 17 19 28 -17 24 22 23 51 25 26 47 -10 29 30 31 32 38 -34 -31 37 -35 55 39 -18 44 -19 -32 -13 -2 -45 -29 48 49 -20 -38 52 -12 -54 -55 -30 -8 -24 59 -26 61 -60
right_child=1 5 7 -5 -6 -7 56 -9 9 -11 11 13 -14 15 -16 16 18 41 20 -21 -22 -23 57 -25 58 -27 -28 46 35 34 42 -33 33 36 -36 -37 50 -39 -40 -41 -42 -43 -44 45 -46 -47 -48 -49 -50 -51 -52 -53 53 54 -56 -57 -58 -59 60 -61 -62 -63
leaf_value=-0.10050969499511507 -0.059941043201843063 -0.067756245183567876 0.020166590655953543 -0.10003994052985131 -0.92729059937175473 -0.012003901493494864 -0.048670280142196071 -0.090107073262464615 0.064381206429111423 -0.074268826792396145 0.012361483186326915 -0.080684479407208604 0.065005590892880757 0.15479863850428355 0.059113352890090579 -0.027447708284733668 -0.085051962591857377 0.114181743965627 -0.011896671212136193 0.092275350950514645 0.031946619420515826 0.049852140100327097 0.013798641932570341 0.18233312857014372 -0.016689708655141283 0.049900414432855672 0.12864819131647195 -0.0071521293942073466 -0.10292265551507301 -0.057656596382496678 0.016563102226305564 -0.060836128662431523 0.079939048844275065 0.041252181543882015 0.028562360842332157 0.11267316892449042 -0.15791209622397503 -0.11148852683095214 0.065720336843783644 0.033634729514930448 0.035165337375954113 -0.021433671869239074 -0.04544867813793476 0.15145290079390231 -0.017041160038908036 -0.030131751061996906 0.27385937375366209 -0.07616444368448809 0.070160516029480077 -5.8332215703847963 -0.010689140106539487 0.051886540642831339 -0.094607258904531699 0.048445743671203467 -0.21432486048922736 0.037195865515895411 2.0653537836206897 -0.066996643222214311 0.044981055341074973 0.033185689947343333 0.058508568692636681 -0.0031447421564837273
leaf_weight=0.67326453487865445 254.41502492367738 180.45270505654207 26.025634015817616 1.7902850817263241 1.4489088174741482 212.96401428592799 115.66212645804353 134.20846848718671 254.85483941459501 70.301323351626934 296.70880102758838 158.3637540562799 200.08284748595179 21.653357992228848 72.292168861662503 118.67907256361832 70.930312735588018 88.049470438789285 0.067413725300869198 35.571918887759239 504.4891856098584 159.16948429661352 44.225535806450353 13.32963542915604 1003.8600895229683 270.29623791576523 12.092995007609714 109.03696569764207 11.707929660289663 396.08929484188434 89.622497529027896 106.92169763210813 268.90744281616935 135.48841583363901 73.44765483523588 41.048932850648271 16.540275650215335 23.200050399889733 35.942112481741788 41.866767454572368 69.892706817883663 20.347906468527071 527.90780605027976 8.6056194131520538 348.6541283326377 140.42122756656318 3.3353440026330636 66.282959615000436 17.301428420447337 0.033706837697536685 37.378010367196111 105.04721011716174 52.329599687935115 28.418259713467705 5.1040033906174349 115.87461425216316 0.046167868065821405 109.05536291832686 111.18189398245886 149.67933198758692 83.243971344549209 538.0621082825237
leaf_count=6909 558941 757472 63734 21663 382 250485 150001 1536338 40280 76495 29214 900877 45001 13090 39179 171515 78225 21100 222 13204 55183 88227 84032 627 71423 80743 1893 50278 25965 400966 55586 139994 30869 8322 16321 4914 419 2538 1818 26393 66351 5914 171985 3567 480599 148060 205 39514 20511 4 894 3976 19870 1126 1134 13766 46 134920 7780 12769 24894 69652
internal_value=-0.00212853 -0.000536633 -0.0801638 -0.406478 -0.664992 -0.0375764 0.00136744 -0.0721961 0.00212263 0.0258731 0.000659008 0.00364287 0.0208454 0.000422337 -0.030109 0.00272523 0.00206824 0.0367124 0.000152394 0.000161702 0.00853264 0.00998251 0.000282336 0.0137358 0.00328771 0.0300804 -0.0258535 0.0450441 -0.0114394 -0.0155137 -0.00540854 0.0214388 0.0359301 0.0525272 -0.0441697 0.0268132 0.0136096 0.00343877 -0.0152109 -0.0409992 -0.0278375 0.0887246 -0.0364489 -0.0510923 -0.0351392 -0.0196461 0.00118863 -0.0481798 0.0584084 -1.95234 -0.0558521 0.00912694 -0.00261441 -0.0543719 0.00843705 0.0243375 -0.0478268 -0.0436851 -0.00191271 -0.010218 0.0111667 0.00509672
internal_weight=8210.68 8046.54 164.147 3.91246 2.12217 393.417 7653.12 160.234 7537.41 437.528 7099.88 6426.92 1013.47 5413.45 379.683 5033.77 5012.11 262.648 4749.47 154.251 2756.59 813.388 654.218 500.938 2252.1 366.075 95.7785 367.227 1992.87 1801.04 1331.51 713.975 607.053 458.314 469.537 191.832 189.407 150.783 148.739 112.797 672.962 108.397 617.53 307.391 603.069 149.027 112.372 83.6855 17.4025 0.101121 53.9183 487.608 382.561 85.8519 33.5223 127.583 115.708 153.281 1886.03 1153.54 732.488 649.244
internal_count=7148375 5519349 1629026 28954 7291 1007957 4511392 1600072 4361345 167258 4194087 3088196 408127 2680069 1091683 1588386 1575296 211733 1363563 184719 384588 363126 274899 55947 329405 142887 62144 90763 978975 931792 514505 286934 146940 40504 417287 47183 9635 42269 106436 104618 1105891 27014 227571 1052504 1039540 151627 50483 60251 20737 226 1313 55320 51344 22130 2260 39731 150047 218952 186518 84192 102326 77432
is_linear=0
shrinkage=0.1


Tree=69
num_leaves=63
num_cat=0
split_feature=16 12 16 1 5 0 5 0 0 3 2 2 1 4 16 3 2 3 8 7 7 15 2 0 2 2 8 8 2 0 3 1 2 18 7 18 2 3 7 3 3 3 4 18 15 3 3 4 2 8 5 5 2 2 15 18 2 3 15 4 16 2
split_gain=100.264 71.8251 39.6245 37.7398 37.0251 216.552 33.1782 39.6977 54.7436 77.9299 50.2447 42.9729 90.2013 56.9502 52.9822 38.1138 44.8 36.7596 35.8185 35.0582 33.6414 33.0276 31.5102 30.7104 1475.55 490.433 450.674 30.5062 34.276 61.9552 51.0341 40.0185 30.1761 29.5891 29.5437 28.3997 27.9788 27.8916 26.651 37.2717 25.8363 23.7867 23.0394 24.2829 22.8134 29.8253 22.1728 21.9893 23.6369 21.9764 21.7292 21.5818 21.5509 21.4465 31.4174 20.9405 20.3846 24.2164 20.239 19.8864 19.4192 19.3554
threshold=-0.51478981971740712 13.142824172973635 -0.82388070225715626 0.46428571641445165 0.33520600199699407 0.240384615957737 0.9495762586593629 1.0000000180025095e-35 0.240384615957737 0.65599384903907787 0.48587317764759069 0.50649741291999828 0.46428571641445165 0.79772728681564342 -0.25116544961929316 0.64747309684753429 0.17399691045284274 0.90521115064620983 1.0000000180025095e-35 1.0000000180025095e-35 1.5000000000000002 10.500000000000002 0.93307995796203624 0.30384616553783422 0.028990934602916244 0.035349581390619285 0.75000000000000011 0.75000000000000011 0.82228240370750438 0.57738095521926891 0.80735492706298839 0.90000000596046459 0.44318661093711859 10.343837738037111 1.5000000000000002 7.6929998397827157 0.20669179409742358 0.72834226489067089 1.0000000180025095e-35 0.42644809186458593 0.86319074034690868 0.72255688905715953 0.82413583993911754 4.3029561042785653 15.500000000000002 0.4654348641633988 0.79277813434600841 0.74322345852851879 0.90892314910888683 1.0000000180025095e-35 0.91010102629661571 0.90521115064620983 0.26982475817203527 0.0090742730535566824 17.500000000000004 5.6726632118225107 0.017529131844639782 0.68783602118492138 15.500000000000002 0.82009246945381176 -0.1198628395795822 1.0000000180025095e-35
decision_type=2 2 2 2 2 2 2 2 2 2 2 2 2 2 2 2 2 2 2 2 2 2 2 2 2 2 2 2 2 2 2 2 2 2 2 2 2 2 2 2 2 2 2 2 2 2 2 2 2 2 2 2 2 2 2 2 2 2 2 2 2 2
left_child=1 3 23 -1 5 -5 7 10 9 -9 15 12 13 -10 -13 18 20 27 34 22 56 35 -19 -3 -25 26 -26 28 29 33 50 -30 -11 40 38 -8 -6 -18 39 -2 41 -16 -29 -44 -20 -46 -34 -33 -49 -12 -31 -32 60 -41 58 61 -17 -58 -55 -43 -40 -4
right_child=6 2 55 4 36 -7 21 8 11 32 49 14 -14 -15 17 16 37 19 44 -21 -22 -23 -24 24 25 -27 -28 42 31 30 51 47 46 -35 -36 -37 -38 -39 52 53 -42 59 43 -45 45 -47 -48 48 -50 -51 -52 -53 -54 54 -56 -57 57 -59 -60 -61 -62 -63
leaf_value=-0.10164338503957715 -0.084827190001987185 -0.090260751215118284 0.004616470495932167 -0.10001539672100453 -0.38856539158626702 24.890932286044595 0.0014603646278753604 -0.082960366119572734 -0.03831176706429594 0.06739834702151444 0.063607253175484324 -0.084876125737212066 0.056910115579360071 0.055120144264979291 -0.011956187741067688 0.16037507595817424 -0.060657975233823304 0.022787574234506738 -0.063337859700831931 0.1052139238907832 0.19666419468593396 0.078033070856894954 -0.11202195009595989 -30.239307009503598 -19.248237808390506 -0.10072025568523016 -0.10014639446505161 -0.08894113634960335 0.017107985393570221 0.061498729348009908 -0.081443015477854638 -0.1527849908104113 -0.081711160792345333 0.047032762563817887 0.0048012601588094629 0.026299987013133793 -0.10396939827836059 0.029115680372837689 -0.048103644076949469 0.082112971707874002 0.040437168048559562 -0.062951461077422041 -0.1009974743231089 0.023236922320507978 0.037426942541280935 0.17612069992928359 0.072523433094727002 -0.037285862317881079 -0.13130906682997201 -0.091974063299931186 -0.02082200514037744 0.031394219403504529 0.036953200954278557 -0.053775211676551832 -0.051803766649546584 0.086874447240910868 0.004294485495874978 0.082057152563088417 0.027209600067767237 -0.0055791544085536842 -0.13947540989994872 -0.06302663452397915
leaf_weight=82.982326191769488 56.396351323055569 39.70728080358208 120.23579454602843 0.025976707362132312 9.2409978356081393 0.0040014428304857566 2217.5470165882016 232.17142993613015 295.11455472337184 59.778674267919996 174.07552552348716 103.40051268570255 283.69489194488051 83.753307485592813 349.28347793788839 15.102908307795586 64.086004091521318 142.45542031293371 17.118522660512099 46.088469587859436 16.964439549134113 66.289200357721711 19.741127129338565 0.016500810026627177 0.025881414960167867 3.1086170034795941 0.023409335422911751 95.583270255068783 83.717061128540081 242.47740112437532 48.932051749769016 24.838977501036425 34.204541555762262 62.112138789590972 619.17385053695398 580.84388370440138 5.5165286968222054 75.238289502478437 238.47777289172518 30.960200899280608 56.046722317536478 253.96875247356002 22.643082809117914 51.556496242541471 92.489629514868284 18.627702513000258 12.812292555914608 161.59235132602771 32.038644497264613 9.5786723851233528 36.950787177436723 25.93435933560977 26.889595618584281 36.40180650088223 100.30112521903357 20.694152927278878 89.969573008245789 72.171025947500311 202.66320551862373 79.274470127660607 25.773640616673219 65.261703537859816
leaf_count=1507530 58419 464505 249336 341 9722 39 331555 1133135 636446 35703 88046 537919 100318 41006 191248 285 34655 29537 34513 5341 710 34383 2536 66 67 33836 295 75078 10527 14308 4508 2360 86223 2959 296077 64118 63785 16263 151172 8684 10836 112721 20382 11001 15729 497 6507 9578 1826 9418 4199 3521 70213 96004 29529 23471 4205 5129 10601 18059 82576 244102
internal_value=-0.00263077 -0.0552378 -0.0267269 -0.127871 -0.275048 3.23574 -0.000287674 -0.00526702 -0.012641 -0.0504407 0.00566922 -0.00771523 0.0142707 -0.0176575 -0.0152293 0.000582348 0.0310922 -0.0113053 -0.00636243 0.0282494 0.0621342 0.00826876 0.00637975 -0.114189 -0.413491 -0.257644 -10.1544 -0.0163691 -0.011695 -0.00385005 0.0309677 -0.041679 0.0202563 -0.0192565 -0.0112045 0.00661616 -0.28218 -0.0121782 -0.0250098 -0.00909447 -0.0248313 -0.0301909 -0.0564849 -0.014675 0.0441224 0.0606776 -0.0396816 -0.0642061 -0.0528432 0.0554928 0.0506129 -0.0423552 -0.0483367 0.00243874 -0.0048299 -0.00853753 0.049258 0.0389077 0.0148783 -0.0493033 -0.0570155 -0.0191817
internal_weight=8134.15 346.843 249.073 97.7698 14.7875 0.0299782 7787.31 4922.63 2940.17 338.967 1982.46 2601.2 662.563 378.868 1938.64 1798.81 333.532 1835.24 1465.27 208.285 194.208 2864.68 162.197 42.8817 3.17441 3.15791 0.0492908 1626.95 1457.17 1154.98 354.295 302.187 106.796 800.686 1337.04 2798.39 14.7575 139.324 717.864 426.723 738.573 682.527 169.783 74.1996 128.236 111.117 47.0168 218.47 193.631 183.654 279.428 74.8664 291.141 370.326 339.366 206.192 177.244 162.141 239.065 333.243 264.251 185.497
internal_count=7147658 2597095 1015678 1581417 73887 380 4550563 4120507 3107782 1261568 1012725 1846214 777770 677452 1068444 915261 61247 530525 854014 37414 10329 430056 32073 498769 34264 34198 362 493111 386650 362359 26536 24291 128433 335823 803275 395673 73507 50918 507198 203237 332864 322028 106461 31383 50739 16226 92730 13764 11404 97464 18507 8029 303961 144818 136134 516909 9619 9334 106605 130780 233748 493438
is_linear=0
shrinkage=0.1


Tree=70
num_leaves=63
num_cat=0
split_feature=16 9 5 0 18 3 9 16 0 17 12 12 9 9 12 9 19 2 0 9 14 9 14 2 14 5 14 18 14 14 11 9 12 12 12 2 0 18 17 16 14 2 16 2 14 18 16 5 0 16 9 5 0 0 18 8 5 12 18 14 7 18
split_gain=126.593 128.521 976.68 206661 114281 65.659 52.9466 87.7302 67.9071 34.2215 38.1215 34.3461 33.1039 28.9059 36.285 34.9149 24.409 23.5792 20.6943 19.2087 18.9714 24.7119 26.6481 25.8668 28.5391 30.171 19.9377 19.1723 18.5811 44.8053 27.6673 97.0139 25.4471 21.1115 34.57 19.3199 37.6066 24.0993 17.3067 17.2618 16.5437 16.506 16.0853 136.201 394.949 29.4329 60.076 16.0019 22.8642 17.4955 15.416 16.4774 11467.4 16.4264 19.1059 60.0177 554.75 37.7948 17.7752 71.0646 136.543 14.7459
threshold=-0.64814686775207508 0.072299651801586165 0.33520600199699407 0.240384615957737 7.9584324359893808 0.85270008444786083 0.26201373338699346 -0.45087748765945429 0.93750000000000011 467.50000000000006 68.14743804931642 42.144521713256843 0.61721614003181469 0.93933823704719555 65.954647064208999 0.78019323945045482 1.0000000180025095e-35 0.64046260714530956 0.30384616553783422 0.49137930572032934 0.97366598248481762 0.61721614003181469 0.73879140615463268 0.51794585585594188 0.84327486157417308 0.74133810400962841 0.96424010396003734 2.8352100849151616 0.98837208747863781 0.76026272773742687 1.0000000180025095e-35 0.080540537834167494 5.3291354179382333 6.7073435783386239 7.346194028854371 0.5482996702194215 0.48076923191547399 4.1439111232757577 364.50000000000006 -0.085906960070133195 0.081666667014360442 0.10509515926241876 -0.33720754086971277 0.29738469421863561 0.43826219439506536 7.4708502292633066 -0.35380941629409784 0.95101958513259899 0.73214286565780651 -0.22207311540842053 0.12060606107115747 0.33520600199699407 0.20714285969734195 0.30384616553783422 5.6455371379852304 1.0000000180025095e-35 0.62020397186279308 29.223814964294437 5.8926818370819101 0.58198922872543346 1.0000000180025095e-35 10.052069664001467
decision_type=2 2 2 2 2 2 2 2 2 2 2 2 2 2 2 2 2 2 2 2 2 2 2 2 2 2 2 2 2 2 2 2 2 2 2 2 2 2 2 2 2 2 2 2 2 2 2 2 2 2 2 2 2 2 2 2 2 2 2 2 2 2
left_child=1 2 3 -1 -5 12 7 50 13 11 40 16 -3 14 15 20 28 18 -18 39 21 23 -23 24 25 -8 -26 -25 29 30 31 -9 -33 -34 -35 36 -36 -38 -27 -16 -11 -15 43 44 -20 -45 -47 49 -49 -29 51 52 -2 -52 -55 58 -57 -58 59 60 -56 -37
right_child=6 5 -4 4 -6 -7 8 9 -10 10 -12 -13 -14 41 19 -17 17 -19 42 -21 -22 22 -24 27 26 38 -28 47 -30 -31 -32 32 33 34 35 61 37 -39 -40 -41 -42 -43 -44 45 -46 46 -48 48 -50 -51 53 -53 -54 54 55 56 57 -59 -60 -61 -62 -63
leaf_value=-0.10000423530608692 -0.16146394585510704 -0.083353539186846529 -0.18103043402092447 -100.19024117968044 -1103.5676921794527 6.5574353391619571 0.0035733195306900684 -0.079346854471779027 0.081650624817156348 -0.0082660193363279337 3.820769211404865 -0.084094488165243203 0.041767733809548138 0.016299669213467829 -0.10054363168393371 0.064208678052991269 -0.037301275689900611 0.010150303488806316 -0.10002106907510043 -0.014072605606659617 -0.0077716963878610261 0.014569392074926038 0.067457057443604501 0.063739260558233632 0.063207119967948117 0.068168128227873812 0.33618971078104709 -0.10705478108865754 -0.050726586438259939 0.041206581549807345 0.0017645241120000953 0.0957768014021253 -0.081637160145730858 0.16907605193656242 -0.0017490277519832107 -0.020769975653247601 0.013290229362953029 0.15693435108066928 -0.056782197673897097 0.053700648040642944 -0.065157038807715145 0.085236843951911792 0.12500203823310149 0.075828893209546666 27.649898938885528 -0.10008600417533263 9.4097152298428188 0.025778629292846203 -0.015152361404391716 -0.017226098077114099 -0.074539471519965414 -0.10944513248563714 -143.66492247595517 -0.002222600715712154 11.524648904524749 21.182402576440673 -0.10011093336540305 4.2889617016213144 -0.0089908800504217897 0.25089413682880707 -0.10006876895382476 0.12575477521224532
leaf_weight=0.89772426392035143 7.9733395724707901 92.426808664319466 22.789417679225554 0.0019981959343198233 0.0026280774857951883 0.015019718881375321 751.19330624085887 216.88734977697663 115.78412228962407 77.857538560445391 0.025504042132523774 53.897942409392272 27.418195635822485 73.593676786054857 45.870063517919441 101.90844037733041 9.0146702609526965 103.60895206412533 0.017785403568267522 585.90731282156776 886.7151332835665 320.09147457248764 135.64221914473455 38.131935994431842 81.337459518797914 115.36651390782936 2.7664985558221806 22.696681515779346 88.354896237062349 202.25598262462518 1439.5686345426873 24.17615022072664 37.519480715542159 11.253360521877765 320.08047428384447 552.84345489176485 20.865774688051999 26.52953339798114 12.263406163903708 8.6187954429768805 148.81231899901104 65.774424344534054 34.291301381395897 0.38982572010718286 0.0072071830290951757 0.01803906582063064 0.010515091817069333 249.26650216034614 301.60483874194324 484.93999800784513 24.564513032487337 65.231971609177577 0.0055723939423167881 3.6108658493054895 0.017204547071742016 0.014096116246946511 0.14124872118554777 0.022784149979997892 1.0218621637905014 0.26080611658835551 0.024483551915182034 6.9546952561940989
leaf_count=22504 75102 1214021 361559 52 93 85 96417 2273279 69978 24047 35 20991 5453 2458 11449 8711 9927 5280 145 24490 73122 15836 9151 2878 5445 3745 184 827 33407 41267 96527 15313 58367 3412 257069 97656 4804 4978 485 259 779412 23678 2888 654 18 115 20 9252 6906 9779 210158 1138779 79 14892 45 77 627 70 933 200 110 760
internal_value=-0.00290337 -0.095967 -0.308791 -3.53547 -670.185 -0.0538997 -0.0012075 -0.0104279 0.00608195 -0.00765499 -0.0451809 -0.00495313 -0.0547282 0.0040394 0.002533 0.00653322 -0.00357476 0.0361438 0.0977025 -0.0193542 0.00480553 0.00923936 0.0303106 0.0045768 0.0165365 0.0112107 0.0721866 -0.00592463 -0.00556061 -0.00416476 -0.00761893 -0.0187175 -0.00557064 -0.00808096 -0.0051404 -0.00725469 0.0105609 0.0936951 0.0561622 -0.076146 -0.0456159 0.0488344 0.13274 0.731208 7.9023 0.302832 3.40191 -0.00843422 0.00336871 -0.0212424 -0.101392 -0.126037 -0.261685 -0.0405962 0.122467 0.422129 2.14546 0.509531 0.190337 0.863689 4.69742 -0.0189496
internal_weight=8021.15 143.552 23.6918 0.902351 0.00462627 119.86 7877.6 3478.13 4399.47 3375.24 226.695 3148.55 119.845 4283.69 4144.32 3503.92 3094.65 147.358 43.7493 640.396 3402.02 2515.3 455.734 2059.57 962.927 878.823 84.104 1096.64 2947.29 2858.93 2656.68 1217.11 1000.22 976.047 938.527 927.274 367.476 47.3953 127.63 54.4889 226.67 139.368 34.7347 0.443372 0.0249926 0.41838 0.0285542 1058.51 550.871 507.637 102.889 73.2109 7.97891 29.6779 5.11335 1.50249 0.178129 0.164033 1.32436 0.302494 0.0416881 559.798
internal_count=7150260 1603767 384208 22649 145 1219559 5546493 5171443 375050 3730371 803494 2926877 1219474 305072 278936 242738 2905886 19047 13767 36198 234027 160905 24987 135918 106276 100647 5629 29642 2886839 2853432 2812165 2715638 442359 427046 368679 365267 266851 9782 4230 11708 803459 26136 3840 952 163 789 135 26764 16158 10606 1441072 1213960 75181 227112 16954 2062 774 697 1288 355 155 98416
is_linear=0
shrinkage=0.1


Tree=71
num_leaves=63
num_cat=0
split_feature=9 15 17 0 12 9 14 4 2 14 2 8 17 18 9 18 9 13 0 18 9 18 9 8 2 18 17 0 4 0 18 18 14 7 14 14 14 9 13 0 2 7 19 1 15 17 2 17 12 0 8 19 2 2 15 17 15 2 18 18 4 17
split_gain=76.3733 144.939 69.801 55.1416 46.1764 28.4728 29.148 27.7885 37.4298 25.264 31.6521 21.615 49.3993 396.155 544.429 29.5805 207.101 793.904 679.214 2428.79 21.4337 20.6651 153.011 516.471 3703.37 4340.57 8179.03 20907.4 1178.28 1829.44 796.35 59.8818 24.2377 22.278 17.8201 34.762 18.8658 54.6096 32.5475 16.8182 22.2567 17.7559 38.3772 217.022 682.097 1106.93 16.6383 16.3176 16.1366 15.8246 15.7134 44.5685 51.239 25.3064 94.0506 30.9651 24.7277 48.6422 76.3976 20.4499 17.7097 16.8382
threshold=0.20942982286214831 6.5000000000000009 196.50000000000003 0.93750000000000011 29.896975517272953 0.93933823704719555 0.97366598248481762 0.56992483139038097 0.20314723253250125 0.8313007950782777 0.34985885024070745 0.75000000000000011 24.500000000000004 6.1373257637023935 0.0745370388031006 5.7513058185577401 0.12060606107115747 1.0000000180025095e-35 0.42261904478073126 5.9677672386169442 0.31414473056793218 5.699981927871705 0.12060606107115747 1.0000000180025095e-35 0.44516208767890936 6.945167303085328 450.50000000000006 0.30384616553783422 0.45923791825771337 0.27922078967094427 7.3439364433288583 5.7932369709014901 0.30368906259536749 1.0000000180025095e-35 0.94281044602394115 0.73879140615463268 0.093073595315217986 0.061553031206130988 1.0000000180025095e-35 0.48076923191547399 0.60422116518020641 1.0000000180025095e-35 0.41666667163372045 0.38750000298023229 15.500000000000002 44.500000000000007 0.80639642477035534 622.50000000000011 15.563266277313234 0.81666666269302379 1.0000000180025095e-35 0.83333334326744091 0.37069459259510046 0.58696249127388012 15.500000000000002 158.50000000000003 19.500000000000004 0.40568913519382482 4.1439111232757577 7.8695695400238046 0.94028520584106456 119.50000000000001
decision_type=2 2 2 2 2 2 2 2 2 2 2 2 2 2 2 2 2 2 2 2 2 2 2 2 2 2 2 2 2 2 2 2 2 2 2 2 2 2 2 2 2 2 2 2 2 2 2 2 2 2 2 2 2 2 2 2 2 2 2 2 2 2
left_child=1 4 7 5 34 6 9 11 -9 48 -11 -3 13 -13 -15 -14 -17 18 19 -18 -5 -4 -23 31 25 28 27 -27 29 -25 -28 33 -30 -24 35 36 46 -38 47 -10 41 50 -43 44 -44 -46 -1 -39 -2 -50 53 56 -53 -41 55 -55 59 58 -58 60 -52 -62
right_child=3 2 21 20 -6 -7 -8 8 39 10 -12 12 15 14 -16 16 17 -19 -20 -21 -22 22 23 24 -26 26 30 -29 32 -31 -32 -33 -34 -35 -36 -37 37 38 -40 40 -42 42 43 -45 45 -47 -48 -49 49 -51 51 52 -54 54 -56 -57 57 -59 -60 -61 61 -63
leaf_value=0.014277730694286029 0.030196307200624641 -0.058787065846341392 -0.078579401706652799 0.015524139927588693 -0.085621445707841581 0.045753939519641421 -0.013764474633326088 0.06566215310181972 -0.063997356034021124 0.068531330657302297 0.0082193755912607705 -0.10006278608758244 -0.10452453455806512 -0.10000735287659027 -49.856879322338742 -0.0045730377522441258 -58.077661533169582 0.41311924280749274 -4.2390791507074139 -0.10016438787029458 0.092034285546703135 -0.092027641157776327 -0.9567008883113074 -0.100126938129392 -0.10694865652035951 -0.10005063676542665 -27.932095616421847 -169.18131184974465 -3.2221526976178567 -54.962014656039997 -0.10181908576153176 -0.077240148285820348 -0.10266508967950992 -0.10105135360902916 -0.079850188768838037 0.054375846053078061 -0.080992139503894445 -0.03076255812545611 0.015285852730855488 0.098287332566903154 -0.042452948579311582 -0.031891852881630177 -0.10077879753782887 -0.12165137472778076 -0.10043277463369973 -51.099911669619303 -0.0078010323721762753 -0.17830769195781457 0.00061250805355334286 -0.058285921303084992 -0.024430222881217122 -4.6816764813708529 -0.10212760844454515 0.11634608957444814 5.9473666843347495 2.1674040284937535 -0.10037652806582308 -0.10048470075128653 7.5829109787042643 2.1284307834592471 0.25755529887632195 1.6614885121340432
leaf_weight=650.1973869078513 184.20027193229726 190.21216714904736 131.4703165552591 60.201396009768359 68.097718029286625 139.51403405732708 1173.5137168160604 46.859726361022695 98.132283591298858 130.71454090457064 260.28268772192496 0.064465710150320876 4.9359016494313233 0.0048554448567301733 0.0040194933048951498 1.0414608999981281 0.0120734066335898 0.18654828728540451 0.048348586097745283 0.017995029789744876 93.455115607648622 76.173419308438895 1.2361146297880603 0.013682951164809221 1.3743318960478061 0.016699403746315511 0.014371769795729961 0.013011350589977155 0.032037685668910854 0.010936394365444357 0.036129208114289213 7.2894228834265959 0.11191026627648171 0.4036533929320284 28.980745079341432 107.94427589064435 113.61777252791535 185.52930557843723 318.60886213502755 27.84564873791938 90.546792502347671 13.514149087130136 0.046616168921901457 0.42944237350457115 0.0093048619200999383 0.0078431546723827239 718.48276171304678 7.8111739012820172 2980.5616026578768 46.325723871821538 18.457780829568225 0.043682060942326184 0.055439860290789511 0.44897607857637822 0.033068575285142288 0.088040268856275361 0.025736382500325727 0.087936158226511907 0.026031419856735738 0.044861149948700496 0.3462036651399093 0.11341409088709042
leaf_count=64231 56136 1618121 1088945 3376 6376 26564 257977 61385 572209 31364 10571 906 51220 92 17 17425 61 24 23 65 68800 983755 247 66 671 103 91 56 73 46 75 12852 142 769 6675 12591 1218247 144256 59878 9367 105384 44113 149 163 30 78 12241 11960 531773 1093 53231 82 114 846 16 117 47 113 91 79 204 128
internal_value=-0.00434596 -0.0172549 -0.0564736 0.00306805 -0.00456007 0.00122389 -7.70058e-05 -0.0356565 -0.0163626 0.0043822 0.0283823 -0.0648301 -0.246831 -2.82702 -22.6351 -0.216517 -0.639644 -3.13582 -11.5785 -23.3799 0.0620582 -0.103575 -0.141465 -0.49834 -2.13924 -13.3662 -32.5147 -74.1465 -4.25454 -24.4708 -8.02187 -0.200065 -0.796952 -0.74607 -0.00196991 -0.00089625 -0.00388801 -0.0182748 -0.00435578 -0.0317186 -0.0109026 0.0354555 -0.0635131 -0.929954 -6.37375 -23.4266 0.00268758 -0.0367235 0.00145983 -0.000288917 0.0645689 -0.00531396 -2.12029 0.11179 0.771335 0.452603 0.00566085 1.3312 3.76316 -0.00410505 -0.0091622 0.603986
internal_weight=7979.93 2911.16 711.887 5068.77 2199.27 4915.11 4775.6 493.691 297.163 3602.08 390.997 196.528 6.31567 0.0733406 0.00887494 6.24233 1.30643 0.264965 0.078417 0.0300684 153.657 218.196 86.7257 10.5523 1.62311 0.248779 0.0802117 0.0297108 0.168567 0.0246193 0.050501 8.92919 0.143948 1.63977 2131.17 2102.19 1994.25 625.567 511.949 250.303 152.171 61.6242 14.0074 0.493207 0.0637642 0.017148 1368.68 193.34 3211.09 3026.89 47.6168 19.2011 0.0991219 28.4157 0.570085 0.537016 19.102 0.139704 0.0517678 18.9623 18.9174 0.459618
internal_count=7147900 6160246 4623791 987654 1536455 915478 888914 2535900 847946 630937 41935 1687954 69833 1015 109 68818 17598 173 149 126 72176 2087891 998946 15191 1323 652 325 159 327 112 166 13868 215 1016 1530079 1523404 1510813 1434341 216094 786561 214352 108968 44533 420 257 108 76472 156216 589002 532866 64435 54089 196 10346 979 963 53893 251 138 53642 53563 332
is_linear=0
shrinkage=0.1


Tree=72
num_leaves=63
num_cat=0
split_feature=16 9 9 4 16 19 14 16 9 16 13 15 15 12 7 9 15 12 4 4 5 8 3 4 8 14 17 16 8 16 8 4 5 15 16 16 9 5 16 17 12 9 13 12 9 4 9 17 16 14 12 17 16 9 11 6 12 4 9 17 4 12
split_gain=133.277 238.443 38.3938 45.1703 32.8127 57.3507 128.705 258.045 2676.07 6008.05 711.956 1118.17 38.0812 30.2909 29.6607 78.7729 243.642 889.327 1704.97 2373.66 170.953 6105.19 9059.39 10005.7 65.5462 54.0565 81.3266 37.5077 113.56 753.466 3115.23 10633 138.35 2736.1 96.5037 724.75 31.7915 26.8511 23.9725 23.0291 19.6968 21.0622 19.3677 20.5124 18.8002 17.5661 17.524 18.1987 15.4936 15.4225 14.0537 13.9467 13.4677 29.6262 97.1992 29.2666 23.9114 30.2368 23.6112 36.592 108.914 82.9433
threshold=-0.49193744361400599 0.2639319002628327 0.43874999880790716 0.99484536051750194 -0.33720754086971277 0.41666667163372045 0.43826219439506536 -0.35721349716186518 0.13100686669349673 -0.37704564630985254 1.0000000180025095e-35 7.5000000000000009 10.500000000000002 30.941270828247074 1.0000000180025095e-35 0.12060606107115747 13.500000000000002 6.7073435783386239 0.39811320602893835 0.54631218314170849 0.63582888245582592 1.0000000180025095e-35 0.62316370010375988 0.53144779801368724 1.0000000180025095e-35 0.27149876952171331 88.500000000000014 -0.61867660284042347 1.0000000180025095e-35 -0.59932458400726307 0.75000000000000011 0.36758151650428778 0.61257407069206249 16.500000000000004 -0.56409299373626698 -0.56768345832824696 0.24283374845981601 0.628892481327057 -0.49522963166236872 731.00000000000011 42.628488540649421 0.2806250005960465 1.0000000180025095e-35 50.35118484497071 0.17902930825948718 0.65326327085495006 0.93933823704719555 1218.5000000000002 -0.068309940397739397 0.88117647171020519 32.006683349609382 358.50000000000006 -1.0000000180025095e-35 0.12060606107115747 1.0000000180025095e-35 1.0000000180025095e-35 9.3725585937500018 0.59491634368896495 0.087595909833908095 104.50000000000001 0.94028520584106456 10.977132797241213
decision_type=2 2 2 2 2 2 2 2 2 2 2 2 2 2 2 2 2 2 2 2 2 2 2 2 2 2 2 2 2 2 2 2 2 2 2 2 2 2 2 2 2 2 2 2 2 2 2 2 2 2 2 2 2 2 2 2 2 2 2 2 2 2
left_child=1 14 4 13 5 12 -7 8 9 10 -8 -12 -2 -4 15 -1 17 18 -17 -20 21 37 23 -23 25 26 -22 -18 -29 30 31 -30 33 -31 35 -35 -27 38 -19 40 52 -42 -3 49 -14 -46 -15 48 -48 -44 51 -47 53 54 55 -6 57 -55 -57 -60 -61 -62
right_child=2 42 3 -5 39 6 7 -9 -10 -11 11 -13 44 46 -16 16 27 20 19 -21 24 22 -24 -25 -26 36 -28 28 29 32 -32 -33 -34 34 -36 -37 -38 -39 -40 -41 41 -43 43 -45 45 50 47 -49 -50 -51 -52 -53 -54 56 -56 58 -58 -59 59 60 61 -63
leaf_value=-0.13934634734175527 -0.1165845854799295 -0.039769878356003763 0.032846083284117575 0.09235949426251408 -0.07999084745786364 -0.11721860939707036 -0.10004931774612745 -0.38095811047699935 -0.45558795523728252 -125.28346971150494 -0.10001228886090255 -72.315510469235633 -0.069291331900385805 0.0010177603481928499 -0.12197935888147296 -0.10221612202105929 -0.11823482923045142 -0.17457789032519311 -99.528056671152498 -12.277731796035319 -5.1881122717713968 -47.7793140550828 -0.10077849388376142 -236.37283207512397 -0.010290473900375413 -0.52177152892509227 -0.10091861903091333 -0.23678418104294768 -0.10001375382392477 -58.023071757240807 -0.10001352982411947 -183.16381087086336 0.031450677127593966 -0.10001815950484393 0.4929907336605161 -41.107182709734275 -2.2532889022832445 -2.1624205598708275 -2.9246076074328409 -0.042056354249227594 -0.072666127232434721 -0.011633932836124124 0.073573010792294238 -0.030610818160244965 -0.013411688690544783 0.19951382878554769 0.0095601826168605214 -0.61502281737988618 0.087995699821337411 -0.0055520744717155986 0.0053951543154135062 -0.14008107492187127 -0.0050327007950367398 4.75400260037654e-05 0.013379932484370909 -0.035792290486470799 0.013413556040859104 0.14969821569932212 0.031888908512714746 0.27454742109235186 4.5811623386082436 1.04361937270452
leaf_weight=43.513235476428179 44.706662678311943 75.454271901670438 402.11043224140303 64.461974265344907 182.72598568335661 3.9538527075651571 0.018173500942805676 0.72335158994587778 0.25140253249877986 0.0055917915785008388 0.004431137338542614 0.0041542328609207885 53.332526012220569 2090.5784798699024 85.536060007691333 0.022295309278013931 9.9707331259433474 0.63465079665184021 0.0050268202293182193 0.0082115870613961306 0.075820344773091741 0.0083893018884269172 0.017675842802418705 0.0042323585716710571 1.047812860161685 0.55573975390507258 0.053669230655941647 4.8303825110412637 0.011582061393710548 0.0086320924377892017 0.055419062563059944 0.0043700111282305434 0.70939628107470298 0.037057059870668353 0.16807834127827453 0.0048771542087706543 0.1310397599809221 0.088841808763390873 0.033364973707648682 147.26763080847286 73.994090725202113 239.76397833772353 71.240573629134403 51.048698059641197 176.94564873509665 9.9917856470274291 53.804830550390761 0.41786840942222525 47.344339400704484 37.653397296850713 12.7169362408531 1.3758635912308808 2352.1945944765794 24.832139147284124 517.82938792362256 8.839384474045799 1038.5578357390623 29.589202230179581 3.653944713267264 1.8521096721342476 0.10679787992557965 0.17469706718111411
leaf_count=482100 544987 215818 19705 60363 1984721 3528 202 64 100 55 47 58 627125 79074 1766840 12 163924 1096 69 78 41 90 40 55 1208 597 124 32186 121 90 632 52 2886 449 934 54 43 34 21 383665 20003 21839 58255 34976 96212 1029 4616 70 19813 28208 1985 394 229603 4141 58468 48717 142361 1771 1788 1931 106 116
internal_value=-0.0029194 -0.0604793 -1.31225e-05 0.00967106 -0.00524061 -0.0370626 -0.374283 -1.38351 -3.93924 -31.0113 -11.3113 -35.0432 -0.0314688 0.00761642 -0.160153 -0.212817 -0.385745 -1.2661 -16.9813 -45.408 -1.05548 -2.29119 -46.3085 -111.019 -0.533669 -1.20551 -3.07964 -0.236046 -0.43754 -1.40784 -11.3089 -50.2497 -0.646395 -2.84568 -0.577734 -4.86935 -0.852151 -0.529147 -0.311932 -0.00314711 -0.00186639 -0.0260273 0.00199187 0.0216933 -0.0165089 -0.00250591 0.00298848 0.0435524 0.0462731 0.0462131 0.0776171 0.158412 -4.42714e-05 0.00644506 -0.00937898 -0.0690955 0.0167994 0.0814135 0.0670138 0.224031 0.553086 2.38575
internal_weight=7967.06 382.934 7584.13 2658.72 4925.41 304.03 4.96096 1.0071 0.283753 0.0323507 0.0267589 0.00858537 299.069 2594.26 147.537 62.0005 18.4873 2.68677 0.0355337 0.0132384 2.65124 0.787155 0.0302975 0.0126217 1.86408 0.816269 0.12949 15.8005 5.82979 0.999412 0.0713711 0.0159521 0.928041 0.218645 0.210013 0.0419342 0.68678 0.756858 0.668016 4621.38 4474.11 313.758 235.397 159.943 254.363 201.03 2192.15 101.567 101.149 108.894 24.0846 11.3676 4160.36 1808.16 715.182 197.353 1092.98 54.4213 14.6269 5.78755 2.1336 0.281495
internal_count=7149690 2791033 4358657 183641 4175016 1275786 4054 526 462 362 307 105 1271732 123278 2453776 686936 204836 3508 159 147 3349 1336 185 145 2013 805 165 201328 37404 5218 805 173 4413 1527 1437 503 640 1151 1117 2899230 2515565 41842 337257 121439 726745 99620 103573 24499 24429 86463 3408 1423 2473723 2244120 2095847 2037379 148273 5912 52658 3941 2153 222
is_linear=0
shrinkage=0.1


Tree=73
num_leaves=63
num_cat=0
split_feature=16 9 9 17 3 5 2 9 15 2 12 16 12 15 16 1 2 2 3 0 1 3 1 3 4 5 14 9 4 7 3 2 0 5 7 1 0 4 2 16 2 4 4 2 0 2 16 12 2 2 17 0 4 0 7 2 1 7 7 3 0 2
split_gain=81.585 188.401 32.357 25.9672 23.2391 40.7819 32.3745 28.7189 26.3038 30.3999 25.7954 17.8276 17.9873 17.607 50.5133 37.8631 42.4348 25.4407 18.4243 28.7007 21.7437 22.5678 17.3365 106.001 251.537 36.9747 238.457 16.9992 23.3327 16.5139 15.5635 40.3373 34.24 26.8567 22.5163 23.8893 21.3663 17.8601 17.2423 16.2967 21.9985 15.5435 15.4733 19.7368 20.2887 19.0916 15.4341 15.3924 15.0714 14.9812 23.3394 21.3043 36.1095 29.5389 59.5845 19.7561 28.8045 19.285 27.5149 37.952 73.2848 48.2965
threshold=-0.46664647758007044 0.2639319002628327 0.93933823704719555 1557.5000000000002 0.46247655153274542 0.3647450208663941 0.0070401676930487165 0.17902930825948718 19.500000000000004 0.010588669683784248 61.905717849731452 -0.80725190043449391 14.960259914398195 15.500000000000002 -0.21879859268665311 0.46428571641445165 0.39936517179012304 0.14192275702953341 0.68783602118492138 0.48076923191547399 0.23611111193895343 0.72834226489067089 0.35416667163372045 0.21483516693115237 0.32757078111171728 0.33520600199699407 0.15587044507265094 0.22792208194732669 0.75513628125190746 1.5000000000000002 0.88047617673873912 0.76717239618301403 0.43650794029235845 0.94804319739341747 1.0000000180025095e-35 0.90000000596046459 0.84523808956146251 0.88047617673873912 0.1531234607100487 0.34567387402057653 0.95631209015846264 0.96824595332145702 0.27812939882278448 0.18175929039716723 1.0000000180025095e-35 1.0000000180025095e-35 -0.19915034621953961 110.45745086669923 0.4643161147832871 0.95631209015846264 112.50000000000001 0.73214286565780651 0.81375637650489818 0.64583334326744091 1.5000000000000002 0.77949541807174694 0.58571431040763866 1.5000000000000002 1.0000000180025095e-35 0.77003204822540294 0.48076923191547399 0.36145716905593878
decision_type=2 2 2 2 2 2 2 2 2 2 2 2 2 2 2 2 2 2 2 2 2 2 2 2 2 2 2 2 2 2 2 2 2 2 2 2 2 2 2 2 2 2 2 2 2 2 2 2 2 2 2 2 2 2 2 2 2 2 2 2 2 2
left_child=1 22 3 4 7 -6 -7 -2 9 -8 42 -3 -13 14 15 17 -17 -11 19 47 -20 -22 -1 24 -24 26 -25 -27 -29 -10 36 48 -33 34 35 -34 38 -37 -16 -35 -41 49 -9 45 -45 -44 -4 -15 -32 51 -51 53 55 57 -55 56 -53 58 59 60 -40 -61
right_child=2 11 46 -5 5 6 8 10 29 13 -12 12 -14 18 30 16 -18 -19 20 -21 21 -23 23 25 -26 27 -28 28 -30 -31 31 32 33 39 -36 37 -38 -39 41 40 -42 -43 43 44 -46 -47 -48 -49 -50 50 -52 52 -54 54 -56 -57 -58 -59 -60 61 -62 -63
leaf_value=-0.11919278890281343 -0.07106615961526612 -0.079851047217161117 0.0089687590080639919 -0.078698825344198933 0.11032718616213129 0.12888242196244254 0.14863486992144115 0.012700087891961318 -0.065361792081201839 0.20619227895628423 -0.057365657806673909 0.19732624241218286 0.0068407629504784254 0.0048958904462956653 0.077658829078760011 0.096818797254478103 -0.037436123924562879 -0.088850039861761779 0.072808809078205181 0.087901206462146844 0.073300944204696739 -0.089265435536028628 -0.10001720912115637 27.225824964538436 -36.066716086536694 -0.22450361068037661 -0.10016494128062184 0.011736269755154041 1.4723813089809978 0.03435635085296522 0.12617842357317985 0.081169500089731964 -0.015765520306370785 -0.00054772402429491068 0.046354665947192224 -0.015725898932584977 0.04131792518942707 -0.15517737089202002 -0.026215194652019342 -0.0038381661112795017 0.075840761847750959 -0.10993844074544393 -0.0071788786650704055 0.084972316662809577 -0.019399554739427404 -0.065057602875406614 0.085316957968194274 -0.11469978910451945 0.040072561289266756 0.0033119104492749505 0.095111866004883014 0.12053079550337389 -0.039410876887881224 0.025272717322250879 -0.12266358583204012 0.034971737791342217 -0.070726338484164528 0.011222839404614661 -0.027516242332096253 0.072426399724325005 0.03624722552478158 -0.033859992196887449
leaf_weight=124.19921605764625 84.269326650403855 23.815157487842839 44.58132205856964 42.090635979976469 34.617775090743635 19.88988732353755 14.097536924046834 334.79310088231432 90.806680073333155 2.9922533184465143 97.521141750388779 5.0525212563974256 262.9093863303541 538.81062871658673 26.515193334219475 30.941725127186146 98.457517517386805 125.44163393056691 101.41912576280623 42.393221963572842 15.069065339314809 19.707188375843209 0.0064677941209109191 0.0036595377787332897 0.0027803477893826312 25.117671794264826 0.025073143899135175 0.79280103907876665 0.12686494700028561 20.324411418825548 22.412429522075399 53.63644196858877 44.312887062278605 860.07575419707427 21.011449656998593 12.512117134850994 113.56105624940756 34.529099728611982 309.95613486580646 68.613012388814241 70.00157333293464 13.609941717291802 128.0429179157436 32.887348234457022 42.945232704051705 102.70266744193123 65.204556239128578 10.980892341583965 218.53841708161053 95.728585670345637 38.969372883380856 9.5729465789991064 383.27338051713741 599.29843590411838 28.521711642566515 132.68775302931681 44.384469271652051 524.05348999530906 631.35994570431239 47.266926238286942 476.74333504915307 447.61198941603652
leaf_count=2532415 657708 176799 2174 163248 16130 3390 2413 38688 54971 1996 7984 2770 167498 216225 13211 15676 208012 1023364 6558 9043 13205 17738 106 38 68 124227 388 350 25 12448 2136 6261 13407 114239 2305 857 16429 3495 263153 4658 28021 1114 35263 1535 4551 38368 34728 307 33605 6880 2462 709 22771 48536 4836 5255 1315 291652 511380 9612 61244 89016
internal_value=-0.00204493 -0.0437879 0.000425381 -0.000378453 7.20266e-05 0.00207825 0.00149818 -0.015757 0.00110476 0.00195162 -0.00944909 0.0030634 0.0104324 0.00162416 -0.000282453 -0.0435113 -0.00533332 -0.0819761 0.0162477 0.0086204 0.0494115 -0.018823 -0.134756 -0.208884 -10.913 -0.205086 3.38021 -0.209042 0.213228 -0.0471247 0.00180918 0.0108377 0.00313271 -0.000634528 -0.0469854 -0.0684536 -0.00142573 -0.118086 -0.0026999 0.00458054 0.0364004 -0.00326313 -0.00216333 -0.0183947 0.0258648 -0.0329401 0.0543138 0.00250723 0.0480818 -0.00287797 0.0298705 -0.00409158 -0.0218455 -0.000790151 0.018552 0.0142249 -0.0367941 -0.0057731 -0.0104292 -0.00201135 0.0116373 -0.0237084
internal_weight=7911.8 442.052 7469.75 7359.96 7317.87 6494.71 6460.09 823.162 6440.2 6329.07 738.892 291.777 267.962 6314.97 5586.59 257.833 129.399 128.434 728.38 592.185 136.195 34.7763 150.275 26.0753 0.00924814 26.0661 0.0287327 26.0373 0.919666 111.131 5328.76 1405.64 1164.69 1111.06 112.366 91.3541 3923.11 47.0412 3809.55 998.69 138.615 3783.04 641.371 306.578 75.8326 230.746 109.786 549.792 240.951 3769.43 134.698 3634.73 569.919 3064.81 627.82 186.645 53.9574 2436.99 1912.94 1281.58 786.699 494.879
internal_count=7148966 3004684 4144282 4107380 3944132 3160035 3143905 784097 3140515 3073096 126389 347067 170268 3070683 2807607 1249048 223688 1025360 263076 225575 37501 30943 2657617 125202 174 125028 426 124602 375 67419 1558559 208984 173243 166982 20064 17759 1349575 4352 1333146 146918 32679 1319935 118405 79717 6086 73631 36902 216532 35741 1318821 9342 1309479 30050 1279429 53372 7279 2024 1226057 934405 423025 324397 98628
is_linear=0
shrinkage=0.1


Tree=74
num_leaves=63
num_cat=0
split_feature=17 15 3 9 3 14 9 18 5 9 5 0 14 0 14 3 7 18 2 17 15 0 3 0 18 0 15 17 0 18 0 9 14 14 15 2 14 19 17 18 7 2 15 3 17 18 5 2 17 3 15 7 17 5 17 2 2 3 15 18 0 18
split_gain=52.5054 42.9468 37.5008 36.8633 78.1272 36.8773 66.463 34.3092 41.3632 26.8302 39.2156 4902.63 22600.7 1316.18 12942.8 25.3934 26.0476 24.9224 25.7941 27.9455 20.1517 19.7164 18.5517 20.5278 18.27 21.3538 17.7639 17.4231 16.5348 17.5274 17.2461 17.6708 17.5978 17.1719 16.5274 15.513 19.6187 62.5155 26.4528 15.4307 15.2861 17.6012 23.1272 16.0061 14.9056 14.6478 288.999 1966.82 88.9123 334.303 14.5945 14.4295 17.1221 22.3799 17.4747 14.3543 32.2351 25.8824 14.3141 13.6025 17.8182 13.5906
threshold=673.50000000000011 23.500000000000004 0.64549729228019725 0.17519181966781619 0.4654348641633988 1.0000000180025095e-35 0.042572464793920524 1.0000000180025095e-35 0.78319624066352855 0.17902930825948718 0.33520600199699407 0.18465909361839297 0.21240601688623431 0.12916667014360431 0.15587044507265094 0.93788579106330883 2.5000000000000004 4.3029561042785653 0.44724296033382421 24.500000000000004 19.500000000000004 0.12916667014360431 0.14870093762874606 1.0000000180025095e-35 6.2134006023406991 0.087121214717626586 11.500000000000002 646.50000000000011 0.93750000000000011 3.7466021776199345 0.76388889551162731 0.29289215803146368 0.41277891397476202 0.25320513546466833 19.500000000000004 0.93307995796203624 0.48137930035591131 0.83333334326744091 232.50000000000003 11.559497356414797 1.5000000000000002 0.15792983025312426 16.500000000000004 0.7577352523803712 30.500000000000004 6.4081249237060556 0.33520600199699407 0.056763663887977607 36.500000000000007 0.52565789222717296 4.5000000000000009 1.0000000180025095e-35 38.500000000000007 0.81120249629020702 81.500000000000014 0.1344389542937279 0.0045078478287905463 0.61938297748565685 1.5000000000000002 10.343837738037111 0.240384615957737 9.6059684753417987
decision_type=2 2 2 2 2 2 2 2 2 2 2 2 2 2 2 2 2 2 2 2 2 2 2 2 2 2 2 2 2 2 2 2 2 2 2 2 2 2 2 2 2 2 2 2 2 2 2 2 2 2 2 2 2 2 2 2 2 2 2 2 2 2
left_child=1 3 9 4 -1 20 35 40 59 10 11 13 -13 -2 -15 16 28 -10 19 -19 44 -21 34 55 25 -4 58 51 30 -30 32 -32 33 -5 -18 -7 -37 38 -38 -35 41 42 -8 -43 -6 -3 47 -47 49 -48 -20 52 53 -23 -54 56 -24 -58 -17 -9 -61 -34
right_child=2 45 24 15 5 6 7 8 17 -11 -12 12 -14 14 -16 26 22 18 50 21 -22 27 23 -25 -26 -27 -28 -29 29 -31 31 -33 61 39 -36 36 37 -39 -40 -41 -42 43 -44 -45 -46 46 48 -49 -50 -51 -52 -53 54 -55 -56 -57 57 -59 -60 60 -62 -63
leaf_value=-0.098469192545633424 -0.12173664948522669 -0.053260814199883794 0.069596849453677265 -0.0026952528079749842 0.051425269910479035 -0.097803407672627365 0.16188228613297004 -0.094669223604643582 -0.047469532454241826 -0.048253625961740987 -0.11571886924261131 -393.51173455192071 -0.10000434858321242 -237.93953041425635 -0.10000403922114993 0.049775587717167391 -0.098761106409690699 3.1981493512283632 0.008464447671443635 1.2568657416269107 -0.11624789500471602 1.7069422534353049 0.054258175402184576 -0.010010161641960624 0.042265123601768692 -0.055899286502011328 0.56358869816485291 2.0878029792271442 -0.19686647579424557 0.079911821829301913 -0.087790806554996159 -0.01295257494163852 -0.003389234351349823 0.022541505549725963 0.021993383900949168 -0.039426209736302426 0.083405116488295822 2.6093104448854954 1.6500413777201151 -0.1277860951859795 0.096500378249932017 -0.050741375849735253 -0.013880882126058959 0.050120623863397121 0.0023855894836073209 -0.10000537827486913 -0.10001205342746636 -113.27463906004317 -0.17243082524989406 -42.625843289626175 -0.060961515029979943 -0.10162789468283272 -0.21396939955211103 -0.10997642187843765 0.23065696791242468 0.091504353624973514 -0.063638306861311958 0.14402332156158715 -0.0075433930004676665 -0.1064236563831189 0.24908329358563372 0.025948175256170221
leaf_weight=94.588039887338709 4.0572919376793068 128.79931815689724 16.333151904811515 469.84024249247693 64.775505519877925 122.81961740019119 16.064782389479749 81.623913946127601 121.23885906869356 77.765707180407517 44.745644689257034 0.0017793063151411168 0.008143528932123445 0.0025227091134530913 0.024594258856268425 181.55890601116698 20.740794270381304 0.030316962293025607 273.67081077984801 0.16035083822134666 13.949498947512209 0.16537076173989085 197.96461576454737 81.552620710277552 45.616480059970854 79.816103870375642 0.63994663278572161 0.045638326246263072 2.4273945881286627 39.838271775457542 35.635562037525233 275.24520797387231 2589.5212383001262 813.50288995620542 24.991771046703303 9.7686105965149164 1.9838365109735603 0.11046202064608213 0.11397135916558898 6.8860255699728432 31.705378629030747 41.152414448572728 14.01945195693588 25.472584228897176 1436.4568753718563 0.011715850658229665 0.0086429265429613933 0.0017671805327115217 1.6286092248128623 0.002351512656689537 34.046280730215074 2.1031486259131542 1.0369426463754781 0.11489413141430305 5.9904530931215705 57.44381194482412 43.715543757866897 6.9571306604193515 57.323529188433895 2.9094672448253642 2.735241386094756 168.15935755860983
leaf_count=1283396 83119 456979 6909 105824 3532 2439457 4596 439506 117656 108057 608028 61 238 79 715 71898 2619 90 57957 65 14183 37 42639 16315 44325 150812 24 140 71 12645 465 6928 465554 162748 2142 44072 999 7 105 209 22803 48382 28891 3293 139195 377 187 38 7992 32 80152 13103 1167 109 2831 3714 21604 148 1081 7987 1712 8347
internal_value=-0.00170858 -0.000174184 -0.0451798 0.000818818 -0.0093959 -0.00573952 -0.0232696 -0.0100966 -0.0214125 -0.0847357 -0.142824 -0.439052 -70.6444 -0.268492 -22.2264 0.00564812 0.00407345 -0.00890245 0.00583087 0.166843 0.00338989 0.157287 0.0274652 0.0345718 -0.00985387 -0.0345809 0.0374305 0.138641 0.0017701 0.0640159 0.00116652 -0.0215311 0.00290971 0.0125492 -0.0327716 -0.0872097 0.0214254 0.290612 0.168519 0.0212797 0.0362432 0.0164883 0.0799755 -0.012179 0.00450156 -0.057057 -0.352837 -14.9335 -0.232936 -9.19552 0.000783055 0.129189 0.195618 0.962099 0.165049 0.0464503 0.0360413 -0.0351273 0.036021 -0.0842869 0.0658434 -0.00160028
internal_weight=7871.62 7603.25 268.371 7472.8 2398.85 2304.26 789.083 654.286 525.872 126.606 48.84 4.09433 0.00992284 4.08441 0.027117 5073.94 4834.42 438.603 317.364 9.64712 1515.18 9.6168 433.366 387.634 141.766 96.1493 239.522 9.45645 4401.06 42.2657 4358.79 310.881 4047.91 1290.23 45.7326 134.796 11.9769 2.20827 2.09781 820.389 128.415 96.7092 30.0842 66.625 1501.23 130.452 1.65309 0.013483 1.6396 0.0109944 307.717 9.41081 7.30766 0.280265 7.0274 306.081 248.637 50.6727 238.882 87.2686 5.64471 2757.68
internal_count=7148346 6146003 1002343 5680398 4755423 3472027 3315117 830477 722512 800297 692240 84212 299 83913 794 924975 851972 273307 155651 17542 156910 17452 89181 84420 202046 157721 73003 17387 762791 12716 750075 7393 742682 268781 4761 2484640 45183 1111 1104 162957 107965 85162 33487 51675 142727 465605 8626 415 8211 219 138109 17247 4144 146 3998 68105 64391 21752 72979 449205 9699 473901
is_linear=0
shrinkage=0.1


Tree=75
num_leaves=63
num_cat=0
split_feature=16 9 1 5 14 9 17 16 15 4 18 15 2 15 5 16 2 15 16 17 16 18 13 14 9 9 18 2 4 16 2 4 2 1 16 9 18 4 1 17 17 6 13 2 4 16 4 9 14 9 5 14 16 18 16 18 18 14 4 2 15 16
split_gain=83.7548 198.248 35.5188 19024.6 146173 25.7398 18.7627 17.6889 17.5079 16.0687 28.4046 18.3226 20.5313 18.666 15.2249 23.992 18.3324 16.4651 17.7337 14.9752 23.9454 15.4389 15.0583 28.7025 72.4172 21.5479 17.4857 26.2288 30.6997 30.6425 15.6893 31.5572 19.6868 19.4448 25.4101 14.3914 14.1822 22.5363 15.339 13.9914 33.0885 13.939 13.7489 13.7528 15.0718 13.3681 12.854 13.8631 12.6998 12.6424 13.5594 12.5073 13.288 17.1306 12.4379 19.0732 69.1247 163.573 15.6476 132.239 12.3232 20.23
threshold=-0.42241412401199335 0.22792208194732669 0.35416667163372045 0.33520600199699407 0.2152509689331055 0.90238094329833995 2409.0000000000005 -0.057495892047882073 24.500000000000004 0.33508773148059851 2.6105628013610844 20.500000000000004 0.1344389542937279 22.500000000000004 0.21846590936183932 -0.72905284166336048 0.0045078478287905463 21.500000000000004 -0.73531287908554066 65.500000000000014 0.27499860525131231 6.6399395465850839 1.0000000180025095e-35 0.081666667014360442 0.11651583760976793 0.050641026347875602 1.0000000180025095e-35 0.42643845081329351 0.76728257536888134 -0.054887030273675912 0.52280560135841381 0.81375637650489818 0.88285672664642345 0.46428571641445165 -0.041795337572693818 0.5419580638408662 3.8305212259292607 0.90595519542694103 0.38750000298023229 553.50000000000011 562.50000000000011 1.0000000180025095e-35 1.0000000180025095e-35 0.26982475817203527 0.73735308647155773 -0.099231444299221025 0.68457102775573742 0.053342817351222045 0.11942959204316141 0.19722222536802295 0.94570022821426403 0.84924244880676281 0.12352748587727548 6.5910098552703866 -0.45087748765945429 3.2496379613876347 3.1774889230728154 0.20871143788099292 0.84262126684188854 0.45148901641368872 1.5000000000000002 0.011577461380511524
decision_type=2 2 2 2 2 2 2 2 2 2 2 2 2 2 2 2 2 2 2 2 2 2 2 2 2 2 2 2 2 2 2 2 2 2 2 2 2 2 2 2 2 2 2 2 2 2 2 2 2 2 2 2 2 2 2 2 2 2 2 2 2 2
left_child=1 2 -1 4 -4 6 8 -7 19 11 41 12 -3 14 15 17 -16 18 39 21 22 -2 23 60 -25 -24 27 28 29 -27 31 33 36 34 35 49 -32 -38 51 -13 -41 -11 -12 44 -44 -29 -22 -48 -17 -28 -51 -39 -53 -54 -5 56 -56 -58 -57 -60 61 -21
right_child=5 9 3 54 -6 7 -8 -9 -10 10 42 13 -14 -15 16 48 -18 -19 -20 20 46 -23 25 24 -26 26 30 45 -30 -31 32 -33 -34 -35 -36 -37 37 38 -40 40 -42 -43 43 -45 -46 -47 47 -49 -50 50 -52 52 53 -55 55 58 57 -59 59 -61 -62 -63
leaf_value=-0.11745602646621273 0.013460001310760111 -0.059119416839091866 -972.07808841309679 -0.20504519492027173 -0.10000439026658203 0.0062603679332809917 -0.088836757874542149 0.082094580194194883 -0.082196186484991912 -0.07924772820968215 -0.048517505434920859 0.24393252270532054 0.18869898325054857 -0.02075313976264135 0.089177594696721027 -0.40896619853355265 -0.10775448276474375 0.019304411173281525 1.4974159413512034 -0.036574539670401689 0.087047822125756666 -0.0030149615964176844 -0.075557326047028223 -0.08531571680724219 -0.01143594561580764 0.011958673070232717 -0.10500570562320038 -0.015829331603969213 0.15153585495088395 -0.06127926556388727 -0.063274375549351669 0.095492458774770417 0.01576665630405177 0.035814418733160824 0.044612404403581482 -0.097216803744430411 -0.018358785655491115 0.0043772191948746857 0.065092703033917967 2.8873647672534886 -0.10084180816949014 0.082544966822119648 0.06548287766097162 0.0042057474158597825 0.29044631697220891 0.084920292311953569 0.099610223481180593 0.011439960007253312 -0.0095162160882197727 -0.0078552097395440026 0.38070219335752881 -0.037190043180678638 -0.60375717218188152 0.10167422014051562 -0.10041534553933484 -0.052142732388571658 25.273701826666343 -0.10000961569554966 14.817754285071215 -0.10008666907966046 0.0084463520641837025 0.010151797916499622
leaf_weight=111.6328379868159 1485.5472691066598 47.446731127055727 0.0017490105211369631 24.89007307655087 0.013411186975645251 58.372199565521441 23.613801648069057 65.021676254400518 25.539903232251163 80.975429449531319 25.879787575100728 3.4325116521431491 3.5965117460618776 59.814925613076639 70.64025351612645 0.80871200971888058 5.0660134989793724 3.3128440435211814 0.12489760715834464 193.37959479685492 26.959451350092422 921.74249006064565 36.213779439524842 157.89839474066832 830.56368599817517 560.12947215618624 14.65663193350643 16.161223402101314 14.528543474800243 63.616694686334085 60.810650942281427 42.650121390150161 237.58512033104489 108.55331249350638 45.659277635451872 34.820439212489873 744.31375499830756 11.777283836068817 55.649601643955975 0.066835280944360309 0.083165518575697206 5.6997427140886421 17.01420234561429 39.713982078451636 3.6100043955084393 71.154720578735578 18.728872081905138 372.6553357692901 50.330442044849995 67.877430254706852 0.91015619214158405 2.1581689505474055 1.2499667000956831 0.47507813456468273 0.036424565485503435 2.6749926206721288 0.0039410815988958348 0.0071497664775961312 0.0067033212108070775 0.052333481105961255 683.45812622842641 177.89044878862478
leaf_count=2679453 374301 56449 95 138772 386 5746 114086 36367 26941 244493 22054 1827 589 131577 45379 51 15088 2607 45 1180 1002 177267 556364 1910688 123868 107064 57483 3899 984 10870 17772 4142 21219 10174 5352 526 55265 1357 5138 11 250 336 6868 2432 48 5893 2612 32971 3476 6534 18 229 162 74 100 27225 23 113 15 429 88668 2567
internal_value=-0.00193813 -0.0393055 -0.142602 -0.243989 -112.236 0.00093941 0.000153435 0.0462208 0.00045002 -0.00484528 -0.0281826 0.0116421 -0.0416581 0.0256891 0.0464407 0.00796393 0.0759996 0.181314 0.326081 0.000749006 -0.00256393 0.0071518 -0.00481896 -0.0109944 -0.0232376 0.000939994 0.00222565 0.0148683 0.00783615 0.00448904 -0.00419311 0.0155069 -0.00976574 0.002987 -0.0187519 -0.0432154 -0.0166871 -0.0132137 0.0404893 0.285245 1.2306 -0.0686083 0.0124574 0.0386103 0.10486 0.0662726 0.0202597 0.0156592 -0.0158331 -0.0206812 -0.00271405 -0.0469387 -0.202573 -0.409481 -0.182633 0.0179188 2.00426 8.91642 -0.0166023 1.59376 0.000479618 -0.0141861
internal_weight=7789.26 556.937 139.32 27.6868 0.0151602 7232.32 7108.93 123.394 7085.32 417.617 172.893 244.724 51.0432 193.681 133.866 58.1594 75.7063 7.02025 3.70741 7059.78 4652.49 2407.29 4234.14 2043.19 988.462 2190.95 2154.74 725.591 638.275 623.746 1429.15 315.127 1114.02 272.477 163.924 118.265 876.435 815.624 71.3101 3.58251 0.150001 86.6752 86.218 60.3382 20.6242 87.3159 418.344 391.384 51.1392 83.4442 68.7876 15.6605 3.88321 1.72504 27.6716 2.78154 0.0475154 0.0110908 2.73403 0.0590368 1054.73 371.27
internal_count=7148974 3380191 2846611 167158 481 3768783 3726670 42113 3612584 533580 276231 257349 57038 200311 68734 8267 60467 4740 2133 3585643 3034075 551568 2997490 2126971 2034556 870519 314155 128710 118918 117934 185445 84229 101216 80087 69913 64561 79997 62225 6960 2088 261 244829 31402 9348 6916 9792 36585 35583 3527 64035 6552 1822 465 236 166677 27905 236 136 27669 444 92415 3747
is_linear=0
shrinkage=0.1


Tree=76
num_leaves=63
num_cat=0
split_feature=16 9 4 1 18 16 2 16 1 18 18 16 4 18 16 5 14 2 9 9 0 12 16 12 7 12 16 14 14 5 0 8 8 16 16 13 14 14 16 12 9 4 0 2 18 2 5 9 16 18 5 0 2 0 16 0 7 2 0 4 18 12
split_gain=78.361 226.802 139.957 1083.34 1349.43 4649.28 788.412 481.688 36.8465 692.123 10307.1 39696.1 522.448 2777.38 6969.17 86.639 668.7 25.1582 238.299 23.0394 38.8666 20.451 19.9556 18.5509 20.1053 17.0104 16.7692 19.4671 60.4043 15.3647 15.0608 14.7889 17.039 15.4551 27.0547 28.8641 15.5993 51.0422 75.3229 13.2766 29.892 18.7528 19.9369 14.831 12.7356 23.4164 17.5244 12.2591 11.8662 11.8577 25.5199 24.2875 14.3949 17.4386 11.6283 13.0909 11.2494 13.2756 12.6506 12.9071 17.974 13.9992
threshold=-0.41914188861846918 0.22792208194732669 0.83096903562545787 0.46428571641445165 3.3125121593475346 -0.45399816334247584 0.44516208767890936 -0.45087748765945429 0.38750000298023229 3.2496379613876347 3.200596928596497 -0.45087748765945429 0.73097601532936107 3.1774889230728154 -0.46343582868576044 0.33520600199699407 0.25320513546466833 0.0045078478287905463 0.21807064861059192 0.44722221791744238 0.93750000000000011 20.729025840759281 -0.79920962452888478 27.277399063110355 2.5000000000000004 59.07807922363282 -0.44145378470420832 0.73508772253990184 0.78346121311187755 0.17192118614912036 0.30384616553783422 1.0000000180025095e-35 0.75000000000000011 -0.68509677052497853 -0.69534489512443531 1.0000000180025095e-35 0.36939570307731634 0.29708431661129003 -0.74808794260025013 65.954647064208999 0.78019323945045482 0.89009663462638866 0.76388889551162731 0.95631209015846264 2.6105628013610844 0.35684518516063696 0.70396453142166149 0.36602871119976049 -0.1198628395795822 5.7513058185577401 0.98147514462471019 0.6904762089252473 0.30013357102870947 0.12916667014360431 0.27499860525131231 0.5419580638408662 1.0000000180025095e-35 0.85990032553672802 0.73214286565780651 0.84660634398460399 7.2551901340484628 85.983661651611342
decision_type=2 2 2 2 2 2 2 2 2 2 2 2 2 2 2 2 2 2 2 2 2 2 2 2 2 2 2 2 2 2 2 2 2 2 2 2 2 2 2 2 2 2 2 2 2 2 2 2 2 2 2 2 2 2 2 2 2 2 2 2 2 2
left_child=1 2 8 -4 5 -5 7 -6 -1 10 12 -12 -10 -14 -15 16 -11 18 -17 25 21 -21 -3 24 30 -2 -26 29 -29 -28 -24 -25 33 34 36 -36 37 -33 -39 40 49 42 56 -44 -34 46 -46 -27 -49 52 54 -52 -23 -54 -51 -56 -41 58 -58 60 61 -60
right_child=19 22 3 4 6 -7 -8 -9 9 15 11 -13 13 14 -16 17 -18 -19 -20 20 -22 39 23 31 26 47 27 28 -30 -31 -32 32 44 -35 35 -37 -38 38 -40 41 -42 -43 43 -45 45 -47 -48 48 -50 50 51 -53 53 -55 55 -57 57 -59 59 -61 -62 -63
leaf_value=-0.11503391183485395 -0.0038199459571290929 -0.090183254552007139 -0.10357511447832067 -0.10002542349812621 -0.10011694915929242 -110.5192744629982 -0.1000840660916375 -14.790281523053252 -0.181040715037527 75.307553210209363 -0.10005092121942655 -267.02019730625193 -0.10007322364086813 -0.1000047614004098 -257.53852052348151 -0.10022612448254742 -0.1000038412658872 -0.16890538833759158 26.110299523282546 0.067647725504199202 0.092675040066272418 0.0028412764905368462 -0.0089873709922257492 -0.019600728851672411 0.092520500552874932 -0.10100941237082335 0.56735253966225685 2.1861723068573915 0.28333594817162061 0.0028306784714836773 0.11189920728090015 0.23185467272981808 -0.15493155985789187 0.067288494658672343 -0.10035029529454467 3.4241418632261147 0.11883939645063363 -0.10141415665054226 5.1944047272842591 0.0081568015566361365 0.053955265666375853 0.050157083390023616 -0.13693126997439795 0.07563253069720384 -0.12205227470897609 -0.1595927941449331 0.18073241003885554 -0.049551341394073148 0.070474686230534878 -0.028443785188191163 0.040722686177846024 -0.006294276166424171 0.088868622678765608 0.021254021873490483 0.048286950841258121 -0.018514603789012943 -0.024858184500269637 0.027512895862582043 -0.14072746070748729 0.012514358056283429 0.010511201970038724 -0.4152973016685344
leaf_weight=96.460139810698223 4766.8830247296255 25.60862180341303 1.9685672078821164 0.012789138104380982 0.02997561171741836 0.0054332606553372234 0.15019014712197531 0.087408923169277841 0.68738591223608292 0.0013261270360115382 0.025644023252425541 0.007118235024781149 0.024232039170783537 0.0032533906469325302 0.001553768499313434 0.038190924458837539 0.010386842292064102 25.696405725618021 0.0038152542438183437 51.861354124266654 52.370037077285815 371.2463622965879 48.573718075025994 262.52420991788034 15.094961412430647 30.392582781365491 0.71212962325080642 0.21820522137568321 0.70851183003105689 1.4927500366902675 13.081633272936072 0.40102220519111198 5.8475612535016266 27.457391789030741 0.039358431844450759 0.056725533257122152 1.6776595355222526 0.051069093540718313 0.056648692592716543 207.83060130779631 134.29365184804192 49.678867346665356 20.344290915294554 3.913884511217474 2.545831702081836 4.9563427478642543 7.6717843881706358 31.087789882614743 11.205897960462606 341.04441778059117 197.64391814847477 247.39078799588606 46.822172546992078 205.8157980623655 47.876140617066994 75.751935507985763 251.97416835074546 46.486736001854297 4.1079499281477201 5.282024524640291 3.46692980453372 3.3888065142091364
leaf_count=2680167 3551991 265900 20602 208 535 61 1736 41 691 150 336 75 405 122 38 970 335 164552 4 3580 59122 9208 79884 159774 13439 8700 34 26 209 390 1374 196 6789 2928 93 42 1104 63 48 10420 26984 5262 187 488 2105 454 212 3718 321 9596 9623 8318 5122 7556 1960 2657 9599 4870 54 61 64 60
internal_value=-0.00335885 -0.0399567 -0.158041 -0.938841 -6.69214 -33.0231 -4.89895 -11.039 -0.143726 -0.248168 -3.24435 -58.0936 -0.736086 -13.8745 -83.3092 -0.160995 8.43754 -0.164908 2.28037 -0.000596863 0.00748445 0.00555828 -0.00464951 0.000921657 0.0439386 -0.00455203 0.136209 0.346799 0.731379 0.185159 0.0166616 -0.0100469 0.0393631 0.088073 0.338103 1.98042 0.265929 0.750985 2.68365 0.00413622 0.00871536 -0.00866815 -0.0140127 -0.102636 -0.0295484 0.0187702 0.10529 -0.0525635 -0.0177499 0.00475379 -0.00252815 0.0145864 0.0153718 0.0337852 -0.0189194 0.00735493 -0.00989848 -0.0218221 -0.0303726 -0.115903 -0.177771 -0.264843
internal_weight=7752.15 543.99 125.214 2.25436 0.285797 0.0182224 0.267575 0.117385 122.959 26.4993 0.749187 0.0327623 0.716425 0.0290392 0.00480716 25.7501 0.011713 25.7384 0.0420062 7208.16 2368.59 2316.22 418.776 393.168 79.8819 4839.57 18.2266 3.1316 0.926717 2.20488 61.6554 313.286 50.7614 29.7399 2.28248 0.096084 2.1864 0.50874 0.107718 2264.36 1667.89 596.474 546.795 24.2582 21.0215 15.174 10.2176 72.6863 42.2937 1533.59 909.707 445.035 623.884 252.638 464.672 123.628 522.537 314.707 268.22 16.2457 10.9637 7.49676
internal_count=7145613 3406092 2871028 23183 2581 269 2312 576 2847845 167678 1667 411 1256 565 160 166011 485 165526 974 3739521 174791 115669 535064 269164 95356 3564730 14098 659 235 424 81258 173808 14034 4474 1546 135 1411 307 111 112089 81024 31065 25803 675 9560 2771 2317 12739 4039 54040 32154 17941 21886 12678 14213 4617 25128 14708 9838 239 178 114
is_linear=0
shrinkage=0.1


Tree=77
num_leaves=63
num_cat=0
split_feature=16 12 18 5 1 14 1 5 5 14 17 15 18 2 17 16 0 0 18 5 2 1 5 16 16 14 3 2 7 3 0 18 2 3 12 16 2 18 3 7 16 15 0 2 16 1 15 2 2 15 5 3 16 18 3 3 2 3 12 0 3 5
split_gain=102.275 124.431 166.487 19001.2 103016 271034 41.9691 27877.2 81829.8 180605 21.5716 20.0206 26.2839 245.551 407.763 17.2958 23.9027 24.5118 22.2987 47.3625 58.5708 46.1672 58.9613 456.929 2915.45 2816.78 37.6194 32.3825 32.1767 30.1724 29.7299 30.9244 35.287 34.9523 29.6811 27.9343 26.4001 23.0761 23.344 21.5598 19.3956 21.8009 19.0264 17.9363 31.0394 17.5712 16.9933 16.8665 16.6225 16.1423 16.0518 15.9468 15.7277 271.582 3318.98 15.4537 25.3334 15.3844 15.2958 15.1113 40.4302 48.1122
threshold=-0.51478981971740712 15.765255451202394 9.3826146125793475 0.33520600199699407 0.46428571641445165 0.31414473056793218 0.38750000298023229 0.3647450208663941 0.33520600199699407 0.32495285570621496 2409.0000000000005 24.500000000000004 7.6015670299530038 0.01181297190487385 350.50000000000006 0.27499860525131231 0.93750000000000011 0.76388889551162731 1.0000000180025095e-35 0.7320508360862733 0.35460186004638677 0.46428571641445165 0.3647450208663941 -0.32678495347499842 -0.46020846068859095 0.33687943220138555 0.63211598992347728 0.39936517179012304 1.5000000000000002 0.68783602118492138 0.240384615957737 6.2665374279022226 0.5712089240550996 0.55205255746841442 9.3725585937500018 -0.027838533744215962 0.37283177673816686 3.4209036827087407 0.88273492455482494 2.5000000000000004 -0.079667527228593812 15.500000000000002 0.25833334028720861 0.47957018017768865 -0.26738134026527399 0.53571429848670971 21.500000000000004 0.11543677747249605 0.19267421215772632 22.500000000000004 0.99484536051750194 0.94804319739341747 -0.80725190043449391 6.6134784221649179 0.29459981620311743 0.56804153323173534 0.01181297190487385 0.7577352523803712 9.4847674369812029 0.57738095521926891 0.77849927544593822 0.88493064045906078
decision_type=2 2 2 2 2 2 2 2 2 2 2 2 2 2 2 2 2 2 2 2 2 2 2 2 2 2 2 2 2 2 2 2 2 2 2 2 2 2 2 2 2 2 2 2 2 2 2 2 2 2 2 2 2 2 2 2 2 2 2 2 2 2
left_child=1 2 6 4 -4 -6 -1 8 9 -8 11 15 55 14 -14 18 17 -17 27 21 -21 26 23 24 25 -23 -20 29 57 35 -24 33 -33 -32 -31 39 48 38 -22 -2 41 -30 -28 51 50 -34 47 -41 -36 58 -45 -39 53 -3 -55 -13 -57 -29 -48 -46 -61 -62
right_child=10 52 3 -5 5 -7 7 -9 -10 -11 -12 12 13 -15 -16 16 -18 -19 19 20 37 22 30 -25 -26 -27 42 28 40 34 31 32 45 -35 36 -37 -38 43 -40 46 -42 -43 -44 44 59 -47 49 -49 -50 -51 -52 -53 -54 54 -56 56 -58 -59 -60 60 61 -63
leaf_value=-0.10558053625338314 -0.0056454471039268225 -0.084708550442463337 -0.10000186384842975 -0.12423592371102331 -1872.6990903761262 -0.10000333839713955 -1613.2178814947306 -0.17875803337322915 -0.10000273909983133 -0.10000321328883083 -0.095344654742192225 -0.088514744028068526 -0.10000636556286127 -0.10002014904143045 -68.016571431344758 0.018096641850982986 0.070055145254570822 -0.025897085727755394 -0.082939321113670653 0.062633723489191245 -0.081575364310288015 -208.15601986605125 -0.087921445300383316 -0.090194408595671044 -0.10017973535163374 -0.10000520392326864 0.01607430969351124 -0.027148210662158664 -0.059162968095674354 0.22061526748905813 0.07780584872599039 0.072028338470405628 0.028288390876377235 -0.13574995267883114 0.067705250926240454 -0.069144691903321245 -0.2163122284668956 0.025138661144783858 0.0071185644461987932 -0.018387435327444787 0.10755785971362082 0.13447843545090396 -0.060748795246257106 -0.08723199789881278 -0.01225907287832969 -0.1050693829831439 0.37245934079450543 0.066947867490137244 0.0031896333863997901 0.0076720176738707419 0.044480476810222505 -1.5837270211571821 -0.014944597854017725 -119.76574393669469 -0.10001041509594762 1.2750381373338675 0.025147990170202812 0.04895201053623853 0.06974570363274267 0.021299495444626539 -0.089326966893244084 -0.0036120315309673325
leaf_weight=48.545038032195016 1116.2345167307085 27.835457816847406 0.019365858006499148 2.373219894266223 0.001121435983804985 0.0024870549204933923 0.0011158514971602038 15.574214331401071 0.0086499455792363733 0.0018361480215389747 24.179612907140836 30.799998463200644 0.0022121698857507912 0.034998939832803444 0.001472394777010777 563.85077714314684 68.381619669089559 163.33320921019185 205.68723402331437 135.25218853973138 75.413565664064208 0.0014419193801487032 29.306411977422158 0.15197074296516788 0.015038382358397939 0.0011858909001603024 80.075693413313743 61.767802944756113 16.842435318470962 8.8108331394396355 11.518494784635548 103.37030369305086 19.562839869593518 22.902137880593727 88.737220951894415 59.851971531551499 4.1653877963617552 221.92713115320294 48.92754935398807 107.95256964033433 79.668851357349922 8.8791349318889861 53.964153415333371 64.193475280136511 1233.0847797604874 19.961948502057567 1.7016835055837862 29.48839420364493 72.617633866355391 57.791035100246518 10.811040650941036 0.061624720263352084 186.28293943077429 0.0025069830094740187 0.030704904463164016 0.21723877159092808 0.63962164751043715 46.611711685125556 87.450585302103718 714.56383186429048 68.23802451512347 1623.2195030912244
leaf_count=1431027 537123 502109 1134 118730 104 97 119 73992 476 68 120106 42912 71 389 50 31829 44547 5879 1175270 99030 160802 65 61225 245 224 45 178474 102342 38558 15298 5225 50248 13279 17539 5798 47524 425 243480 61387 25693 20760 333 94291 438857 507283 5387 1068 39830 7416 15435 35609 24 468486 92 895 51 613 12963 5007 68207 10504 201867
internal_value=-0.0032799 -0.0625372 -0.181997 -1.00039 -91.5063 -582.061 -0.151418 -0.294189 -155.246 -609.856 -0.00104505 -0.000737673 -0.0800444 -2.6851 -27.2403 -0.00039736 0.0135305 0.00821519 -0.00207858 -0.00571019 -0.00210334 -0.0334004 0.0038527 -1.85971 -17.0817 -114.263 -0.0560764 0.00723773 0.043839 0.00245167 0.00538269 0.0208038 0.0413002 -0.0642858 0.0417733 -0.00224201 0.0322533 -0.00425972 -0.0466748 0.00061691 0.0831823 0.00768241 -0.0148545 -0.00291983 -0.00457016 -0.0390638 0.0251972 -7.84758e-05 0.03867 0.0488385 -0.0682472 0.024692 -0.0254266 -0.0954916 -9.13292 -0.0768611 0.342031 0.00558087 0.0755237 -0.00325773 0.00135545 -0.00707001
internal_weight=7722.9 280.679 66.527 2.39619 0.0229743 0.00360849 64.1309 15.5858 0.0116019 0.002952 7442.22 7418.04 31.6955 0.0386835 0.00368456 7386.35 795.566 727.184 6590.78 4742.21 4195.69 546.519 206.792 0.169637 0.0176662 0.00262781 339.727 1848.57 213.77 1634.8 206.622 177.316 142.895 34.4206 174.331 1460.47 165.52 4060.44 124.341 1400.62 105.39 25.7216 134.04 3936.1 3714.11 39.5248 284.384 137.441 161.355 146.943 75.0045 221.989 214.152 27.8687 0.0332119 31.6569 0.85686 108.38 89.1523 3639.11 2406.02 1691.46
internal_count=7147916 2597329 1625747 120065 1335 201 1505682 74655 663 187 4550587 4430481 44086 510 121 4386395 82255 37708 4304140 3428567 1827050 1601517 153482 579 334 110 1448035 875573 174956 700617 152903 91678 68914 22764 28937 671680 13639 1728020 222189 624156 59651 38891 272765 1505831 1262327 18666 87033 65523 13214 21510 474466 243504 971582 503096 987 43576 664 115305 6075 787861 280578 212371
is_linear=0
shrinkage=0.1


Tree=78
num_leaves=63
num_cat=0
split_feature=16 9 9 17 12 9 12 14 12 2 18 5 0 5 9 2 2 5 16 5 9 18 0 4 3 3 16 16 2 18 3 3 3 8 2 0 5 14 18 5 12 3 16 0 8 3 16 3 12 2 2 2 2 3 16 2 2 4 17 4 3 9
split_gain=36.9892 134.022 17.8458 16.7137 16.6579 20.2019 24.0989 22.1383 19.5258 17.8025 16.2584 27.1963 20.1801 15.4317 14.2898 14.4374 13.6907 45.9202 35.4908 24.5826 21.0873 17.8352 22.9162 58.2605 55.3429 32.9677 32.6237 38.3173 28.4811 22.5892 19.421 18.8111 17.8975 19.3563 17.8299 17.4869 24.4728 17.4756 16.8853 16.8568 31.9373 16.7119 16.7181 18.1928 23.7592 28.364 21.6303 20.4068 25.5414 23.3114 30.1213 19.057 17.6525 22.6274 48.3181 46.5692 60.7969 84.3031 57.6749 20.0395 16.9294 16.3909
threshold=-0.46664647758007044 0.22792208194732669 0.93933823704719555 1642.5000000000002 94.872734069824233 0.55902779102325451 68.14743804931642 0.98837208747863781 40.273252487182624 0.93307995796203624 5.4048235416412362 0.30068494379520422 0.30384616553783422 0.90070420503616344 0.75595238804817211 0.02547429129481316 0.36370570957660681 0.74601566791534435 -0.30313099920749659 0.4712491780519486 0.080540537834167494 9.2408518791198748 0.57738095521926891 0.76028168201446544 0.82413583993911754 0.77003204822540294 -1.0000000180025095e-35 1.0000000180025095e-35 0.65017729997634899 3.7824932336807255 0.84660634398460399 0.63438084721565258 0.90070420503616344 0.75000000000000011 0.53269100189208995 0.48076923191547399 0.83047896623611461 0.8473193645477296 6.2134006023406991 0.96720427274703991 30.212942123413089 0.82413583993911754 -0.054887030273675912 1.0000000180025095e-35 1.0000000180025095e-35 0.40936473011970526 -0.44769965112209315 0.55403152108192455 19.717403411865238 0.18544154614210132 1.0000000180025095e-35 0.0090742730535566824 0.023862274363636974 0.45199692249298101 -0.34047155082225794 0.045202324166893966 0.037828445434570319 0.4654348641633988 67.500000000000014 0.32583418488502508 0.63211598992347728 0.5419580638408662
decision_type=2 2 2 2 2 2 2 2 2 2 2 2 2 2 2 2 2 2 2 2 2 2 2 2 2 2 2 2 2 2 2 2 2 2 2 2 2 2 2 2 2 2 2 2 2 2 2 2 2 2 2 2 2 2 2 2 2 2 2 2 2 2
left_child=1 -1 3 4 5 6 16 8 -7 -6 11 -3 -12 -4 -10 -16 17 20 -18 -20 -2 22 24 25 31 26 -24 -28 -26 -25 -27 35 -30 -34 37 -21 -37 -31 41 -35 -41 42 43 44 47 46 -46 49 60 50 -22 -50 -52 -54 55 56 -55 58 -58 -56 -49 -33
right_child=2 10 13 -5 9 7 -8 -9 14 -11 12 -13 -14 -15 15 -17 18 -19 19 21 38 -23 23 29 28 30 27 -29 32 34 -32 61 33 39 -36 36 -38 -39 -40 40 -42 -43 -44 -45 45 -47 -48 48 51 -51 52 -53 53 54 59 -57 57 -59 -60 -61 -62 -63
leaf_value=-0.13706291689517944 -0.061296602122701584 0.021793079848440491 0.012303951815259673 -0.068512033053568386 -0.038559109195545081 0.043854960224797367 -0.063803763186481885 -0.0046523354449718324 0.0030339754133795137 0.084877258702365496 -0.056326181538755626 -0.042703948417553761 0.12966037856765469 0.094746572775534221 -0.038186603912966313 0.050733841825773757 -0.062673233859168856 0.06392437714389422 0.067261807016442479 -0.02458807901625237 0.0071215341781830383 0.022620028374081082 0.093226533907342368 -0.044245349782660287 0.060346958178400668 -0.10523598764645947 -0.026952753005198504 0.060561877050530392 -0.025181637182463936 0.11883042872850039 0.033561545914870691 -0.032959240748659413 0.053168215907994656 -0.034832947163427247 -0.0039597366206209758 0.073426836276051594 -0.015775972167540345 -0.17408607303143614 0.053786046381979515 -0.15296111770745116 -1.3751362344117259 0.56391460915441416 -0.041822673873617822 -0.052420218147323498 0.35229817140094188 0.16611321632581449 0.010701289982280406 0.022695191034867522 0.16376831993623123 0.075448982601986805 -0.073342320663507807 0.0064312602929269234 -0.067109136015803303 0.51704465804675059 0.27971824177207688 0.24207342048362879 7.6260198772463399 -0.10081109263191904 2.8055463996504844 -0.0064354577639178963 0.1362854627231774 -0.13293910705944345
leaf_weight=91.744285315748584 51.295379004771121 150.50778117406657 61.537315851834137 35.791448195263911 168.14135327009717 263.35966595329228 62.326191911393835 540.37400297768181 481.80147207184928 12.556629361235535 8.3198480057689022 115.58629662073548 19.524801664292003 35.978810888336739 21.23964037746191 130.12799121532589 100.92298602419851 130.4055584819223 49.696399591518002 203.37276467277252 274.80213718968662 245.23052636232205 108.89305646827046 142.31237008379412 115.01772677973167 23.694071360638191 83.141867569615044 125.62445955061412 128.97318812934282 19.182100171074129 17.546615237552032 727.49610783134904 78.67394933101059 16.823604627739773 1809.4615051138717 54.311183451352917 70.912579370475214 2.2787479185717521 64.887513035046368 1.0144725477621239 0.27090894221328188 0.5276339208430717 84.107633569925383 52.956050464227928 1.9286887429625483 19.587394659218262 47.664333530672593 23.646108944198204 7.9048028348333892 30.494323430497388 100.85426093723981 294.60290084578082 47.791399272853596 0.32282962758108569 2.557416947442106 2.1357163556021987 0.03882627909842995 0.061329549131187377 0.068804994436504785 56.842903843815293 29.477011661423603 16.775649132323451
leaf_count=2493688 772832 153718 8970 151455 7635 31498 7058 23620 26762 4571 4444 353006 763 28026 353 17733 833642 92177 51716 553977 114240 67169 20712 65302 39156 7091 6937 3067 45024 4344 3375 604053 9221 3994 211345 11373 27574 158 52429 257 34 28 13430 50075 757 1841 11012 5328 424 13163 83093 16611 26726 364 194 895 25 49 99 8960 1323 372
internal_value=-0.00136903 -0.0315485 0.00022987 -0.000347048 -5.66189e-06 0.000771933 -0.00197346 0.0113356 0.0209722 -0.0299816 0.00138466 -0.00622322 0.0740885 0.0427214 0.0114544 0.0382567 -0.00126851 0.00757937 -0.00409906 -0.00263608 0.00142837 -0.00350646 -0.00521692 0.000872747 -0.0152633 0.0379334 0.0488538 0.0257089 0.0198444 -0.005868 -0.046182 -0.0264144 -0.000790808 0.0317125 -0.00288503 -0.00648626 0.0229125 0.0877281 0.00424269 -0.0615014 -0.410549 0.00126159 0.000986153 0.00460939 0.00781956 0.0642273 0.0239861 0.00334238 0.021773 -0.00936089 -0.0146881 0.0105426 -0.0431365 -0.0153965 0.0244472 0.444094 1.32142 2.85831 4.54446 0.00588458 0.0857243 -0.0352128
internal_weight=7665.51 385.683 7279.82 7182.31 7146.51 6965.82 5528.91 1436.9 896.529 180.698 293.939 266.094 27.8446 97.5161 633.169 151.368 5466.59 1324.96 4141.63 4040.7 1194.56 3991.01 3745.78 2332.13 1413.64 358.9 317.659 208.766 340.774 1973.23 41.2407 1072.87 225.756 96.7829 1830.92 328.597 125.224 21.4608 1143.26 18.109 1.28538 1078.37 1077.84 993.737 940.781 69.1804 49.593 871.601 355.631 515.97 485.476 302.508 210.673 109.819 62.0278 2.62751 0.49179 0.168961 0.107631 59.4003 53.1231 744.272
internal_count=7149268 3005619 4143649 4106653 3955198 3942992 3843026 99966 76346 12206 511931 506724 5207 36996 44848 18086 3835968 1266075 2569893 1736251 1173898 1684535 1617366 322331 1295035 41182 30716 10004 97686 281149 10466 1197349 58530 13506 215847 592924 38947 4502 401066 4285 291 348637 348609 335179 285104 13610 11769 271494 23686 247808 234645 17035 120405 37312 10586 1432 537 173 124 9154 6651 604425
is_linear=0
shrinkage=0.1


Tree=79
num_leaves=63
num_cat=0
split_feature=9 17 3 5 12 15 12 4 15 15 9 15 1 3 17 0 7 3 1 3 5 3 14 9 14 13 9 12 12 5 5 5 3 0 8 13 8 5 0 4 3 12 17 4 0 5 4 3 15 3 7 0 9 1 12 0 7 12 3 5 5 0
split_gain=27.0049 29.6458 25.6486 24.5891 21.4075 17.8353 17.7703 16.3153 38.9445 26.1657 24.1743 23.5357 25.7812 33.3599 23.2402 21.8536 19.0545 23.0217 67.85 18.4527 17.4973 14.936 15.9326 22.5065 46.4706 87.0576 108.987 79.926 16.2915 20.7949 14.7735 15.3863 14.6386 14.2557 15.7007 13.8185 13.545 13.4551 13.098 13.0839 12.9683 12.6059 12.5555 12.2734 23.6696 16.3085 15.1181 12.1316 12.091 12.8296 16.0746 12.9597 20.2287 12.8514 15.2948 21.4806 22.663 18.4292 17.8501 19.5094 18.64 13.371
threshold=0.69397994875907909 622.50000000000011 0.92907443642616283 0.95803990960121166 65.954647064208999 24.500000000000004 45.056007385253913 0.30860807001590734 18.500000000000004 15.500000000000002 0.3964285701513291 4.5000000000000009 0.46428571641445165 0.76028168201446544 86.500000000000014 0.12916667014360431 1.0000000180025095e-35 0.30053764581680303 0.90000000596046459 0.60640108585357677 0.74322345852851879 0.41533938050270086 0.81165540218353283 0.11651583760976793 0.88117647171020519 1.0000000180025095e-35 0.067816093564033522 20.612508773803714 32.669076919555671 0.42787794768810278 0.99484536051750194 0.48050633072853094 0.63859337568283092 0.30384616553783422 1.0000000180025095e-35 1.0000000180025095e-35 1.0000000180025095e-35 0.88273492455482494 0.240384615957737 0.48313754796981817 0.75513628125190746 36.759212493896491 20.500000000000004 0.60922586917877208 0.25833334028720861 0.74601566791534435 0.48528139293193823 0.69614070653915416 1.5000000000000002 0.93788579106330883 1.0000000180025095e-35 0.5419580638408662 0.27429467439651495 0.73214286565780651 44.527122497558601 0.64583334326744091 1.5000000000000002 30.749604225158695 0.85857143998146068 0.96051946282386791 0.93643954396247875 0.81666666269302379
decision_type=2 2 2 2 2 2 2 2 2 2 2 2 2 2 2 2 2 2 2 2 2 2 2 2 2 2 2 2 2 2 2 2 2 2 2 2 2 2 2 2 2 2 2 2 2 2 2 2 2 2 2 2 2 2 2 2 2 2 2 2 2 2
left_child=1 4 6 -3 5 7 -2 14 9 11 -10 15 19 16 -1 36 33 18 -18 -13 21 -11 28 24 -24 -26 -27 -28 29 -23 31 41 -30 -14 37 -16 47 -35 -17 -40 -39 -19 -32 45 -45 -41 -47 -9 49 53 51 -51 -53 -46 55 -55 58 -58 -57 60 -60 -61
right_child=2 3 -4 -5 -6 -7 -8 8 10 20 -12 12 13 -15 35 38 17 30 -20 -21 -22 22 23 -25 25 26 27 -29 32 -31 42 -33 -34 34 -36 -37 -38 40 39 43 -42 -43 -44 44 48 46 -48 -49 -50 50 -52 52 -54 54 -56 56 57 -59 59 61 -62 -63
leaf_value=0.037436459477349852 0.033711226323869803 -0.057308619636738091 0.080180815609275771 0.013859046593721764 -0.032415729474737573 -0.075192976437348097 0.0016493786450810937 0.013797882501609043 -0.062914332230526143 -0.047294717327739488 -0.0045873789199815922 -0.066295822627074383 -0.099687317472324941 -0.032229695808555774 -0.039681711163191767 -0.041536537873259421 -0.10061345549362961 -0.10046301614123615 9.1630734284429405 -0.021743993827698954 0.061037678646516026 0.12976625953211468 0.15077090605550716 0.039845053756981455 -0.10171769367380101 11.106869222333312 -0.10007629584747993 6.4454144261088615 -0.037548926265957093 0.014373384508099258 0.37557501301336427 -0.05349320884914166 0.025042698031563629 0.064191426789918057 -0.053589613306769174 0.011523302910027886 -0.058583292447992964 -0.082576773226482547 0.069570963889434054 -0.078686999764598642 0.19776596802929436 0.70505372996240512 0.015565514663810766 0.074062520086960154 0.0019801804255827242 -0.8017650562861931 -0.0057464848976027877 0.064983797923318973 0.0078287707735247986 -0.068662326412926897 0.076920797604604296 -0.00064662998489495717 0.06997244193601708 -0.042724042315159375 0.017539590446022289 0.0038264246578964519 -0.085305344214540085 -0.41055067561154834 -0.047029848097368952 -0.012378328177987709 -0.25058853265078584 -0.083942181117504039
leaf_weight=250.16964281488598 230.46090152412944 180.72528780680477 54.631412145332433 66.380750342354077 236.41201318745243 32.887705507500868 691.7589012417593 91.471653741404225 169.33998850982178 39.534465373168246 122.43427980647968 132.9830208419998 6.9931898152829026 217.51934857670841 81.501096924247605 80.545825235238226 0.029551805334448455 0.3223697312278081 0.010794472925226728 308.95372009227282 83.710208883871019 17.579421488358406 0.68074318939306877 157.50853016414726 0.10587504304021428 0.017845471863438378 0.047908030776852684 0.0305524517007143 115.68038587193203 139.89865086671034 0.98307949039008136 58.797881858800793 55.192427646565193 142.55635044106606 14.485328715195463 149.15323686550909 15.167675244166274 11.242081261668316 26.261676170636292 46.097969458136959 1.9339379887214807 0.48894070878668572 66.403211958880092 42.598804585551989 706.52893187100926 0.23912342934909148 106.64018140245662 93.773104586023692 1055.3390864018384 22.157039793819422 34.532922586113273 255.71404330495716 48.209610413527116 282.5429874077854 126.46398626029259 452.43157585627341 7.3143973738333425 2.2868165648542345 11.425220439108672 206.05856435957685 7.4199927110676063 29.896174006964429
leaf_count=184305 22123 1054436 36832 33694 34485 211470 46928 96699 942857 152516 44655 1282226 14471 116529 241584 165790 400 4705 24 976065 75814 14653 909 17643 747 111 326 114 16016 306333 92 124595 4174 53994 8005 139704 12548 4131 22277 42430 483 31 38071 31110 47431 300 51452 18675 367834 1792 2506 11184 30397 7951 3684 16414 342 99 182 9489 125 1152
internal_value=-0.00191463 -0.00420692 0.0136054 -0.0381907 -0.00288794 -0.00174921 0.00966157 -0.00135307 -0.00286657 -0.000917362 -0.0384392 -0.00343876 -0.017378 -0.00232506 0.0163264 0.000142384 0.0190551 -0.0105024 2.37785 -0.0351501 0.0185715 0.0118168 0.016618 0.0426673 0.546143 1.87736 4.05308 2.44873 0.00405215 0.0272548 -0.0112612 -0.0475253 -0.0173316 0.0402438 0.0459927 -0.00656985 0.0322698 0.0552552 -0.00167099 -0.000745667 -0.0414289 0.384986 0.0208176 -0.00128187 5.22809e-06 -0.0289706 -0.00752743 0.0397088 -0.000965967 -0.0051983 0.0120432 0.00517246 0.0105553 -0.00859146 -0.0152258 -0.019372 -0.0101677 -0.162772 -0.00809594 -0.0292657 -0.127178 -0.0214457
internal_weight=7590.66 6613.81 976.851 247.106 6366.71 6130.29 922.22 6097.41 5616.58 5324.81 291.774 4714.82 963.703 521.766 480.824 3751.12 304.247 127.036 0.0403463 441.937 609.987 526.277 486.742 158.391 0.882924 0.202181 0.096306 0.0784605 328.351 157.478 126.995 59.6092 170.873 177.211 170.218 230.654 200.412 155.732 3550.7 3470.16 13.176 0.81131 67.3863 3443.9 3290.92 152.977 106.879 185.245 3248.32 2192.98 360.614 326.081 303.924 1832.37 1125.84 999.376 716.833 9.60121 707.232 254.8 18.8452 235.955
internal_count=7148114 7042231 105883 1088130 5954101 5919616 69051 5708146 5142553 4155041 987512 3565685 2623822 365531 565593 941863 249002 167918 424 2258291 589356 513542 361026 19850 2207 1298 551 440 341176 320986 167494 129331 20190 81084 66613 381288 127922 58608 813941 648151 4614 4736 38163 625874 531692 94182 51752 115374 500582 132748 45879 43373 41581 86869 39438 35754 27803 441 27362 10948 307 10641
is_linear=0
shrinkage=0.1


Tree=80
num_leaves=63
num_cat=0
split_feature=16 9 14 9 16 11 2 9 8 0 3 4 18 18 1 18 3 8 2 2 15 15 16 5 1 3 3 5 9 15 4 3 9 15 15 4 15 2 14 2 9 0 3 5 15 4 1 2 5 2 5 2 4 18 17 12 0 18 9 9 2 2
split_gain=41.7303 176.361 143.427 54.2363 128.992 43.9705 29.0155 28.4068 25.0293 27.865 26.7786 33.8975 24.9 28.6593 30.0345 30.2078 26.5699 30.1573 27.158 31.1463 43.6017 38.6738 24.8034 59.7396 902.142 23.5186 21.6771 24.3742 35.5649 21.4853 41.2388 21.0271 20.9309 21.4824 20.5936 20.4938 19.6352 18.6989 17.7763 17.2144 20.2659 16.9051 16.5168 16.2027 21.8825 16.0383 15.8667 19.7668 15.52 15.0677 14.852 30.5654 31.5387 20.8485 15.5108 14.7973 14.7858 14.5969 14.3695 27.0945 14.3214 14.2476
threshold=-0.13522821664810178 0.13423423469066623 0.88117647171020519 0.067816093564033522 -0.40300111472606653 1.0000000180025095e-35 0.10509515926241876 0.82480818033218395 0.75000000000000011 0.48076923191547399 0.72046512365341198 0.72046512365341198 1.0000000180025095e-35 5.8790318965911874 0.46428571641445165 6.8442990779876718 0.63686314225196849 1.0000000180025095e-35 0.1531234607100487 0.0090742730535566824 18.500000000000004 22.500000000000004 -0.46985749900341028 0.33520600199699407 0.23611111193895343 0.45499551296234136 0.14870093762874606 0.57294833660125744 0.1490740776062012 20.500000000000004 0.47662734985351568 0.50820556282997142 0.15849281847476962 17.500000000000004 10.500000000000002 0.41287094354629522 20.500000000000004 1.0000000180025095e-35 0.76026272773742687 0.4325739592313767 0.22792208194732669 0.30384616553783422 0.73986300826072704 0.73746865987777721 15.500000000000002 0.2237871661782265 1.0000000180025095e-35 0.1531234607100487 0.92637759447097789 0.0070401676930487165 0.71503761410713207 0.5482996702194215 0.74601566791534435 4.3500149250030526 65.500000000000014 57.847097396850593 0.93750000000000011 11.559497356414797 0.5419580638408662 0.5313725769519807 0.21344577521085742 0.5352667272090913
decision_type=2 2 2 2 2 2 2 2 2 2 2 2 2 2 2 2 2 2 2 2 2 2 2 2 2 2 2 2 2 2 2 2 2 2 2 2 2 2 2 2 2 2 2 2 2 2 2 2 2 2 2 2 2 2 2 2 2 2 2 2 2 2
left_child=1 2 5 4 -4 38 -6 26 9 12 39 -12 16 43 15 46 17 18 19 21 31 29 23 24 -7 36 -2 28 -28 30 49 -21 -18 -34 42 -20 -19 -31 -1 40 -11 -36 57 -14 -45 -24 -15 -48 -17 -3 54 52 -52 60 -29 -38 61 -16 59 -32 -54 -47
right_child=7 8 3 -5 6 22 -8 -9 -10 10 11 -13 13 14 34 48 32 25 35 20 -22 -23 45 -25 -26 -27 27 50 -30 37 58 -33 33 -35 41 -37 55 -39 -40 -41 -42 -43 -44 44 -46 56 47 -49 -50 -51 51 -53 53 -55 -56 -57 -58 -59 -60 -61 -62 -63
leaf_value=-0.10302791615310405 -0.10816217247819267 -0.046467884249186159 -0.23124517478398254 -0.11216455678165785 -1.3063344064413063 -0.10000257409553098 -0.70688462221360149 0.043126991668247794 -0.048936563127412201 0.27695235751669772 -0.18106571766161084 0.018529248521226394 -0.09293912896295814 0.21111982416997949 -0.077772499302070586 -0.13216089431388553 0.25095951827249979 -0.051903051917685863 0.12082411978597912 -0.051507440477502719 -0.077941684846789538 -0.03637607884769542 1.7013148365286541 -0.1435096520953088 96.007587284561566 0.15381200653485638 -0.04242636787998269 0.010907580581547774 0.05060580511077082 0.035976506155560681 0.21972779104478884 0.0044490875879202602 0.011838373164619942 0.094855084058486028 -0.012707858154090673 0.0090268839539278233 0.064544092897703687 -0.066555767931996343 0.092244561353169136 0.027486722110862435 0.085293636368258458 0.10160559387278599 0.17500248532900714 -0.075241101605856509 0.076173439852731409 0.040467120896372832 0.17442099986739232 -0.049530485118176475 0.18128621789105875 0.10461597556066392 -0.0034377961896765868 -0.0015925253366490854 0.12211405562445042 0.076009336442945483 -0.034859470386993351 -0.052533842151537363 0.83313485065980708 -0.71216115565541793 0.020294813211246918 1.1090377957058473 0.0080132340446911962 -0.034635684349262334
leaf_weight=155.41637131034716 18.165835733056156 102.30654425539535 12.604216097743121 9.756888772201199 0.99413928727517031 0.015927685672976533 4.3002449090927257 164.28390811843565 113.08480842787503 6.2134704466464532 10.24545085225145 50.198455841099474 83.198589670611071 3.8201175996744992 15.404202230256828 32.63633718274631 4.4683651286559316 25.444663377224202 26.422261985286241 95.243303830612945 145.76643880530514 191.33893530320734 0.055431219938298137 14.997169427447259 0.0010405005559732663 16.334176872738681 51.666975469930549 108.30274741927315 200.76236980618705 315.88880620107989 5.6715953411476203 227.7112037747047 130.14926647837638 40.987807072640862 18.582673017598609 43.21458170749338 75.560981504630803 18.847964256750856 4.8060217330866228 54.109482086794742 49.224848185403971 42.578472874308133 2.698823052320221 24.17321027187327 15.772277754036809 44.82163843170477 4.8577250592999297 20.889188578977265 1.6600061076715054 7.0562940864920156 209.65915094220867 4029.1107450251129 12.197283198129297 134.60013774869572 234.14351123165034 12.594646872690644 0.21250843536108632 0.37144797988003198 3.5673944717564154 0.36461439356207836 112.10227789424681 57.87702574557261
leaf_count=4024686 3842 102588 1912 24943 262 758 1562 54981 73794 569 1119 3626 210687 304 2371 18916 284 13069 2906 48271 187836 410215 62 90313 98 1339 369691 39692 10947 156638 948 13865 4341 631 2683 5068 35364 15592 45207 2557 1499 1859 270 6301 9614 51508 813 7510 169 3339 188171 537048 1969 18787 243996 879 8 10 50 7 42233 46877
internal_value=-0.00273688 -0.0138375 -0.0846462 -0.301839 -0.405234 -0.0630557 -0.819445 0.00219688 -0.0032141 -0.000528916 0.0381297 -0.0153028 -0.0042722 -0.0324147 -0.00204433 -0.0531317 0.000767629 -0.00411706 -0.00913824 -0.0129262 -0.0325437 0.00132888 -0.0167264 -0.1368 5.79338 0.0416141 0.000881178 0.00127015 0.0315641 0.0172301 -0.0192726 -0.0120532 0.0372997 0.0317211 0.0389249 0.051446 0.0254816 0.0302032 -0.0971705 0.0676115 0.106775 0.0668736 -0.0536012 -0.0678051 -0.0154558 0.000782258 0.0209402 -0.00727708 -0.116989 -0.0367197 -0.000309785 0.00121872 0.0253925 0.0487394 -0.0203851 0.0478174 -0.000133703 -0.0927096 0.17941 0.273446 0.0192097 -0.00185794
internal_weight=7619.51 2344.52 305.859 27.6555 17.8986 278.203 5.29438 5274.99 2038.66 1925.57 169.992 60.4439 1755.58 266.643 143.499 63.8634 1488.94 1313.33 1183.4 1113.76 468.721 645.042 117.981 15.0141 0.0169682 129.934 5110.71 5092.55 252.429 453.703 118.966 322.955 175.605 171.137 79.6356 69.6368 113.6 334.737 160.222 109.548 55.4383 61.1611 18.4745 123.144 39.9455 102.967 29.567 25.7469 34.2963 109.363 4840.12 4497.67 468.559 258.9 342.446 88.1556 102.911 15.7757 9.6036 6.03621 124.3 102.699
internal_count=7147454 5636097 4288196 28679 3736 4259517 1824 1511357 1347901 1274107 9370 4745 1264737 261507 34905 27712 1003230 997974 947323 939349 249972 689377 189624 91169 856 50651 1456376 1452534 380638 279162 106932 62136 5256 4972 7193 7974 49312 172230 4069893 4625 2068 4542 2651 226602 15915 98455 8627 8323 19085 105927 1071896 788208 251160 62989 283688 36243 98393 2381 1005 955 44202 98385
is_linear=0
shrinkage=0.1


Tree=81
num_leaves=63
num_cat=0
split_feature=15 9 5 11 0 15 5 15 3 14 14 9 9 0 2 9 18 4 0 18 12 15 5 15 12 5 18 3 17 19 3 15 18 13 9 2 0 9 18 12 15 0 2 0 3 3 5 2 3 4 7 3 7 4 3 15 2 2 3 5 2 3
split_gain=44.5662 120.604 168.72 25457.4 253130 278396 18569 117.192 216.577 112.151 57.5209 44.4697 26.7948 22.3101 23.3854 21.234 23.0322 25.9962 23.6497 20.7304 19.5622 19.0118 31.0125 19.8755 20.3957 21.8386 17.5948 16.8539 16.0172 15.7037 25.9868 15.6528 24.4172 15.5349 15.2482 24.058 15.2478 14.6598 14.5381 18.5055 67.5902 14.1044 31.3722 17.5001 20.4394 15.5716 30.9755 19.7728 17.6322 15.1633 14.9544 23.8235 14.8208 23.7557 17.8675 15.946 19.8032 18.5101 14.8653 27.2619 13.9442 13.7576
threshold=4.5000000000000009 0.16441441327333453 0.33520600199699407 1.0000000180025095e-35 0.11805555596947671 19.500000000000004 0.32305502891540533 14.500000000000002 0.3034138828516007 1.0000000180025095e-35 0.86576578021049511 0.067816093564033522 0.90238094329833995 0.12916667014360431 0.32808001339435583 0.084523811936378493 5.2409558296203622 0.26138716936111456 0.30384616553783422 6.5031580924987802 1.3395107388496401 10.500000000000002 0.95101958513259899 24.500000000000004 45.582742691040046 0.7320508360862733 3.4209036827087407 0.1768428906798363 799.00000000000011 1.0000000180025095e-35 0.73375529050827037 14.500000000000002 6.0930974483489999 1.0000000180025095e-35 0.35857143998146063 0.11543677747249605 0.240384615957737 0.3514705896377564 5.8790318965911874 31.083367347717289 17.500000000000004 1.0000000180025095e-35 0.21344577521085742 0.30384616553783422 0.3034138828516007 0.55087250471115123 0.33520600199699407 0.18916201591491702 0.53410854935646068 0.52689418196678173 1.5000000000000002 0.61938297748565685 1.0000000180025095e-35 0.35025772452354437 0.46247655153274542 20.500000000000004 1.0000000180025095e-35 0.18544154614210132 0.41533938050270086 0.26138716936111456 0.93307995796203624 0.61311829090118419
decision_type=2 2 2 2 2 2 2 2 2 2 2 2 2 2 2 2 2 2 2 2 2 2 2 2 2 2 2 2 2 2 2 2 2 2 2 2 2 2 2 2 2 2 2 2 2 2 2 2 2 2 2 2 2 2 2 2 2 2 2 2 2 2
left_child=12 2 3 -2 7 -6 -7 -5 -9 19 15 -12 13 27 -15 -11 17 18 -17 -4 -18 33 23 24 25 31 60 -1 -27 37 -31 32 -23 -3 35 -29 -21 -26 39 -22 -41 42 45 -43 -45 46 48 50 52 -44 -47 -52 53 54 -33 57 58 -54 -57 -60 -16 -19
right_child=1 21 9 4 5 6 -8 8 -10 10 11 -13 -14 14 26 16 20 61 -20 36 38 22 -24 -25 29 28 -28 34 -30 30 -32 41 -34 -35 -36 -37 -38 -39 -40 40 -42 43 49 44 -46 47 -48 -49 -50 -51 51 -53 55 -55 -56 56 -58 -59 59 -61 -62 -63
leaf_value=-0.096961924918014988 -0.07901655237007725 -0.056750377489118299 -0.020223895800391113 -0.10005353433366415 -261.27802980354113 -1872.820163932869 -1269.2425673095424 -34.43883655867463 -0.10002547858181482 -0.10091502779290223 -0.3021960768237566 -0.083624144588737459 0.074962711667826601 0.092303717800295296 -0.059143817812790878 -0.1000043424984807 0.29579781880928752 -0.067603790236479305 -5.0802289235341611 -0.080269831213187134 -0.19510196529953414 -0.080856772886941763 0.085263459328828589 -0.074943361528881328 -0.052711427474418177 0.049718677303170013 0.00033219112001528457 0.77665040614189029 -0.097074844636006574 -0.054196998556859603 -0.48553910593925498 -0.070785081567859356 0.01560252461647145 -0.010010563573261515 0.072652559263591363 0.017242829895543803 0.04625245800350853 -0.0066665595631533433 -0.075634053202418561 -0.10024429515876956 -4.7826202769223221 -0.068980322018501364 0.13762823506615066 -1.0581028179005745 0.028440413438453983 0.023763627469458364 -0.035343891561637281 -0.24948839716723473 1.001805257578035 0.01211719329995657 -0.020792032151057321 0.20467289780164039 -0.023552241780027586 2.3788014499141612 0.18491991411123612 0.031508983365660596 -0.10558647903026169 0.34805278300613268 1.9404461901155412 0.22510743715029036 0.16943364947380518 0.021316577153373911
leaf_weight=10.028478519709095 21.919196031510065 106.80103129721311 213.56765189255134 0.096087359204375292 0.0080404955588164739 0.0010145669594849851 0.0010243136101012341 0.0029121573796037949 0.0049736065894304925 118.78534657789145 20.76066505620647 16.874293008524951 50.683424245362403 27.321786421019169 67.544864144885651 0.018847761755366288 1.1903554448587232 26.10922637773978 0.019298209652333753 10.571299485970938 11.205007394610067 53.842675200013666 42.347182542411247 35.901595999105439 77.191624666537678 151.28269934935156 4125.4215107026521 0.41816112478045298 7.8172476868817276 6.0825283066515103 1.8130411536840254 34.496485054844698 51.194813607144631 212.79315055936166 76.019165643316228 175.36059448435753 96.254965620314579 663.36671374550531 26.773500238513726 0.12439091031137728 0.040986230812450231 51.417366911508466 27.834667133143739 0.17400476444809854 34.456753295150747 209.58538390770991 192.1324260395686 2.5307063700565768 0.18013763821545481 14.713946286739882 7.7723891925397792 11.803816750703843 93.405788522679813 0.040296036118887879 2.9677525158131166 303.08455431744937 10.634400733477262 1.3599497727518599 0.097821635978106225 1.753297302672763 2.7786593372329653 52.160290640438596
leaf_count=1250 461057 12084 92646 849 97 93 74 47 79 3433278 4304 34393 36212 21037 66418 980 1137 352007 4 61382 29239 5421 1909 138382 101514 17885 840826 43 2336 205 30 71577 6291 12368 9224 171830 25276 62817 214207 284 32 147867 1328 12 21833 10183 270630 80 38 623 516 168 85634 19 431 197483 24728 78 123 1675 350 94138
internal_value=-0.00361107 -0.013007 -0.0524775 -0.32421 -47.4467 -525.926 -1569.59 -1.06184 -12.7811 -0.0424059 -0.0893693 -0.204196 0.00266046 0.00184338 8.7204e-05 -0.071091 -0.0409771 -0.00961755 -2.61952 -0.00223381 -0.103408 -0.00291396 0.000557539 -0.00119315 0.000122149 0.00786594 -0.00051329 0.0301692 0.0425061 -0.0129617 -0.153245 0.00288055 -0.0338429 -0.0256299 0.0352325 0.0190494 0.0337321 -0.011466 -0.115866 -0.210601 -1.2607 0.00673618 0.0103786 -0.0319698 0.022981 0.00628663 -0.00175345 0.0285009 0.0126517 0.0942246 0.0315709 0.115156 0.0122539 -0.0479191 -0.0505293 0.0177536 0.0285564 -0.0182195 0.0332345 0.315754 -0.0501121 -0.00834557
internal_weight=7562.94 3027.37 616.489 22.0332 0.114052 0.0100794 0.00203888 0.103973 0.00788576 594.456 274.062 37.635 4535.58 4484.89 4223.07 236.427 117.642 78.3077 0.038146 320.394 39.3342 2410.88 2091.28 2048.93 2013.03 1264.58 4195.75 261.826 159.1 748.454 7.89557 1105.48 105.037 319.594 251.798 175.779 106.826 740.558 38.1439 11.3704 0.165377 1000.44 914.394 86.0481 34.6308 871.845 640.153 231.692 448.02 42.5486 229.162 19.5762 447.84 37.5045 37.4642 410.336 315.57 94.7657 304.936 1.85112 70.3235 78.2695
internal_count=7149061 6001871 4805603 462296 1239 264 167 975 126 4343307 4164003 38697 1147190 1110978 928631 4125306 692028 447129 984 179304 244899 1196268 1171816 1169907 1031525 866959 907594 182347 20221 164566 235 846738 11712 24452 181097 171873 86658 164331 243762 29555 316 835026 665314 169712 21845 663363 652416 10947 381786 1951 10867 684 381748 72027 72008 309721 224009 85712 199281 1798 66768 446145
is_linear=0
shrinkage=0.1


end of trees

feature_importances:
token_jaccard_addr=596
score_gap_to_next_best=528
idf_weighted_token_overlap_addr=447
char_3gram_cosine=436
levenshtein_ratio=392
token_jaccard_full=363
rank_in_candidates=336
city_fuzzy_match=301
name_token_rarity=239
token_set_ratio=227
token_sort_ratio=216
token_jaccard_core=198
name_length_diff=168
num_candidates_for_this_s1=166
house_number_soft_match=135
is_cand_address_blank=128
initials_match=96
legal_suffix_agreement=74
distinctive_token_jaccard=34
shared_distinctive_token_count=4

parameters:
[boosting: gbdt]
[objective: binary]
[metric: auc]
[tree_learner: serial]
[device_type: cpu]
[data_sample_strategy: bagging]
[data: ]
[valid: ]
[num_iterations: 300]
[learning_rate: 0.1]
[num_leaves: 63]
[num_threads: 6]
[seed: 42]
[deterministic: 0]
[force_col_wise: 0]
[force_row_wise: 0]
[histogram_pool_size: -1]
[max_depth: -1]
[min_data_in_leaf: 50]
[min_sum_hessian_in_leaf: 0.001]
[bagging_fraction: 0.8]
[pos_bagging_fraction: 1]
[neg_bagging_fraction: 1]
[bagging_freq: 1]
[bagging_seed: 400]
[bagging_by_query: 0]
[feature_fraction: 0.8]
[feature_fraction_bynode: 1]
[feature_fraction_seed: 30056]
[extra_trees: 0]
[extra_seed: 12879]
[early_stopping_round: 0]
[early_stopping_min_delta: 0]
[first_metric_only: 0]
[max_delta_step: 0]
[lambda_l1: 0]
[lambda_l2: 0]
[linear_lambda: 0]
[min_gain_to_split: 0]
[drop_rate: 0.1]
[max_drop: 50]
[skip_drop: 0.5]
[xgboost_dart_mode: 0]
[uniform_drop: 0]
[drop_seed: 17869]
[top_rate: 0.2]
[other_rate: 0.1]
[min_data_per_group: 100]
[max_cat_threshold: 32]
[cat_l2: 10]
[cat_smooth: 10]
[max_cat_to_onehot: 4]
[top_k: 20]
[monotone_constraints: ]
[monotone_constraints_method: basic]
[monotone_penalty: 0]
[feature_contri: ]
[forcedsplits_filename: ]
[refit_decay_rate: 0.9]
[cegb_tradeoff: 1]
[cegb_penalty_split: 0]
[cegb_penalty_feature_lazy: ]
[cegb_penalty_feature_coupled: ]
[path_smooth: 0]
[interaction_constraints: ]
[verbosity: -1]
[saved_feature_importance_type: 0]
[use_quantized_grad: 0]
[num_grad_quant_bins: 4]
[quant_train_renew_leaf: 0]
[stochastic_rounding: 1]
[linear_tree: 0]
[max_bin: 255]
[max_bin_by_feature: ]
[min_data_in_bin: 3]
[bin_construct_sample_cnt: 200000]
[data_random_seed: 175]
[is_enable_sparse: 1]
[enable_bundle: 1]
[use_missing: 1]
[zero_as_missing: 0]
[feature_pre_filter: 1]
[pre_partition: 0]
[two_round: 0]
[header: 0]
[label_column: ]
[weight_column: ]
[group_column: ]
[ignore_column: ]
[categorical_feature: ]
[forcedbins_filename: ]
[precise_float_parser: 0]
[parser_config_file: ]
[objective_seed: 16083]
[num_class: 1]
[is_unbalance: 0]
[scale_pos_weight: 1]
[sigmoid: 1]
[boost_from_average: 1]
[reg_sqrt: 0]
[alpha: 0.9]
[fair_c: 1]
[poisson_max_delta_step: 0.7]
[tweedie_variance_power: 1.5]
[lambdarank_truncation_level: 30]
[lambdarank_norm: 1]
[label_gain: ]
[lambdarank_position_bias_regularization: 0]
[eval_at: ]
[multi_error_top_k: 1]
[auc_mu_weights: ]
[num_machines: 1]
[local_listen_port: 12400]
[time_out: 120]
[machine_list_filename: ]
[machines: ]
[gpu_platform_id: -1]
[gpu_device_id: -1]
[gpu_use_dp: 0]
[num_gpu: 1]

end of parameters

pandas_categorical:null
